"preset","siteId","kind","hostname","resolvedIpHash","ipVersion","matchedRule","matchedRuleSet","route","dns","protocol","generation","eventCount"
"russia","gosuslugi","dns","cbr.ru","","","dns[5]:route","zapret-ru-domains","DIRECT","DIRECT","DNS/AAAA","1785483079407003","2"
"russia","gosuslugi","dns","cbr.ru","","","dns[5]:route","zapret-ru-domains","DIRECT","DIRECT","DNS/HTTPS","1785483079407003","1"
"russia","gosuslugi","dns","cbr.ru","hmac-sha256:e2494572cce0735628ecc3886e8e812a","IPv4","dns[5]:route","zapret-ru-domains","DIRECT","DIRECT","DNS/A","1785483079407003","2"
"russia","gosuslugi","route","cbr.ru","hmac-sha256:e2494572cce0735628ecc3886e8e812a","IPv4","route[8]:route","zapret-ru-domains","DIRECT","DIRECT","TLS/TCP","1785483079407003","2"
"russia","gosuslugi","dns","mc.yandex.ru","","","dns[2]:predefined","ru-adlist-hardcoded,geosite-ads,geosite-malware,geosite-phishing,geosite-cryptominers","BLOCK","BLOCK","DNS/HTTPS","1785483079407003","16"
"russia","gosuslugi","dns","mc.yandex.ru","","","dns[2]:predefined","ru-adlist-hardcoded,geosite-ads,geosite-malware,geosite-phishing,geosite-cryptominers","BLOCK","BLOCK","DNS/AAAA","1785483079407003","32"
"russia","gosuslugi","dns","mc.yandex.ru","","","dns[2]:predefined","ru-adlist-hardcoded,geosite-ads,geosite-malware,geosite-phishing,geosite-cryptominers","BLOCK","BLOCK","DNS/A","1785483079407003","32"
"russia","gosuslugi","dns","www.gosuslugi.ru","","","dns[5]:route","zapret-ru-domains","DIRECT","DIRECT","DNS/AAAA","1785483079407003","2"
"russia","gosuslugi","dns","www.gosuslugi.ru","hmac-sha256:81dbe330416294fac29d14405f6f07b2","IPv4","dns[5]:route","zapret-ru-domains","DIRECT","DIRECT","DNS/A","1785483079407003","2"
"russia","gosuslugi","dns","www.gosuslugi.ru","","","dns[5]:route","zapret-ru-domains","DIRECT","DIRECT","DNS/HTTPS","1785483079407003","1"
"russia","gosuslugi","dns","www.gosuslugi.ru","hmac-sha256:dab02a5c99e7df07066b3c47b383790d","IPv4","dns[5]:route","zapret-ru-domains","DIRECT","DIRECT","DNS/A","1785483079407003","2"
"russia","gosuslugi","dns","www.gosuslugi.ru","hmac-sha256:7a0f3c5332bb6c34b64fe24912082d79","IPv4","dns[5]:route","zapret-ru-domains","DIRECT","DIRECT","DNS/A","1785483079407003","2"
"russia","gosuslugi","dns","www.gosuslugi.ru","hmac-sha256:bfb59498643182799bfdab7973368b04","IPv4","dns[5]:route","zapret-ru-domains","DIRECT","DIRECT","DNS/A","1785483079407003","2"
"russia","gosuslugi","dns","www.gosuslugi.ru","hmac-sha256:88a9a39839353967cd49d749aa42f61d","IPv4","dns[5]:route","zapret-ru-domains","DIRECT","DIRECT","DNS/A","1785483079407003","2"
"russia","gosuslugi","dns","www.gosuslugi.ru","hmac-sha256:fde388f8152ad5c6314f170ee7cf580d","IPv4","dns[5]:route","zapret-ru-domains","DIRECT","DIRECT","DNS/A","1785483079407003","2"
"russia","gosuslugi","dns","www.gosuslugi.ru","hmac-sha256:0da8ca947def2e5ab78cf0de5963470e","IPv4","dns[5]:route","zapret-ru-domains","DIRECT","DIRECT","DNS/A","1785483079407003","2"
"russia","gosuslugi","dns","www.gosuslugi.ru","hmac-sha256:adf4e3ef034208ecd4a74a8a7c355c2a","IPv4","dns[5]:route","zapret-ru-domains","DIRECT","DIRECT","DNS/A","1785483079407003","2"
"russia","gosuslugi","route","www.gosuslugi.ru","hmac-sha256:81dbe330416294fac29d14405f6f07b2","IPv4","route[8]:route","zapret-ru-domains","DIRECT","DIRECT","TLS/TCP","1785483079407003","2"
"russia","gosuslugi","dns","bot.gosuslugi.ru","","","dns[5]:route","zapret-ru-domains","DIRECT","DIRECT","DNS/AAAA","1785483079407003","1"
"russia","gosuslugi","dns","bot.gosuslugi.ru","","","dns[5]:route","zapret-ru-domains","DIRECT","DIRECT","DNS/HTTPS","1785483079407003","1"
"russia","gosuslugi","dns","bot.gosuslugi.ru","hmac-sha256:62e51f46daa9e0e7e8c280a42f99d3bc","IPv4","dns[5]:route","zapret-ru-domains","DIRECT","DIRECT","DNS/A","1785483079407003","1"
"russia","gosuslugi","dns","bot.gosuslugi.ru","hmac-sha256:ab560eed34c3601e40aac2b2279b58f4","IPv4","dns[5]:route","zapret-ru-domains","DIRECT","DIRECT","DNS/A","1785483079407003","1"
"russia","gosuslugi","route","bot.gosuslugi.ru","hmac-sha256:62e51f46daa9e0e7e8c280a42f99d3bc","IPv4","route[8]:route","zapret-ru-domains","DIRECT","DIRECT","TLS/TCP","1785483079407003","1"
"russia","esia","dns","esia.gosuslugi.ru","","","dns[5]:route","zapret-ru-domains","DIRECT","DIRECT","DNS/AAAA","1785483079407003","10"
"russia","esia","dns","esia.gosuslugi.ru","","","dns[5]:route","zapret-ru-domains","DIRECT","DIRECT","DNS/HTTPS","1785483079407003","1"
"russia","esia","dns","esia.gosuslugi.ru","hmac-sha256:20b1785170528338f068a74609d2a2ce","IPv4","dns[5]:route","zapret-ru-domains","DIRECT","DIRECT","DNS/A","1785483079407003","10"
"russia","esia","dns","esia.gosuslugi.ru","hmac-sha256:d4990a490769115fa7f0ace1fd240189","IPv4","dns[5]:route","zapret-ru-domains","DIRECT","DIRECT","DNS/A","1785483079407003","10"
"russia","esia","route","esia.gosuslugi.ru","hmac-sha256:20b1785170528338f068a74609d2a2ce","IPv4","route[8]:route","zapret-ru-domains","DIRECT","DIRECT","TLS/TCP","1785483079407003","10"
"russia","esia","dns","mc.yandex.ru","","","dns[2]:predefined","ru-adlist-hardcoded,geosite-ads,geosite-malware,geosite-phishing,geosite-cryptominers","BLOCK","BLOCK","DNS/AAAA","1785483079407003","8"
"russia","esia","dns","mc.yandex.ru","","","dns[2]:predefined","ru-adlist-hardcoded,geosite-ads,geosite-malware,geosite-phishing,geosite-cryptominers","BLOCK","BLOCK","DNS/A","1785483079407003","8"
"russia","esia","dns","mc.yandex.ru","","","dns[2]:predefined","ru-adlist-hardcoded,geosite-ads,geosite-malware,geosite-phishing,geosite-cryptominers","BLOCK","BLOCK","DNS/HTTPS","1785483079407003","4"
"russia","esia","dns","sfd.gosuslugi.ru","","","dns[5]:route","zapret-ru-domains","DIRECT","DIRECT","DNS/AAAA","1785483079407003","1"
"russia","esia","dns","sfd.gosuslugi.ru","hmac-sha256:286ea7bdf534aa0af59327a08c1fc3f5","IPv4","dns[5]:route","zapret-ru-domains","DIRECT","DIRECT","DNS/A","1785483079407003","1"
"russia","esia","dns","sfd.gosuslugi.ru","","","dns[5]:route","zapret-ru-domains","DIRECT","DIRECT","DNS/HTTPS","1785483079407003","1"
"russia","esia","route","sfd.gosuslugi.ru","hmac-sha256:286ea7bdf534aa0af59327a08c1fc3f5","IPv4","route[8]:route","zapret-ru-domains","DIRECT","DIRECT","TLS/TCP","1785483079407003","1"
"russia","esia","route","www.gosuslugi.ru","hmac-sha256:81dbe330416294fac29d14405f6f07b2","IPv4","route[8]:route","zapret-ru-domains","DIRECT","DIRECT","TLS/TCP","1785483079407003","1"
"russia","goskey","dns","goskey.ru","","","dns[5]:route","zapret-ru-domains","DIRECT","DIRECT","DNS/AAAA","1785483079407003","2"
"russia","goskey","dns","goskey.ru","hmac-sha256:63949691769ee15e734484359b2e5571","IPv4","dns[5]:route","zapret-ru-domains","DIRECT","DIRECT","DNS/A","1785483079407003","2"
"russia","goskey","dns","goskey.ru","","","dns[5]:route","zapret-ru-domains","DIRECT","DIRECT","DNS/HTTPS","1785483079407003","1"
"russia","goskey","route","goskey.ru","hmac-sha256:63949691769ee15e734484359b2e5571","IPv4","route[8]:route","zapret-ru-domains","DIRECT","DIRECT","TLS/TCP","1785483079407003","2"
"russia","goskey","dns","mc.yandex.ru","","","dns[2]:predefined","ru-adlist-hardcoded,geosite-ads,geosite-malware,geosite-phishing,geosite-cryptominers","BLOCK","BLOCK","DNS/HTTPS","1785483079407003","12"
"russia","goskey","dns","mc.yandex.ru","","","dns[2]:predefined","ru-adlist-hardcoded,geosite-ads,geosite-malware,geosite-phishing,geosite-cryptominers","BLOCK","BLOCK","DNS/A","1785483079407003","24"
"russia","goskey","dns","mc.yandex.ru","","","dns[2]:predefined","ru-adlist-hardcoded,geosite-ads,geosite-malware,geosite-phishing,geosite-cryptominers","BLOCK","BLOCK","DNS/AAAA","1785483079407003","24"
"russia","nalog","dns","www.nalog.gov.ru","","","dns[5]:route","zapret-ru-domains","DIRECT","DIRECT","DNS/AAAA","1785483079407003","2"
"russia","nalog","dns","www.nalog.gov.ru","","","dns[5]:route","zapret-ru-domains","DIRECT","DIRECT","DNS/HTTPS","1785483079407003","1"
"russia","nalog","dns","www.nalog.gov.ru","hmac-sha256:32e3bcfc4f578faf3868a23da718eda9","IPv4","dns[5]:route","zapret-ru-domains","DIRECT","DIRECT","DNS/A","1785483079407003","2"
"russia","nalog","route","www.nalog.gov.ru","hmac-sha256:32e3bcfc4f578faf3868a23da718eda9","IPv4","route[8]:route","zapret-ru-domains","DIRECT","DIRECT","TLS/TCP","1785483079407003","2"
"russia","nalog","dns","data.nalog.ru","","","dns[5]:route","zapret-ru-domains","DIRECT","DIRECT","DNS/AAAA","1785483079407003","1"
"russia","nalog","dns","data.nalog.ru","","","dns[5]:route","zapret-ru-domains","DIRECT","DIRECT","DNS/HTTPS","1785483079407003","1"
"russia","nalog","dns","data.nalog.ru","hmac-sha256:32e3bcfc4f578faf3868a23da718eda9","IPv4","dns[5]:route","zapret-ru-domains","DIRECT","DIRECT","DNS/A","1785483079407003","1"
"russia","nalog","route","data.nalog.ru","hmac-sha256:32e3bcfc4f578faf3868a23da718eda9","IPv4","route[8]:route","zapret-ru-domains","DIRECT","DIRECT","TLS/TCP","1785483079407003","6"
"russia","nalog","dns","pos.gosuslugi.ru","","","dns[5]:route","zapret-ru-domains","DIRECT","DIRECT","DNS/AAAA","1785483079407003","1"
"russia","nalog","dns","pos.gosuslugi.ru","hmac-sha256:fbe00539d2f92adfee9b3eb52921608d","IPv4","dns[5]:route","zapret-ru-domains","DIRECT","DIRECT","DNS/A","1785483079407003","1"
"russia","nalog","dns","pos.gosuslugi.ru","","","dns[5]:route","zapret-ru-domains","DIRECT","DIRECT","DNS/HTTPS","1785483079407003","1"
"russia","nalog","route","pos.gosuslugi.ru","hmac-sha256:fbe00539d2f92adfee9b3eb52921608d","IPv4","route[8]:route","zapret-ru-domains","DIRECT","DIRECT","TLS/TCP","1785483079407003","4"
"russia","nalog","dns","mc.yandex.ru","","","dns[2]:predefined","ru-adlist-hardcoded,geosite-ads,geosite-malware,geosite-phishing,geosite-cryptominers","BLOCK","BLOCK","DNS/HTTPS","1785483079407003","4"
"russia","nalog","dns","mc.yandex.ru","","","dns[2]:predefined","ru-adlist-hardcoded,geosite-ads,geosite-malware,geosite-phishing,geosite-cryptominers","BLOCK","BLOCK","DNS/A","1785483079407003","8"
"russia","nalog","dns","mc.yandex.ru","","","dns[2]:predefined","ru-adlist-hardcoded,geosite-ads,geosite-malware,geosite-phishing,geosite-cryptominers","BLOCK","BLOCK","DNS/AAAA","1785483079407003","8"
"russia","nalog","dns","chat-bot.nalog.ru","","","dns[5]:route","zapret-ru-domains","DIRECT","DIRECT","DNS/AAAA","1785483079407003","1"
"russia","nalog","dns","chat-bot.nalog.ru","","","dns[5]:route","zapret-ru-domains","DIRECT","DIRECT","DNS/HTTPS","1785483079407003","1"
"russia","nalog","dns","chat-bot.nalog.ru","hmac-sha256:5c046a9b953d5a862bb66e0737104bb1","IPv4","dns[5]:route","zapret-ru-domains","DIRECT","DIRECT","DNS/A","1785483079407003","1"
"russia","nalog","route","chat-bot.nalog.ru","hmac-sha256:5c046a9b953d5a862bb66e0737104bb1","IPv4","route[8]:route","zapret-ru-domains","DIRECT","DIRECT","TLS/TCP","1785483079407003","4"
"russia","mos","dns","www.mos.ru","","","dns[5]:route","zapret-ru-domains","DIRECT","DIRECT","DNS/AAAA","1785483079407003","5"
"russia","mos","dns","static3.mos.ru","","","dns[5]:route","zapret-ru-domains","DIRECT","DIRECT","DNS/AAAA","1785483079407003","1"
"russia","mos","dns","static3.mos.ru","","","dns[5]:route","zapret-ru-domains","DIRECT","DIRECT","DNS/HTTPS","1785483079407003","1"
"russia","mos","dns","www.mos.ru","","","dns[5]:route","zapret-ru-domains","DIRECT","DIRECT","DNS/HTTPS","1785483079407003","1"
"russia","mos","dns","www.mos.ru","hmac-sha256:081ac1b0207103185b09b9a4fc5c989f","IPv4","dns[5]:route","zapret-ru-domains","DIRECT","DIRECT","DNS/A","1785483079407003","5"
"russia","mos","dns","static3.mos.ru","hmac-sha256:ea286b6f81b65118f1e82314172e991b","IPv4","dns[5]:route","zapret-ru-domains","DIRECT","DIRECT","DNS/A","1785483079407003","1"
"russia","mos","dns","static3.mos.ru","hmac-sha256:081ac1b0207103185b09b9a4fc5c989f","IPv4","dns[5]:route","zapret-ru-domains","DIRECT","DIRECT","DNS/A","1785483079407003","1"
"russia","mos","dns","static3.mos.ru","hmac-sha256:0d2f8842384c3c880d5449b4e6538e72","IPv4","dns[5]:route","zapret-ru-domains","DIRECT","DIRECT","DNS/A","1785483079407003","1"
"russia","mos","dns","static3.mos.ru","hmac-sha256:2ffca7d4cf8cefbd2a1b077222325ef5","IPv4","dns[5]:route","zapret-ru-domains","DIRECT","DIRECT","DNS/A","1785483079407003","1"
"russia","mos","dns","static3.mos.ru","hmac-sha256:2a516ae9432d4571c96b437b84efbc17","IPv4","dns[5]:route","zapret-ru-domains","DIRECT","DIRECT","DNS/A","1785483079407003","1"
"russia","mos","dns","static3.mos.ru","hmac-sha256:9c7f8b9df7f9847e3e96615b2b00bdb6","IPv4","dns[5]:route","zapret-ru-domains","DIRECT","DIRECT","DNS/A","1785483079407003","1"
"russia","mos","route","www.mos.ru","hmac-sha256:081ac1b0207103185b09b9a4fc5c989f","IPv4","route[8]:route","zapret-ru-domains","DIRECT","DIRECT","TLS/TCP","1785483079407003","2"
"russia","mos","route","static3.mos.ru","hmac-sha256:ea286b6f81b65118f1e82314172e991b","IPv4","route[8]:route","zapret-ru-domains","DIRECT","DIRECT","TLS/TCP","1785483079407003","2"
"russia","mos","dns","sentry.mos.ru","","","dns[5]:route","zapret-ru-domains","DIRECT","DIRECT","DNS/AAAA","1785483079407003","1"
"russia","mos","dns","sentry.mos.ru","hmac-sha256:5336bb1face3d9bf74a8345b2dd62c69","IPv4","dns[5]:route","zapret-ru-domains","DIRECT","DIRECT","DNS/A","1785483079407003","1"
"russia","mos","dns","sentry.mos.ru","hmac-sha256:696debb206114e290a0ac84075d68440","IPv4","dns[5]:route","zapret-ru-domains","DIRECT","DIRECT","DNS/A","1785483079407003","1"
"russia","mos","dns","sentry.mos.ru","hmac-sha256:603e6e606935fc8995249807c5ee33c8","IPv4","dns[5]:route","zapret-ru-domains","DIRECT","DIRECT","DNS/A","1785483079407003","1"
"russia","mos","dns","sentry.mos.ru","","","dns[5]:route","zapret-ru-domains","DIRECT","DIRECT","DNS/HTTPS","1785483079407003","1"
"russia","mos","route","sentry.mos.ru","hmac-sha256:5336bb1face3d9bf74a8345b2dd62c69","IPv4","route[8]:route","zapret-ru-domains","DIRECT","DIRECT","TLS/TCP","1785483079407003","2"
"russia","mos","dns","stats.mos.ru","","","dns[2]:predefined","ru-adlist-hardcoded,geosite-ads,geosite-malware,geosite-phishing,geosite-cryptominers","BLOCK","BLOCK","DNS/AAAA","1785483079407003","40"
"russia","mos","dns","stats.mos.ru","","","dns[2]:predefined","ru-adlist-hardcoded,geosite-ads,geosite-malware,geosite-phishing,geosite-cryptominers","BLOCK","BLOCK","DNS/HTTPS","1785483079407003","20"
"russia","mos","dns","stats.mos.ru","","","dns[2]:predefined","ru-adlist-hardcoded,geosite-ads,geosite-malware,geosite-phishing,geosite-cryptominers","BLOCK","BLOCK","DNS/A","1785483079407003","40"
"russia","mos","dns","mc.yandex.ru","","","dns[2]:predefined","ru-adlist-hardcoded,geosite-ads,geosite-malware,geosite-phishing,geosite-cryptominers","BLOCK","BLOCK","DNS/A","1785483079407003","8"
"russia","mos","dns","mc.yandex.ru","","","dns[2]:predefined","ru-adlist-hardcoded,geosite-ads,geosite-malware,geosite-phishing,geosite-cryptominers","BLOCK","BLOCK","DNS/HTTPS","1785483079407003","4"
"russia","mos","dns","mc.yandex.ru","","","dns[2]:predefined","ru-adlist-hardcoded,geosite-ads,geosite-malware,geosite-phishing,geosite-cryptominers","BLOCK","BLOCK","DNS/AAAA","1785483079407003","8"
"russia","mos","dns","top-fwz1.mail.ru","","","dns[2]:predefined","ru-adlist-hardcoded,geosite-ads,geosite-malware,geosite-phishing,geosite-cryptominers","BLOCK","BLOCK","DNS/HTTPS","1785483079407003","4"
"russia","mos","dns","top-fwz1.mail.ru","","","dns[2]:predefined","ru-adlist-hardcoded,geosite-ads,geosite-malware,geosite-phishing,geosite-cryptominers","BLOCK","BLOCK","DNS/A","1785483079407003","8"
"russia","mos","dns","top-fwz1.mail.ru","","","dns[2]:predefined","ru-adlist-hardcoded,geosite-ads,geosite-malware,geosite-phishing,geosite-cryptominers","BLOCK","BLOCK","DNS/AAAA","1785483079407003","8"
"russia","mos","dns","login.mos.ru","","","dns[5]:route","zapret-ru-domains","DIRECT","DIRECT","DNS/AAAA","1785483079407003","2"
"russia","mos","dns","login.mos.ru","","","dns[5]:route","zapret-ru-domains","DIRECT","DIRECT","DNS/HTTPS","1785483079407003","1"
"russia","mos","dns","login.mos.ru","hmac-sha256:9c7f8b9df7f9847e3e96615b2b00bdb6","IPv4","dns[5]:route","zapret-ru-domains","DIRECT","DIRECT","DNS/A","1785483079407003","2"
"russia","mos","route","login.mos.ru","hmac-sha256:9c7f8b9df7f9847e3e96615b2b00bdb6","IPv4","route[8]:route","zapret-ru-domains","DIRECT","DIRECT","TLS/TCP","1785483079407003","1"
"russia","mos","dns","report.appmetrica.yandex.net","","","dns[2]:predefined","ru-adlist-hardcoded,geosite-ads,geosite-malware,geosite-phishing,geosite-cryptominers","BLOCK","BLOCK","DNS/AAAA","1785483079407003","2"
"russia","mos","dns","report.appmetrica.yandex.net","","","dns[2]:predefined","ru-adlist-hardcoded,geosite-ads,geosite-malware,geosite-phishing,geosite-cryptominers","BLOCK","BLOCK","DNS/A","1785483079407003","2"
"russia","cbr","dns","cbr.ru","","","dns[5]:route","zapret-ru-domains","DIRECT","DIRECT","DNS/AAAA","1785491550343729","2"
"russia","cbr","dns","cbr.ru","","","dns[5]:route","zapret-ru-domains","DIRECT","DIRECT","DNS/HTTPS","1785491550343729","1"
"russia","cbr","dns","cbr.ru","hmac-sha256:9502ffc794b9e36263fb2a9be455f558","IPv4","dns[5]:route","zapret-ru-domains","DIRECT","DIRECT","DNS/A","1785491550343729","2"
"russia","cbr","route","cbr.ru","hmac-sha256:9502ffc794b9e36263fb2a9be455f558","IPv4","route[8]:route","zapret-ru-domains","DIRECT","DIRECT","TLS/TCP","1785491550343729","1"
"russia","cbr","dns","mc.yandex.ru","","","dns[2]:predefined","ru-adlist-hardcoded,geosite-ads,geosite-malware,geosite-phishing,geosite-cryptominers","BLOCK","BLOCK","DNS/AAAA","1785491550343729","8"
"russia","cbr","dns","mc.yandex.ru","","","dns[2]:predefined","ru-adlist-hardcoded,geosite-ads,geosite-malware,geosite-phishing,geosite-cryptominers","BLOCK","BLOCK","DNS/HTTPS","1785491550343729","4"
"russia","cbr","dns","mc.yandex.ru","","","dns[2]:predefined","ru-adlist-hardcoded,geosite-ads,geosite-malware,geosite-phishing,geosite-cryptominers","BLOCK","BLOCK","DNS/A","1785491550343729","8"
"russia","sbp","dns","sbp.nspk.ru","","","dns[5]:route","zapret-ru-domains","DIRECT","DIRECT","DNS/AAAA","1785483079407003","2"
"russia","sbp","dns","sbp.nspk.ru","hmac-sha256:5ef3a3c87173c45a5819caf1ab29a2ab","IPv4","dns[5]:route","zapret-ru-domains","DIRECT","DIRECT","DNS/A","1785483079407003","2"
"russia","sbp","dns","sbp.nspk.ru","","","dns[5]:route","zapret-ru-domains","DIRECT","DIRECT","DNS/HTTPS","1785483079407003","1"
"russia","sbp","route","sbp.nspk.ru","hmac-sha256:5ef3a3c87173c45a5819caf1ab29a2ab","IPv4","route[8]:route","zapret-ru-domains","DIRECT","DIRECT","TLS/TCP","1785483079407003","2"
"russia","sbp","dns","mc.yandex.ru","","","dns[2]:predefined","ru-adlist-hardcoded,geosite-ads,geosite-malware,geosite-phishing,geosite-cryptominers","BLOCK","BLOCK","DNS/AAAA","1785483079407003","8"
"russia","sbp","dns","mc.yandex.ru","","","dns[2]:predefined","ru-adlist-hardcoded,geosite-ads,geosite-malware,geosite-phishing,geosite-cryptominers","BLOCK","BLOCK","DNS/A","1785483079407003","8"
"russia","sbp","dns","mc.yandex.ru","","","dns[2]:predefined","ru-adlist-hardcoded,geosite-ads,geosite-malware,geosite-phishing,geosite-cryptominers","BLOCK","BLOCK","DNS/HTTPS","1785483079407003","4"
"russia","sber","dns","www.sberbank.ru","","","dns[5]:route","zapret-ru-domains","DIRECT","DIRECT","DNS/AAAA","1785483079407003","5"
"russia","sber","dns","www.sberbank.ru","","","dns[5]:route","zapret-ru-domains","DIRECT","DIRECT","DNS/HTTPS","1785483079407003","1"
"russia","sber","dns","www.sberbank.ru","hmac-sha256:369887e13bcfbda463ccd8faaa313750","IPv4","dns[5]:route","zapret-ru-domains","DIRECT","DIRECT","DNS/A","1785483079407003","5"
"russia","sber","route","www.sberbank.ru","hmac-sha256:369887e13bcfbda463ccd8faaa313750","IPv4","route[8]:route","zapret-ru-domains","DIRECT","DIRECT","TLS/TCP","1785483079407003","3"
"russia","sber","dns","mc.yandex.ru","","","dns[2]:predefined","ru-adlist-hardcoded,geosite-ads,geosite-malware,geosite-phishing,geosite-cryptominers","BLOCK","BLOCK","DNS/HTTPS","1785483079407003","2"
"russia","sber","dns","mc.yandex.ru","","","dns[2]:predefined","ru-adlist-hardcoded,geosite-ads,geosite-malware,geosite-phishing,geosite-cryptominers","BLOCK","BLOCK","DNS/AAAA","1785483079407003","4"
"russia","sber","dns","mc.yandex.ru","","","dns[2]:predefined","ru-adlist-hardcoded,geosite-ads,geosite-malware,geosite-phishing,geosite-cryptominers","BLOCK","BLOCK","DNS/A","1785483079407003","4"
"russia","sber","dns","id.sber.ru","","","dns[5]:route","zapret-ru-domains","DIRECT","DIRECT","DNS/AAAA","1785483079407003","3"
"russia","sber","dns","id.sber.ru","","","dns[5]:route","zapret-ru-domains","DIRECT","DIRECT","DNS/HTTPS","1785483079407003","2"
"russia","sber","dns","id.sber.ru","hmac-sha256:7ad1edb486688f957399a7e3d01c6218","IPv4","dns[5]:route","zapret-ru-domains","DIRECT","DIRECT","DNS/A","1785483079407003","3"
"russia","sber","route","id.sber.ru","hmac-sha256:7ad1edb486688f957399a7e3d01c6218","IPv4","route[8]:route","zapret-ru-domains","DIRECT","DIRECT","TLS/TCP","1785483079407003","4"
"russia","sber","dns","visor.sberbank.ru","","","dns[2]:predefined","ru-adlist-hardcoded,geosite-ads,geosite-malware,geosite-phishing,geosite-cryptominers","BLOCK","BLOCK","DNS/HTTPS","1785483079407003","4"
"russia","sber","dns","visor.sberbank.ru","","","dns[2]:predefined","ru-adlist-hardcoded,geosite-ads,geosite-malware,geosite-phishing,geosite-cryptominers","BLOCK","BLOCK","DNS/AAAA","1785483079407003","8"
"russia","sber","dns","visor.sberbank.ru","","","dns[2]:predefined","ru-adlist-hardcoded,geosite-ads,geosite-malware,geosite-phishing,geosite-cryptominers","BLOCK","BLOCK","DNS/A","1785483079407003","8"
"russia","sber","dns","ext.clickstream.sberbank.ru","","","dns[2]:predefined","ru-adlist-hardcoded,geosite-ads,geosite-malware,geosite-phishing,geosite-cryptominers","BLOCK","BLOCK","DNS/HTTPS","1785483079407003","12"
"russia","sber","dns","ext.clickstream.sberbank.ru","","","dns[2]:predefined","ru-adlist-hardcoded,geosite-ads,geosite-malware,geosite-phishing,geosite-cryptominers","BLOCK","BLOCK","DNS/A","1785483079407003","24"
"russia","sber","dns","ext.clickstream.sberbank.ru","","","dns[2]:predefined","ru-adlist-hardcoded,geosite-ads,geosite-malware,geosite-phishing,geosite-cryptominers","BLOCK","BLOCK","DNS/AAAA","1785483079407003","24"
"russia","sber","dns","cms-res-web.online.sberbank.ru","","","dns[5]:route","zapret-ru-domains","DIRECT","DIRECT","DNS/AAAA","1785483079407003","1"
"russia","sber","dns","cms-res-web.online.sberbank.ru","","","dns[5]:route","zapret-ru-domains","DIRECT","DIRECT","DNS/HTTPS","1785483079407003","1"
"russia","sber","dns","cms-res-web.online.sberbank.ru","hmac-sha256:baffafdfcda780f14cb58f027be402a1","IPv4","dns[5]:route","zapret-ru-domains","DIRECT","DIRECT","DNS/A","1785483079407003","1"
"russia","sber","route","cms-res-web.online.sberbank.ru","hmac-sha256:baffafdfcda780f14cb58f027be402a1","IPv4","route[8]:route","zapret-ru-domains","DIRECT","DIRECT","TLS/TCP","1785483079407003","1"
"russia","tbank","dns","www.tbank.ru","","","dns[5]:route","zapret-ru-domains","DIRECT","DIRECT","DNS/AAAA","1785483079407003","7"
"russia","tbank","dns","www.tbank.ru","","","dns[5]:route","zapret-ru-domains","DIRECT","DIRECT","DNS/HTTPS","1785483079407003","1"
"russia","tbank","dns","www.tbank.ru","hmac-sha256:90a7ef3579584000d8caebda365c15d0","IPv4","dns[5]:route","zapret-ru-domains","DIRECT","DIRECT","DNS/A","1785483079407003","7"
"russia","tbank","route","www.tbank.ru","hmac-sha256:90a7ef3579584000d8caebda365c15d0","IPv4","route[8]:route","zapret-ru-domains","DIRECT","DIRECT","TLS/TCP","1785483079407003","2"
"russia","tbank","dns","cdn.tbank.ru","","","dns[5]:route","zapret-ru-domains","DIRECT","DIRECT","DNS/AAAA","1785483079407003","3"
"russia","tbank","dns","cdn.tbank.ru","hmac-sha256:0d4f58e43773ad028d4207453b4b8aa2","IPv4","dns[5]:route","zapret-ru-domains","DIRECT","DIRECT","DNS/A","1785483079407003","3"
"russia","tbank","dns","cdn.tbank.ru","","","dns[5]:route","zapret-ru-domains","DIRECT","DIRECT","DNS/HTTPS","1785483079407003","1"
"russia","tbank","route","cdn.tbank.ru","hmac-sha256:0d4f58e43773ad028d4207453b4b8aa2","IPv4","route[8]:route","zapret-ru-domains","DIRECT","DIRECT","TLS/TCP","1785483079407003","7"
"russia","tbank","dns","mddc.tbank.ru","","","dns[5]:route","zapret-ru-domains","DIRECT","DIRECT","DNS/AAAA","1785483079407003","1"
"russia","tbank","dns","le.tbank.ru","","","dns[5]:route","zapret-ru-domains","DIRECT","DIRECT","DNS/AAAA","1785483079407003","1"
"russia","tbank","dns","hrc.tbank.ru","","","dns[5]:route","zapret-ru-domains","DIRECT","DIRECT","DNS/AAAA","1785483079407003","1"
"russia","tbank","dns","freessl.tbank.ru","","","dns[5]:route","zapret-ru-domains","DIRECT","DIRECT","DNS/AAAA","1785483079407003","1"
"russia","tbank","dns","api.tbank.ru","","","dns[5]:route","zapret-ru-domains","DIRECT","DIRECT","DNS/AAAA","1785483079407003","1"
"russia","tbank","dns","mddc.tbank.ru","","","dns[5]:route","zapret-ru-domains","DIRECT","DIRECT","DNS/HTTPS","1785483079407003","1"
"russia","tbank","dns","mddc.tbank.ru","hmac-sha256:06470e7101f03fa1acfe5bc312d0e048","IPv4","dns[5]:route","zapret-ru-domains","DIRECT","DIRECT","DNS/A","1785483079407003","1"
"russia","tbank","dns","le.tbank.ru","","","dns[5]:route","zapret-ru-domains","DIRECT","DIRECT","DNS/HTTPS","1785483079407003","1"
"russia","tbank","dns","le.tbank.ru","hmac-sha256:06470e7101f03fa1acfe5bc312d0e048","IPv4","dns[5]:route","zapret-ru-domains","DIRECT","DIRECT","DNS/A","1785483079407003","1"
"russia","tbank","route","mddc.tbank.ru","hmac-sha256:06470e7101f03fa1acfe5bc312d0e048","IPv4","route[8]:route","zapret-ru-domains","DIRECT","DIRECT","TLS/TCP","1785483079407003","1"
"russia","tbank","dns","hrc.tbank.ru","","","dns[5]:route","zapret-ru-domains","DIRECT","DIRECT","DNS/HTTPS","1785483079407003","1"
"russia","tbank","dns","freessl.tbank.ru","hmac-sha256:90a7ef3579584000d8caebda365c15d0","IPv4","dns[5]:route","zapret-ru-domains","DIRECT","DIRECT","DNS/A","1785483079407003","1"
"russia","tbank","dns","hrc.tbank.ru","hmac-sha256:06470e7101f03fa1acfe5bc312d0e048","IPv4","dns[5]:route","zapret-ru-domains","DIRECT","DIRECT","DNS/A","1785483079407003","1"
"russia","tbank","dns","freessl.tbank.ru","","","dns[5]:route","zapret-ru-domains","DIRECT","DIRECT","DNS/HTTPS","1785483079407003","1"
"russia","tbank","route","le.tbank.ru","hmac-sha256:06470e7101f03fa1acfe5bc312d0e048","IPv4","route[8]:route","zapret-ru-domains","DIRECT","DIRECT","TLS/TCP","1785483079407003","1"
"russia","tbank","dns","api.tbank.ru","","","dns[5]:route","zapret-ru-domains","DIRECT","DIRECT","DNS/HTTPS","1785483079407003","1"
"russia","tbank","dns","api.tbank.ru","hmac-sha256:eb7d61d5b13700ffad6900b7fbe7f4ce","IPv4","dns[5]:route","zapret-ru-domains","DIRECT","DIRECT","DNS/A","1785483079407003","1"
"russia","tbank","route","hrc.tbank.ru","hmac-sha256:06470e7101f03fa1acfe5bc312d0e048","IPv4","route[8]:route","zapret-ru-domains","DIRECT","DIRECT","TLS/TCP","1785483079407003","1"
"russia","tbank","route","freessl.tbank.ru","hmac-sha256:90a7ef3579584000d8caebda365c15d0","IPv4","route[8]:route","zapret-ru-domains","DIRECT","DIRECT","TLS/TCP","1785483079407003","1"
"russia","tbank","route","api.tbank.ru","hmac-sha256:eb7d61d5b13700ffad6900b7fbe7f4ce","IPv4","route[8]:route","zapret-ru-domains","DIRECT","DIRECT","TLS/TCP","1785483079407003","1"
"russia","tbank","dns","mddc.tinkoff.ru","","","dns[5]:route","zapret-ru-domains","DIRECT","DIRECT","DNS/AAAA","1785483079407003","1"
"russia","tbank","dns","id.tbank.ru","","","dns[5]:route","zapret-ru-domains","DIRECT","DIRECT","DNS/AAAA","1785483079407003","2"
"russia","tbank","dns","mddc.tinkoff.ru","hmac-sha256:06470e7101f03fa1acfe5bc312d0e048","IPv4","dns[5]:route","zapret-ru-domains","DIRECT","DIRECT","DNS/A","1785483079407003","1"
"russia","tbank","dns","mddc.tinkoff.ru","","","dns[5]:route","zapret-ru-domains","DIRECT","DIRECT","DNS/HTTPS","1785483079407003","1"
"russia","tbank","dns","id.tbank.ru","hmac-sha256:8095aa393c609962e74b1c2a0df6754c","IPv4","dns[5]:route","zapret-ru-domains","DIRECT","DIRECT","DNS/A","1785483079407003","2"
"russia","tbank","dns","id.tbank.ru","","","dns[5]:route","zapret-ru-domains","DIRECT","DIRECT","DNS/HTTPS","1785483079407003","1"
"russia","tbank","route","mddc.tinkoff.ru","hmac-sha256:06470e7101f03fa1acfe5bc312d0e048","IPv4","route[8]:route","zapret-ru-domains","DIRECT","DIRECT","TLS/TCP","1785483079407003","1"
"russia","tbank","route","id.tbank.ru","hmac-sha256:8095aa393c609962e74b1c2a0df6754c","IPv4","route[8]:route","zapret-ru-domains","DIRECT","DIRECT","TLS/TCP","1785483079407003","1"
"russia","tbank","dns","mf-platform-production.t-static.ru","","","dns[5]:route","zapret-ru-domains","DIRECT","DIRECT","DNS/AAAA","1785483079407003","1"
"russia","tbank","dns","mf-platform-production.t-static.ru","","","dns[5]:route","zapret-ru-domains","DIRECT","DIRECT","DNS/HTTPS","1785483079407003","1"
"russia","tbank","dns","mf-platform-production.t-static.ru","hmac-sha256:0d4f58e43773ad028d4207453b4b8aa2","IPv4","dns[5]:route","zapret-ru-domains","DIRECT","DIRECT","DNS/A","1785483079407003","1"
"russia","tbank","dns","cobrowsing.tbank.ru","","","dns[5]:route","zapret-ru-domains","DIRECT","DIRECT","DNS/AAAA","1785483079407003","1"
"russia","tbank","route","mf-platform-production.t-static.ru","hmac-sha256:0d4f58e43773ad028d4207453b4b8aa2","IPv4","route[8]:route","zapret-ru-domains","DIRECT","DIRECT","TLS/TCP","1785483079407003","1"
"russia","tbank","dns","cobrowsing.tbank.ru","","","dns[5]:route","zapret-ru-domains","DIRECT","DIRECT","DNS/HTTPS","1785483079407003","1"
"russia","tbank","dns","cobrowsing.tbank.ru","hmac-sha256:9d11d9dc83169e7134e61c21f60733a7","IPv4","dns[5]:route","zapret-ru-domains","DIRECT","DIRECT","DNS/A","1785483079407003","1"
"russia","tbank","route","cobrowsing.tbank.ru","hmac-sha256:9d11d9dc83169e7134e61c21f60733a7","IPv4","route[8]:route","zapret-ru-domains","DIRECT","DIRECT","TLS/TCP","1785483079407003","1"
"russia","tbank","dns","confucius-public-configs.t-static.ru","","","dns[5]:route","zapret-ru-domains","DIRECT","DIRECT","DNS/AAAA","1785483079407003","1"
"russia","tbank","dns","confucius-public-configs.t-static.ru","","","dns[5]:route","zapret-ru-domains","DIRECT","DIRECT","DNS/HTTPS","1785483079407003","1"
"russia","tbank","dns","confucius-public-configs.t-static.ru","hmac-sha256:0d4f58e43773ad028d4207453b4b8aa2","IPv4","dns[5]:route","zapret-ru-domains","DIRECT","DIRECT","DNS/A","1785483079407003","1"
"russia","tbank","dns","cobrowsing-cdn.tbank.ru","","","dns[5]:route","zapret-ru-domains","DIRECT","DIRECT","DNS/AAAA","1785483079407003","3"
"russia","tbank","dns","mc.yandex.ru","","","dns[2]:predefined","ru-adlist-hardcoded,geosite-ads,geosite-malware,geosite-phishing,geosite-cryptominers","BLOCK","BLOCK","DNS/A","1785483079407003","8"
"russia","tbank","dns","mc.yandex.ru","","","dns[2]:predefined","ru-adlist-hardcoded,geosite-ads,geosite-malware,geosite-phishing,geosite-cryptominers","BLOCK","BLOCK","DNS/AAAA","1785483079407003","8"
"russia","tbank","dns","mc.yandex.ru","","","dns[2]:predefined","ru-adlist-hardcoded,geosite-ads,geosite-malware,geosite-phishing,geosite-cryptominers","BLOCK","BLOCK","DNS/HTTPS","1785483079407003","4"
"russia","tbank","dns","fingerprint.t-static.ru","","","dns[5]:route","zapret-ru-domains","DIRECT","DIRECT","DNS/AAAA","1785483079407003","3"
"russia","tbank","dns","sso-forms-prod.t-static.ru","","","dns[5]:route","zapret-ru-domains","DIRECT","DIRECT","DNS/AAAA","1785483079407003","3"
"russia","tbank","dns","top-fwz1.mail.ru","","","dns[2]:predefined","ru-adlist-hardcoded,geosite-ads,geosite-malware,geosite-phishing,geosite-cryptominers","BLOCK","BLOCK","DNS/AAAA","1785483079407003","16"
"russia","tbank","dns","top-fwz1.mail.ru","","","dns[2]:predefined","ru-adlist-hardcoded,geosite-ads,geosite-malware,geosite-phishing,geosite-cryptominers","BLOCK","BLOCK","DNS/HTTPS","1785483079407003","8"
"russia","tbank","dns","top-fwz1.mail.ru","","","dns[2]:predefined","ru-adlist-hardcoded,geosite-ads,geosite-malware,geosite-phishing,geosite-cryptominers","BLOCK","BLOCK","DNS/A","1785483079407003","15"
"russia","tbank","dns","api-statist.tinkoff.ru","","","dns[2]:predefined","ru-adlist-hardcoded,geosite-ads,geosite-malware,geosite-phishing,geosite-cryptominers","BLOCK","BLOCK","DNS/HTTPS","1785483079407003","8"
"russia","tbank","dns","api-statist.tinkoff.ru","","","dns[2]:predefined","ru-adlist-hardcoded,geosite-ads,geosite-malware,geosite-phishing,geosite-cryptominers","BLOCK","BLOCK","DNS/A","1785483079407003","16"
"russia","tbank","dns","api-statist.tinkoff.ru","","","dns[2]:predefined","ru-adlist-hardcoded,geosite-ads,geosite-malware,geosite-phishing,geosite-cryptominers","BLOCK","BLOCK","DNS/AAAA","1785483079407003","16"
"russia","alfa","dns","alfabank.ru","","","dns[5]:route","zapret-ru-domains","DIRECT","DIRECT","DNS/AAAA","1785483079407003","2"
"russia","alfa","dns","alfabank.ru","hmac-sha256:2145c57cb2a49ed85ef30bf0bd028468","IPv4","dns[5]:route","zapret-ru-domains","DIRECT","DIRECT","DNS/A","1785483079407003","2"
"russia","alfa","dns","alfabank.ru","","","dns[5]:route","zapret-ru-domains","DIRECT","DIRECT","DNS/HTTPS","1785483079407003","1"
"russia","alfa","route","alfabank.ru","hmac-sha256:2145c57cb2a49ed85ef30bf0bd028468","IPv4","route[8]:route","zapret-ru-domains","DIRECT","DIRECT","TLS/TCP","1785483079407003","2"
"russia","alfa","dns","cobrowsing-cdn.tbank.ru","hmac-sha256:0d4f58e43773ad028d4207453b4b8aa2","IPv4","dns[5]:route","zapret-ru-domains","DIRECT","DIRECT","DNS/A","1785483079407003","3"
"russia","alfa","dns","cobrowsing-cdn.tbank.ru","","","dns[5]:route","zapret-ru-domains","DIRECT","DIRECT","DNS/HTTPS","1785483079407003","1"
"russia","alfa","dns","fingerprint.t-static.ru","hmac-sha256:0d4f58e43773ad028d4207453b4b8aa2","IPv4","dns[5]:route","zapret-ru-domains","DIRECT","DIRECT","DNS/A","1785483079407003","3"
"russia","alfa","dns","sso-forms-prod.t-static.ru","","","dns[5]:route","zapret-ru-domains","DIRECT","DIRECT","DNS/HTTPS","1785483079407003","1"
"russia","alfa","dns","fingerprint.t-static.ru","","","dns[5]:route","zapret-ru-domains","DIRECT","DIRECT","DNS/HTTPS","1785483079407003","1"
"russia","alfa","dns","sso-forms-prod.t-static.ru","hmac-sha256:0d4f58e43773ad028d4207453b4b8aa2","IPv4","dns[5]:route","zapret-ru-domains","DIRECT","DIRECT","DNS/A","1785483079407003","3"
"russia","alfa","dns","cobrowsing-cdn.tbank.ru","","","dns[6]:route","","VPN","REMOTE","DNS/HTTPS","1785483079407003","1"
"russia","alfa","dns","cobrowsing-cdn.tbank.ru","hmac-sha256:0d4f58e43773ad028d4207453b4b8aa2","IPv4","dns[6]:route","","VPN","REMOTE","DNS/A","1785483079407003","1"
"russia","alfa","dns","sso-forms-prod.t-static.ru","hmac-sha256:0d4f58e43773ad028d4207453b4b8aa2","IPv4","dns[6]:route","","VPN","REMOTE","DNS/A","1785483079407003","1"
"russia","alfa","dns","fingerprint.t-static.ru","hmac-sha256:0d4f58e43773ad028d4207453b4b8aa2","IPv4","dns[6]:route","","VPN","REMOTE","DNS/A","1785483079407003","1"
"russia","alfa","dns","sso-forms-prod.t-static.ru","","","dns[6]:route","","VPN","REMOTE","DNS/HTTPS","1785483079407003","1"
"russia","alfa","dns","fingerprint.t-static.ru","","","dns[6]:route","","VPN","REMOTE","DNS/HTTPS","1785483079407003","1"
"russia","vtb","dns","www.vtb.ru","","","dns[5]:route","zapret-ru-domains","DIRECT","DIRECT","DNS/AAAA","1785483079407003","2"
"russia","vtb","dns","www.vtb.ru","hmac-sha256:2d3d6e9c8a2f10c1503159b4cdd006f6","IPv4","dns[5]:route","zapret-ru-domains","DIRECT","DIRECT","DNS/A","1785483079407003","2"
"russia","vtb","dns","www.vtb.ru","","","dns[5]:route","zapret-ru-domains","DIRECT","DIRECT","DNS/HTTPS","1785483079407003","1"
"russia","vtb","route","www.vtb.ru","hmac-sha256:2d3d6e9c8a2f10c1503159b4cdd006f6","IPv4","route[8]:route","zapret-ru-domains","DIRECT","DIRECT","TLS/TCP","1785483079407003","7"
"russia","vtb","dns","mc.yandex.ru","","","dns[2]:predefined","ru-adlist-hardcoded,geosite-ads,geosite-malware,geosite-phishing,geosite-cryptominers","BLOCK","BLOCK","DNS/AAAA","1785483079407003","8"
"russia","vtb","dns","mc.yandex.ru","","","dns[2]:predefined","ru-adlist-hardcoded,geosite-ads,geosite-malware,geosite-phishing,geosite-cryptominers","BLOCK","BLOCK","DNS/A","1785483079407003","8"
"russia","vtb","dns","mc.yandex.ru","","","dns[2]:predefined","ru-adlist-hardcoded,geosite-ads,geosite-malware,geosite-phishing,geosite-cryptominers","BLOCK","BLOCK","DNS/HTTPS","1785483079407003","4"
"russia","vtb","dns","onlinesales.vtb.ru","","","dns[5]:route","zapret-ru-domains","DIRECT","DIRECT","DNS/AAAA","1785483079407003","1"
"russia","vtb","dns","onlinesales.vtb.ru","","","dns[5]:route","zapret-ru-domains","DIRECT","DIRECT","DNS/HTTPS","1785483079407003","1"
"russia","vtb","dns","onlinesales.vtb.ru","hmac-sha256:967d8bf11f9037ff457ed9fab0e81d8c","IPv4","dns[5]:route","zapret-ru-domains","DIRECT","DIRECT","DNS/A","1785483079407003","1"
"russia","vtb","route","onlinesales.vtb.ru","hmac-sha256:967d8bf11f9037ff457ed9fab0e81d8c","IPv4","route[8]:route","zapret-ru-domains","DIRECT","DIRECT","TLS/TCP","1785483079407003","4"
"russia","vtb","dns","top-fwz1.mail.ru","","","dns[2]:predefined","ru-adlist-hardcoded,geosite-ads,geosite-malware,geosite-phishing,geosite-cryptominers","BLOCK","BLOCK","DNS/AAAA","1785483079407003","8"
"russia","vtb","dns","top-fwz1.mail.ru","","","dns[2]:predefined","ru-adlist-hardcoded,geosite-ads,geosite-malware,geosite-phishing,geosite-cryptominers","BLOCK","BLOCK","DNS/HTTPS","1785483079407003","3"
"russia","vtb","dns","top-fwz1.mail.ru","","","dns[2]:predefined","ru-adlist-hardcoded,geosite-ads,geosite-malware,geosite-phishing,geosite-cryptominers","BLOCK","BLOCK","DNS/A","1785483079407003","7"
"russia","vtb","dns","chat3.vtb.ru","","","dns[5]:route","zapret-ru-domains","DIRECT","DIRECT","DNS/AAAA","1785483079407003","1"
"russia","vtb","dns","chat3.vtb.ru","","","dns[5]:route","zapret-ru-domains","DIRECT","DIRECT","DNS/HTTPS","1785483079407003","1"
"russia","vtb","dns","chat3.vtb.ru","hmac-sha256:b4ee8fb9f72718c1dc424a7558b243e1","IPv4","dns[5]:route","zapret-ru-domains","DIRECT","DIRECT","DNS/A","1785483079407003","1"
"russia","vtb","route","chat3.vtb.ru","hmac-sha256:b4ee8fb9f72718c1dc424a7558b243e1","IPv4","route[8]:route","zapret-ru-domains","DIRECT","DIRECT","TLS/TCP","1785483079407003","7"
"russia","vtb","dns","vk.com","","","dns[6]:route","","VPN","REMOTE","DNS/AAAA","1785483079407003","1"
"russia","vtb","dns","vk.com","hmac-sha256:475a0d9a2d41f98b98b3361a4f51600d","IPv4","dns[6]:route","","VPN","REMOTE","DNS/A","1785483079407003","1"
"russia","vtb","dns","vk.com","hmac-sha256:f0fee65f26dad56b0379a204bdae3f9c","IPv4","dns[6]:route","","VPN","REMOTE","DNS/A","1785483079407003","1"
"russia","vtb","dns","vk.com","hmac-sha256:8f89bd0bc7d3e91fcc28040020fea1fc","IPv4","dns[6]:route","","VPN","REMOTE","DNS/A","1785483079407003","1"
"russia","vtb","dns","vk.com","hmac-sha256:b42f3870a34157b8bcd051b790f7e2cf","IPv4","dns[6]:route","","VPN","REMOTE","DNS/A","1785483079407003","1"
"russia","vtb","dns","vk.com","hmac-sha256:b1c44d2b95c176df259afd76e0385fc2","IPv4","dns[6]:route","","VPN","REMOTE","DNS/A","1785483079407003","1"
"russia","vtb","dns","vk.com","hmac-sha256:cda846f40c5f8c5ef9d05d8eaf8d2522","IPv4","dns[6]:route","","VPN","REMOTE","DNS/A","1785483079407003","1"
"russia","vtb","dns","vk.com","","","dns[6]:route","","VPN","REMOTE","DNS/HTTPS","1785483079407003","1"
"russia","vtb","route","vk.com","hmac-sha256:475a0d9a2d41f98b98b3361a4f51600d","IPv4","route[9]:route","zapret-ru-ip","DIRECT","REMOTE","TLS/TCP","1785483079407003","1"
"russia","gazprombank","dns","www.gazprombank.ru","","","dns[5]:route","zapret-ru-domains","DIRECT","DIRECT","DNS/AAAA","1785483079407003","2"
"russia","gazprombank","dns","www.gazprombank.ru","","","dns[5]:route","zapret-ru-domains","DIRECT","DIRECT","DNS/HTTPS","1785483079407003","1"
"russia","gazprombank","dns","www.gazprombank.ru","hmac-sha256:cb985189c5e4a3def64ffca6d0edb125","IPv4","dns[5]:route","zapret-ru-domains","DIRECT","DIRECT","DNS/A","1785483079407003","2"
"russia","gazprombank","route","www.gazprombank.ru","hmac-sha256:cb985189c5e4a3def64ffca6d0edb125","IPv4","route[8]:route","zapret-ru-domains","DIRECT","DIRECT","TLS/TCP","1785483079407003","3"
"russia","gazprombank","dns","cdn.gpb.ru","","","dns[5]:route","zapret-ru-domains","DIRECT","DIRECT","DNS/AAAA","1785483079407003","1"
"russia","gazprombank","dns","cdn.gpb.ru","","","dns[5]:route","zapret-ru-domains","DIRECT","DIRECT","DNS/HTTPS","1785483079407003","1"
"russia","gazprombank","dns","cdn.gpb.ru","hmac-sha256:ab8dcdc02ddc82f69687ac87e49fbb1b","IPv4","dns[5]:route","zapret-ru-domains","DIRECT","DIRECT","DNS/A","1785483079407003","1"
"russia","gazprombank","route","cdn.gpb.ru","hmac-sha256:ab8dcdc02ddc82f69687ac87e49fbb1b","IPv4","route[8]:route","zapret-ru-domains","DIRECT","DIRECT","TLS/TCP","1785483079407003","7"
"russia","gazprombank","dns","mc.yandex.ru","","","dns[2]:predefined","ru-adlist-hardcoded,geosite-ads,geosite-malware,geosite-phishing,geosite-cryptominers","BLOCK","BLOCK","DNS/AAAA","1785483079407003","8"
"russia","gazprombank","dns","mc.yandex.ru","","","dns[2]:predefined","ru-adlist-hardcoded,geosite-ads,geosite-malware,geosite-phishing,geosite-cryptominers","BLOCK","BLOCK","DNS/HTTPS","1785483079407003","4"
"russia","gazprombank","dns","mc.yandex.ru","","","dns[2]:predefined","ru-adlist-hardcoded,geosite-ads,geosite-malware,geosite-phishing,geosite-cryptominers","BLOCK","BLOCK","DNS/A","1785483079407003","8"
"russia","gazprombank","dns","s.gazprombank.ru","","","dns[5]:route","zapret-ru-domains","DIRECT","DIRECT","DNS/AAAA","1785483079407003","1"
"russia","gazprombank","dns","s.gazprombank.ru","hmac-sha256:cf564c52c95139d3da41cb0ec2acdeb1","IPv4","dns[5]:route","zapret-ru-domains","DIRECT","DIRECT","DNS/A","1785483079407003","1"
"russia","gazprombank","dns","s.gazprombank.ru","","","dns[5]:route","zapret-ru-domains","DIRECT","DIRECT","DNS/HTTPS","1785483079407003","1"
"russia","gazprombank","route","s.gazprombank.ru","hmac-sha256:cf564c52c95139d3da41cb0ec2acdeb1","IPv4","route[8]:route","zapret-ru-domains","DIRECT","DIRECT","TLS/TCP","1785483079407003","2"
"russia","gazprombank","dns","top-fwz1.mail.ru","","","dns[2]:predefined","ru-adlist-hardcoded,geosite-ads,geosite-malware,geosite-phishing,geosite-cryptominers","BLOCK","BLOCK","DNS/AAAA","1785483079407003","8"
"russia","gazprombank","dns","top-fwz1.mail.ru","","","dns[2]:predefined","ru-adlist-hardcoded,geosite-ads,geosite-malware,geosite-phishing,geosite-cryptominers","BLOCK","BLOCK","DNS/HTTPS","1785483079407003","4"
"russia","gazprombank","dns","top-fwz1.mail.ru","","","dns[2]:predefined","ru-adlist-hardcoded,geosite-ads,geosite-malware,geosite-phishing,geosite-cryptominers","BLOCK","BLOCK","DNS/A","1785483079407003","7"
"russia","gazprombank","dns","vk.com","","","dns[6]:route","","VPN","REMOTE","DNS/AAAA","1785483079407003","1"
"russia","gazprombank","dns","vk.com","","","dns[6]:route","","VPN","REMOTE","DNS/HTTPS","1785483079407003","1"
"russia","gazprombank","dns","vk.com","hmac-sha256:475a0d9a2d41f98b98b3361a4f51600d","IPv4","dns[6]:route","","VPN","REMOTE","DNS/A","1785483079407003","1"
"russia","gazprombank","dns","vk.com","hmac-sha256:f0fee65f26dad56b0379a204bdae3f9c","IPv4","dns[6]:route","","VPN","REMOTE","DNS/A","1785483079407003","1"
"russia","gazprombank","dns","vk.com","hmac-sha256:8f89bd0bc7d3e91fcc28040020fea1fc","IPv4","dns[6]:route","","VPN","REMOTE","DNS/A","1785483079407003","1"
"russia","gazprombank","dns","vk.com","hmac-sha256:b42f3870a34157b8bcd051b790f7e2cf","IPv4","dns[6]:route","","VPN","REMOTE","DNS/A","1785483079407003","1"
"russia","gazprombank","dns","vk.com","hmac-sha256:b1c44d2b95c176df259afd76e0385fc2","IPv4","dns[6]:route","","VPN","REMOTE","DNS/A","1785483079407003","1"
"russia","gazprombank","dns","vk.com","hmac-sha256:cda846f40c5f8c5ef9d05d8eaf8d2522","IPv4","dns[6]:route","","VPN","REMOTE","DNS/A","1785483079407003","1"
"russia","gazprombank","route","vk.com","hmac-sha256:475a0d9a2d41f98b98b3361a4f51600d","IPv4","route[9]:route","zapret-ru-ip","DIRECT","REMOTE","TLS/TCP","1785483079407003","2"
"russia","raiffeisen","dns","www.raiffeisen.ru","","","dns[5]:route","zapret-ru-domains","DIRECT","DIRECT","DNS/AAAA","1785483079407003","3"
"russia","raiffeisen","dns","www.raiffeisen.ru","hmac-sha256:75614d5e841a0ec4291d4305b8cc3758","IPv4","dns[5]:route","zapret-ru-domains","DIRECT","DIRECT","DNS/A","1785483079407003","3"
"russia","raiffeisen","route","www.raiffeisen.ru","hmac-sha256:75614d5e841a0ec4291d4305b8cc3758","IPv4","route[8]:route","zapret-ru-domains","DIRECT","DIRECT","TLS/TCP","1785483079407003","7"
"russia","raiffeisen","dns","www.raiffeisen.ru","","","dns[5]:route","zapret-ru-domains","DIRECT","DIRECT","DNS/HTTPS","1785483079407003","1"
"russia","raiffeisen","dns","oapi.raiffeisen.ru","","","dns[5]:route","zapret-ru-domains","DIRECT","DIRECT","DNS/AAAA","1785483079407003","1"
"russia","raiffeisen","dns","cdn-rf.raiffeisen.ru","","","dns[5]:route","zapret-ru-domains","DIRECT","DIRECT","DNS/AAAA","1785483079407003","1"
"russia","raiffeisen","dns","oapi.raiffeisen.ru","hmac-sha256:44e3550d680d9f79868673221774605a","IPv4","dns[5]:route","zapret-ru-domains","DIRECT","DIRECT","DNS/A","1785483079407003","1"
"russia","raiffeisen","dns","cdn-rf.raiffeisen.ru","hmac-sha256:52515fad24f4a06daebec74c5ecf138c","IPv4","dns[5]:route","zapret-ru-domains","DIRECT","DIRECT","DNS/A","1785483079407003","1"
"russia","raiffeisen","dns","cdn-rf.raiffeisen.ru","","","dns[5]:route","zapret-ru-domains","DIRECT","DIRECT","DNS/HTTPS","1785483079407003","1"
"russia","raiffeisen","dns","oapi.raiffeisen.ru","","","dns[5]:route","zapret-ru-domains","DIRECT","DIRECT","DNS/HTTPS","1785483079407003","1"
"russia","raiffeisen","route","oapi.raiffeisen.ru","hmac-sha256:44e3550d680d9f79868673221774605a","IPv4","route[8]:route","zapret-ru-domains","DIRECT","DIRECT","TLS/TCP","1785483079407003","2"
"russia","raiffeisen","route","cdn-rf.raiffeisen.ru","hmac-sha256:52515fad24f4a06daebec74c5ecf138c","IPv4","route[8]:route","zapret-ru-domains","DIRECT","DIRECT","TLS/TCP","1785483079407003","1"
"russia","raiffeisen","dns","mc.yandex.ru","","","dns[2]:predefined","ru-adlist-hardcoded,geosite-ads,geosite-malware,geosite-phishing,geosite-cryptominers","BLOCK","BLOCK","DNS/A","1785483079407003","8"
"russia","raiffeisen","dns","mc.yandex.ru","","","dns[2]:predefined","ru-adlist-hardcoded,geosite-ads,geosite-malware,geosite-phishing,geosite-cryptominers","BLOCK","BLOCK","DNS/AAAA","1785483079407003","8"
"russia","raiffeisen","dns","mc.yandex.ru","","","dns[2]:predefined","ru-adlist-hardcoded,geosite-ads,geosite-malware,geosite-phishing,geosite-cryptominers","BLOCK","BLOCK","DNS/HTTPS","1785483079407003","4"
"russia","raiffeisen","dns","r-chat.raiffeisen.ru","","","dns[5]:route","zapret-ru-domains","DIRECT","DIRECT","DNS/AAAA","1785483079407003","1"
"russia","raiffeisen","dns","r-chat.raiffeisen.ru","hmac-sha256:638793de51dccb3253a51e30cd0f6446","IPv4","dns[5]:route","zapret-ru-domains","DIRECT","DIRECT","DNS/A","1785483079407003","1"
"russia","raiffeisen","dns","r-chat.raiffeisen.ru","","","dns[5]:route","zapret-ru-domains","DIRECT","DIRECT","DNS/HTTPS","1785483079407003","1"
"russia","raiffeisen","route","r-chat.raiffeisen.ru","hmac-sha256:638793de51dccb3253a51e30cd0f6446","IPv4","route[8]:route","zapret-ru-domains","DIRECT","DIRECT","TLS/TCP","1785483079407003","2"
"russia","sovcombank","dns","sovcombank.ru","","","dns[5]:route","zapret-ru-domains","DIRECT","DIRECT","DNS/AAAA","1785483079407003","4"
"russia","sovcombank","dns","sovcombank.ru","hmac-sha256:f92109cb02ac5d15a21f2f66f765167b","IPv4","dns[5]:route","zapret-ru-domains","DIRECT","DIRECT","DNS/A","1785483079407003","4"
"russia","sovcombank","route","sovcombank.ru","hmac-sha256:f92109cb02ac5d15a21f2f66f765167b","IPv4","route[8]:route","zapret-ru-domains","DIRECT","DIRECT","TLS/TCP","1785483079407003","3"
"russia","sovcombank","dns","sovcombank.ru","","","dns[5]:route","zapret-ru-domains","DIRECT","DIRECT","DNS/HTTPS","1785483079407003","1"
"russia","sovcombank","dns","prod-api.sovcombank.ru","","","dns[5]:route","zapret-ru-domains","DIRECT","DIRECT","DNS/AAAA","1785483079407003","1"
"russia","sovcombank","dns","mc.sovcombank.ru","","","dns[5]:route","zapret-ru-domains","DIRECT","DIRECT","DNS/AAAA","1785483079407003","1"
"russia","sovcombank","dns","prod-api.sovcombank.ru","hmac-sha256:f92109cb02ac5d15a21f2f66f765167b","IPv4","dns[5]:route","zapret-ru-domains","DIRECT","DIRECT","DNS/A","1785483079407003","1"
"russia","sovcombank","dns","prod-api.sovcombank.ru","","","dns[5]:route","zapret-ru-domains","DIRECT","DIRECT","DNS/HTTPS","1785483079407003","1"
"russia","sovcombank","dns","mc.sovcombank.ru","","","dns[5]:route","zapret-ru-domains","DIRECT","DIRECT","DNS/HTTPS","1785483079407003","1"
"russia","sovcombank","dns","mc.sovcombank.ru","hmac-sha256:a6cf69438f74197665a41900801670c1","IPv4","dns[5]:route","zapret-ru-domains","DIRECT","DIRECT","DNS/A","1785483079407003","1"
"russia","sovcombank","route","prod-api.sovcombank.ru","hmac-sha256:f92109cb02ac5d15a21f2f66f765167b","IPv4","route[8]:route","zapret-ru-domains","DIRECT","DIRECT","TLS/TCP","1785483079407003","6"
"russia","sovcombank","route","mc.sovcombank.ru","hmac-sha256:a6cf69438f74197665a41900801670c1","IPv4","route[8]:route","zapret-ru-domains","DIRECT","DIRECT","TLS/TCP","1785483079407003","1"
"russia","sovcombank","dns","api-app.sovcombank.ru","","","dns[5]:route","zapret-ru-domains","DIRECT","DIRECT","DNS/AAAA","1785483079407003","1"
"russia","sovcombank","dns","ecdn.sovcombank.ru","","","dns[5]:route","zapret-ru-domains","DIRECT","DIRECT","DNS/AAAA","1785483079407003","1"
"russia","sovcombank","dns","api-app.sovcombank.ru","hmac-sha256:341e622682af1e8f8fbc05795b6495d7","IPv4","dns[5]:route","zapret-ru-domains","DIRECT","DIRECT","DNS/A","1785483079407003","1"
"russia","sovcombank","dns","api-app.sovcombank.ru","","","dns[5]:route","zapret-ru-domains","DIRECT","DIRECT","DNS/HTTPS","1785483079407003","1"
"russia","sovcombank","dns","ecdn.sovcombank.ru","","","dns[5]:route","zapret-ru-domains","DIRECT","DIRECT","DNS/HTTPS","1785483079407003","1"
"russia","sovcombank","dns","ecdn.sovcombank.ru","hmac-sha256:171879f20ac90a09c8e1d1da71084730","IPv4","dns[5]:route","zapret-ru-domains","DIRECT","DIRECT","DNS/A","1785483079407003","1"
"russia","sovcombank","route","api-app.sovcombank.ru","hmac-sha256:341e622682af1e8f8fbc05795b6495d7","IPv4","route[8]:route","zapret-ru-domains","DIRECT","DIRECT","TLS/TCP","1785483079407003","3"
"russia","sovcombank","route","ecdn.sovcombank.ru","hmac-sha256:171879f20ac90a09c8e1d1da71084730","IPv4","route[8]:route","zapret-ru-domains","DIRECT","DIRECT","TLS/TCP","1785483079407003","1"
"russia","sovcombank","dns","mc.yandex.ru","","","dns[2]:predefined","ru-adlist-hardcoded,geosite-ads,geosite-malware,geosite-phishing,geosite-cryptominers","BLOCK","BLOCK","DNS/A","1785483079407003","7"
"russia","sovcombank","dns","mc.yandex.ru","","","dns[2]:predefined","ru-adlist-hardcoded,geosite-ads,geosite-malware,geosite-phishing,geosite-cryptominers","BLOCK","BLOCK","DNS/AAAA","1785483079407003","8"
"russia","sovcombank","dns","mc.yandex.ru","","","dns[2]:predefined","ru-adlist-hardcoded,geosite-ads,geosite-malware,geosite-phishing,geosite-cryptominers","BLOCK","BLOCK","DNS/HTTPS","1785483079407003","4"
"russia","sovcombank","dns","top-fwz1.mail.ru","","","dns[2]:predefined","ru-adlist-hardcoded,geosite-ads,geosite-malware,geosite-phishing,geosite-cryptominers","BLOCK","BLOCK","DNS/HTTPS","1785483079407003","4"
"russia","sovcombank","dns","top-fwz1.mail.ru","","","dns[2]:predefined","ru-adlist-hardcoded,geosite-ads,geosite-malware,geosite-phishing,geosite-cryptominers","BLOCK","BLOCK","DNS/A","1785483079407003","8"
"russia","sovcombank","dns","top-fwz1.mail.ru","","","dns[2]:predefined","ru-adlist-hardcoded,geosite-ads,geosite-malware,geosite-phishing,geosite-cryptominers","BLOCK","BLOCK","DNS/AAAA","1785483079407003","8"
"russia","yandex","dns","yandex.ru","","","dns[3]:route","zeon-ru-yandex","DIRECT","DIRECT","DNS/AAAA","1785483079407003","3"
"russia","yandex","dns","yandex.ru","","","dns[3]:route","zeon-ru-yandex","DIRECT","DIRECT","DNS/HTTPS","1785483079407003","2"
"russia","yandex","dns","yandex.ru","hmac-sha256:bb555a46eeb51789d7deef0e34749c23","IPv4","dns[3]:route","zeon-ru-yandex","DIRECT","DIRECT","DNS/A","1785483079407003","3"
"russia","yandex","dns","yandex.ru","hmac-sha256:7d82be72df8019e88de8bfbf3db041a8","IPv4","dns[3]:route","zeon-ru-yandex","DIRECT","DIRECT","DNS/A","1785483079407003","3"
"russia","yandex","dns","yandex.ru","hmac-sha256:83171d37ebdd9b2a298ff52f2e51e3f1","IPv4","dns[3]:route","zeon-ru-yandex","DIRECT","DIRECT","DNS/A","1785483079407003","3"
"russia","yandex","dns","dzen.ru","","","dns[5]:route","zapret-ru-domains","DIRECT","DIRECT","DNS/AAAA","1785483079407003","4"
"russia","yandex","route","yandex.ru","hmac-sha256:bb555a46eeb51789d7deef0e34749c23","IPv4","route[6]:route","zeon-ru-yandex","DIRECT","DIRECT","TLS/TCP","1785483079407003","2"
"russia","yandex","dns","dzen.ru","","","dns[5]:route","zapret-ru-domains","DIRECT","DIRECT","DNS/HTTPS","1785483079407003","1"
"russia","yandex","dns","dzen.ru","hmac-sha256:946192622fda336428d89f2ecd81d1bf","IPv4","dns[5]:route","zapret-ru-domains","DIRECT","DIRECT","DNS/A","1785483079407003","4"
"russia","yandex","dns","dzen.ru","hmac-sha256:9bc243318085f19c7d2ffa2841bb243f","IPv4","dns[5]:route","zapret-ru-domains","DIRECT","DIRECT","DNS/A","1785483079407003","4"
"russia","yandex","dns","dzen.ru","hmac-sha256:0d0900ebf52d5289ca6f7e110a9af243","IPv4","dns[5]:route","zapret-ru-domains","DIRECT","DIRECT","DNS/A","1785483079407003","4"
"russia","yandex","dns","dzen.ru","hmac-sha256:1d0fc9de9ce07849be0ea64da1293276","IPv4","dns[5]:route","zapret-ru-domains","DIRECT","DIRECT","DNS/A","1785483079407003","4"
"russia","yandex","route","dzen.ru","hmac-sha256:946192622fda336428d89f2ecd81d1bf","IPv4","route[8]:route","zapret-ru-domains","DIRECT","DIRECT","TLS/TCP","1785483079407003","3"
"russia","yandex","dns","suggest.sso.dzen.ru","","","dns[5]:route","zapret-ru-domains","DIRECT","DIRECT","DNS/AAAA","1785483079407003","2"
"russia","yandex","dns","suggest.dzen.ru","","","dns[5]:route","zapret-ru-domains","DIRECT","DIRECT","DNS/AAAA","1785483079407003","1"
"russia","yandex","dns","suggest.dzen.ru","hmac-sha256:314368d3abf808008f65efe01d91eaa6","IPv4","dns[5]:route","zapret-ru-domains","DIRECT","DIRECT","DNS/A","1785483079407003","1"
"russia","yandex","dns","suggest.sso.dzen.ru","","","dns[5]:route","zapret-ru-domains","DIRECT","DIRECT","DNS/HTTPS","1785483079407003","1"
"russia","yandex","dns","suggest.sso.dzen.ru","hmac-sha256:314368d3abf808008f65efe01d91eaa6","IPv4","dns[5]:route","zapret-ru-domains","DIRECT","DIRECT","DNS/A","1785483079407003","2"
"russia","yandex","dns","suggest.dzen.ru","","","dns[5]:route","zapret-ru-domains","DIRECT","DIRECT","DNS/HTTPS","1785483079407003","1"
"russia","yandex","route","suggest.sso.dzen.ru","hmac-sha256:314368d3abf808008f65efe01d91eaa6","IPv4","route[8]:route","zapret-ru-domains","DIRECT","DIRECT","TLS/TCP","1785483079407003","5"
"russia","yandex","route","suggest.dzen.ru","hmac-sha256:314368d3abf808008f65efe01d91eaa6","IPv4","route[8]:route","zapret-ru-domains","DIRECT","DIRECT","TLS/TCP","1785483079407003","1"
"russia","yandex","dns","mc.yandex.ru","","","dns[2]:predefined","ru-adlist-hardcoded,geosite-ads,geosite-malware,geosite-phishing,geosite-cryptominers","BLOCK","BLOCK","DNS/A","1785483079407003","39"
"russia","yandex","dns","mc.yandex.ru","","","dns[2]:predefined","ru-adlist-hardcoded,geosite-ads,geosite-malware,geosite-phishing,geosite-cryptominers","BLOCK","BLOCK","DNS/HTTPS","1785483079407003","20"
"russia","yandex","dns","mc.yandex.ru","","","dns[2]:predefined","ru-adlist-hardcoded,geosite-ads,geosite-malware,geosite-phishing,geosite-cryptominers","BLOCK","BLOCK","DNS/AAAA","1785483079407003","39"
"russia","yandex","dns","top-fwz1.mail.ru","","","dns[2]:predefined","ru-adlist-hardcoded,geosite-ads,geosite-malware,geosite-phishing,geosite-cryptominers","BLOCK","BLOCK","DNS/AAAA","1785483079407003","8"
"russia","yandex","dns","top-fwz1.mail.ru","","","dns[2]:predefined","ru-adlist-hardcoded,geosite-ads,geosite-malware,geosite-phishing,geosite-cryptominers","BLOCK","BLOCK","DNS/HTTPS","1785483079407003","4"
"russia","yandex","dns","top-fwz1.mail.ru","","","dns[2]:predefined","ru-adlist-hardcoded,geosite-ads,geosite-malware,geosite-phishing,geosite-cryptominers","BLOCK","BLOCK","DNS/A","1785483079407003","8"
"russia","yandex","dns","ad.mail.ru","","","dns[2]:predefined","ru-adlist-hardcoded,geosite-ads,geosite-malware,geosite-phishing,geosite-cryptominers","BLOCK","BLOCK","DNS/HTTPS","1785483079407003","4"
"russia","yandex","dns","ad.mail.ru","","","dns[2]:predefined","ru-adlist-hardcoded,geosite-ads,geosite-malware,geosite-phishing,geosite-cryptominers","BLOCK","BLOCK","DNS/A","1785483079407003","8"
"russia","yandex","dns","ad.mail.ru","","","dns[2]:predefined","ru-adlist-hardcoded,geosite-ads,geosite-malware,geosite-phishing,geosite-cryptominers","BLOCK","BLOCK","DNS/AAAA","1785483079407003","8"
"russia","yandex","dns","csp.yandex.net","","","dns[2]:predefined","ru-adlist-hardcoded,geosite-ads,geosite-malware,geosite-phishing,geosite-cryptominers","BLOCK","BLOCK","DNS/HTTPS","1785483079407003","4"
"russia","yandex","dns","csp.yandex.net","","","dns[2]:predefined","ru-adlist-hardcoded,geosite-ads,geosite-malware,geosite-phishing,geosite-cryptominers","BLOCK","BLOCK","DNS/AAAA","1785483079407003","8"
"russia","yandex","dns","csp.yandex.net","","","dns[2]:predefined","ru-adlist-hardcoded,geosite-ads,geosite-malware,geosite-phishing,geosite-cryptominers","BLOCK","BLOCK","DNS/A","1785483079407003","8"
"russia","yandex","dns","an.yandex.ru","","","dns[2]:predefined","ru-adlist-hardcoded,geosite-ads,geosite-malware,geosite-phishing,geosite-cryptominers","BLOCK","BLOCK","DNS/HTTPS","1785483079407003","14"
"russia","yandex","dns","an.yandex.ru","","","dns[2]:predefined","ru-adlist-hardcoded,geosite-ads,geosite-malware,geosite-phishing,geosite-cryptominers","BLOCK","BLOCK","DNS/A","1785483079407003","28"
"russia","yandex","dns","an.yandex.ru","","","dns[2]:predefined","ru-adlist-hardcoded,geosite-ads,geosite-malware,geosite-phishing,geosite-cryptominers","BLOCK","BLOCK","DNS/AAAA","1785483079407003","28"
"russia","yandex","dns","yastatic.net","","","dns[3]:route","zeon-ru-yandex","DIRECT","DIRECT","DNS/AAAA","1785483079407003","3"
"russia","yandex","dns","avatars.mds.yandex.net","","","dns[3]:route","zeon-ru-yandex","DIRECT","DIRECT","DNS/AAAA","1785483079407003","1"
"russia","yandex","dns","yastatic.net","","","dns[3]:route","zeon-ru-yandex","DIRECT","DIRECT","DNS/HTTPS","1785483079407003","2"
"russia","yandex","dns","yastatic.net","hmac-sha256:97a22d4efb59331b7da73906ccc4eddd","IPv4","dns[3]:route","zeon-ru-yandex","DIRECT","DIRECT","DNS/A","1785483079407003","3"
"russia","yandex","route","yastatic.net","hmac-sha256:97a22d4efb59331b7da73906ccc4eddd","IPv4","route[6]:route","zeon-ru-yandex","DIRECT","DIRECT","TLS/TCP","1785483079407003","3"
"russia","yandex","dns","avatars.mds.yandex.net","","","dns[3]:route","zeon-ru-yandex","DIRECT","DIRECT","DNS/HTTPS","1785483079407003","1"
"russia","yandex","dns","avatars.mds.yandex.net","hmac-sha256:d655ac67da1418e47e8f5c50e1965566","IPv4","dns[3]:route","zeon-ru-yandex","DIRECT","DIRECT","DNS/A","1785483079407003","1"
"russia","yandex","dns","avatars.mds.yandex.net","hmac-sha256:ab2bfba4b99e2bcffc244ead70ff0e89","IPv4","dns[3]:route","zeon-ru-yandex","DIRECT","DIRECT","DNS/A","1785483079407003","1"
"russia","yandex","dns","avatars.mds.yandex.net","hmac-sha256:7219c7a302ec2304e909eb1f43d8223b","IPv4","dns[3]:route","zeon-ru-yandex","DIRECT","DIRECT","DNS/A","1785483079407003","1"
"russia","yandex","route","avatars.mds.yandex.net","hmac-sha256:d655ac67da1418e47e8f5c50e1965566","IPv4","route[6]:route","zeon-ru-yandex","DIRECT","DIRECT","TLS/TCP","1785483079407003","1"
"russia","yandex","dns","static-mon.yandex.net","","","dns[2]:predefined","ru-adlist-hardcoded,geosite-ads,geosite-malware,geosite-phishing,geosite-cryptominers","BLOCK","BLOCK","DNS/HTTPS","1785483079407003","4"
"russia","yandex","dns","static-mon.yandex.net","","","dns[2]:predefined","ru-adlist-hardcoded,geosite-ads,geosite-malware,geosite-phishing,geosite-cryptominers","BLOCK","BLOCK","DNS/AAAA","1785483079407003","8"
"russia","yandex","dns","static-mon.yandex.net","","","dns[2]:predefined","ru-adlist-hardcoded,geosite-ads,geosite-malware,geosite-phishing,geosite-cryptominers","BLOCK","BLOCK","DNS/A","1785483079407003","8"
"russia","yandex","dns","login.vk.com","hmac-sha256:9e068566bd1dec154e73e8049d9b5543","IPv4","dns[6]:route","","VPN","REMOTE","DNS/A","1785483079407003","2"
"russia","yandex","dns","login.vk.com","hmac-sha256:5b2f852b6053aa7f41239160e2c80fe4","IPv4","dns[6]:route","","VPN","REMOTE","DNS/A","1785483079407003","2"
"russia","yandex","dns","login.vk.com","","","dns[6]:route","","VPN","REMOTE","DNS/AAAA","1785483079407003","2"
"russia","yandex","dns","login.vk.com","","","dns[6]:route","","VPN","REMOTE","DNS/HTTPS","1785483079407003","2"
"russia","yandex","dns","favicon.yandex.net","","","dns[3]:route","zeon-ru-yandex","DIRECT","DIRECT","DNS/AAAA","1785483079407003","1"
"russia","yandex","dns","favicon.yandex.net","","","dns[3]:route","zeon-ru-yandex","DIRECT","DIRECT","DNS/HTTPS","1785483079407003","1"
"russia","yandex","dns","favicon.yandex.net","hmac-sha256:d093416b75a2580f4efd2b3cd9b602e8","IPv4","dns[3]:route","zeon-ru-yandex","DIRECT","DIRECT","DNS/A","1785483079407003","1"
"russia","yandex","dns","favicon.yandex.net","hmac-sha256:748344de0d63b18fc9060a6876447243","IPv4","dns[3]:route","zeon-ru-yandex","DIRECT","DIRECT","DNS/A","1785483079407003","1"
"russia","yandex","dns","favicon.yandex.net","hmac-sha256:913f5e93b206925c730bfb87fd848432","IPv4","dns[3]:route","zeon-ru-yandex","DIRECT","DIRECT","DNS/A","1785483079407003","1"
"russia","yandex","dns","favicon.yandex.net","hmac-sha256:420584a1b2093ae7e0dd6db1bf17b4d3","IPv4","dns[3]:route","zeon-ru-yandex","DIRECT","DIRECT","DNS/A","1785483079407003","1"
"russia","yandex","route","favicon.yandex.net","hmac-sha256:d093416b75a2580f4efd2b3cd9b602e8","IPv4","route[6]:route","zeon-ru-yandex","DIRECT","DIRECT","TLS/TCP","1785483079407003","5"
"russia","yandex","route","cbr.ru","hmac-sha256:e2494572cce0735628ecc3886e8e812a","IPv4","route[8]:route","zapret-ru-domains","DIRECT","DIRECT","TLS/TCP","1785483079407003","1"
"russia","yandex_search","dns","yandex.ru","","","dns[3]:route","zeon-ru-yandex","DIRECT","DIRECT","DNS/AAAA","1785491550343729","2"
"russia","yandex_search","dns","yandex.ru","","","dns[3]:route","zeon-ru-yandex","DIRECT","DIRECT","DNS/HTTPS","1785491550343729","1"
"russia","yandex_search","dns","yandex.ru","hmac-sha256:7a65de4dd1d11e58cfe5decb8aa6efcc","IPv4","dns[3]:route","zeon-ru-yandex","DIRECT","DIRECT","DNS/A","1785491550343729","2"
"russia","yandex_search","dns","yandex.ru","hmac-sha256:d277f3422c65d29c427c9f87ec1015b4","IPv4","dns[3]:route","zeon-ru-yandex","DIRECT","DIRECT","DNS/A","1785491550343729","2"
"russia","yandex_search","dns","yandex.ru","hmac-sha256:6c94599c7022b71c8e2559f6faf8e787","IPv4","dns[3]:route","zeon-ru-yandex","DIRECT","DIRECT","DNS/A","1785491550343729","2"
"russia","yandex_search","route","yandex.ru","hmac-sha256:7a65de4dd1d11e58cfe5decb8aa6efcc","IPv4","route[6]:route","zeon-ru-yandex","DIRECT","DIRECT","TLS/TCP","1785491550343729","1"
"russia","yandex_search","dns","yastatic.net","","","dns[3]:route","zeon-ru-yandex","DIRECT","DIRECT","DNS/AAAA","1785491550343729","1"
"russia","yandex_search","dns","favicon.yandex.net","","","dns[3]:route","zeon-ru-yandex","DIRECT","DIRECT","DNS/AAAA","1785491550343729","1"
"russia","yandex_search","dns","avatars.mds.yandex.net","","","dns[3]:route","zeon-ru-yandex","DIRECT","DIRECT","DNS/AAAA","1785491550343729","1"
"russia","yandex_search","dns","yastatic.net","","","dns[3]:route","zeon-ru-yandex","DIRECT","DIRECT","DNS/HTTPS","1785491550343729","1"
"russia","yandex_search","dns","yastatic.net","hmac-sha256:311fced66e651a6710b52bfea6b204ca","IPv4","dns[3]:route","zeon-ru-yandex","DIRECT","DIRECT","DNS/A","1785491550343729","1"
"russia","yandex_search","route","yastatic.net","hmac-sha256:311fced66e651a6710b52bfea6b204ca","IPv4","route[6]:route","zeon-ru-yandex","DIRECT","DIRECT","TLS/TCP","1785491550343729","1"
"russia","yandex_search","dns","avatars.mds.yandex.net","","","dns[3]:route","zeon-ru-yandex","DIRECT","DIRECT","DNS/HTTPS","1785491550343729","1"
"russia","yandex_search","dns","favicon.yandex.net","","","dns[3]:route","zeon-ru-yandex","DIRECT","DIRECT","DNS/HTTPS","1785491550343729","1"
"russia","yandex_search","dns","favicon.yandex.net","hmac-sha256:d1fa7bf2349375b15833c9804ea56d51","IPv4","dns[3]:route","zeon-ru-yandex","DIRECT","DIRECT","DNS/A","1785491550343729","1"
"russia","yandex_search","dns","favicon.yandex.net","hmac-sha256:7ed33df9ebe89e6a2d2cdb32786e3a95","IPv4","dns[3]:route","zeon-ru-yandex","DIRECT","DIRECT","DNS/A","1785491550343729","1"
"russia","yandex_search","dns","favicon.yandex.net","hmac-sha256:e55fb789c47789df01f8e8f104716a62","IPv4","dns[3]:route","zeon-ru-yandex","DIRECT","DIRECT","DNS/A","1785491550343729","1"
"russia","yandex_search","dns","avatars.mds.yandex.net","hmac-sha256:3230bd46e1fe6dd6e432ef4acb38ba2c","IPv4","dns[3]:route","zeon-ru-yandex","DIRECT","DIRECT","DNS/A","1785491550343729","1"
"russia","yandex_search","dns","favicon.yandex.net","hmac-sha256:c678da1c5908d5716c2734720ef98596","IPv4","dns[3]:route","zeon-ru-yandex","DIRECT","DIRECT","DNS/A","1785491550343729","1"
"russia","yandex_search","dns","avatars.mds.yandex.net","hmac-sha256:29fa8bc93119fc11bd16488c4c142229","IPv4","dns[3]:route","zeon-ru-yandex","DIRECT","DIRECT","DNS/A","1785491550343729","1"
"russia","yandex_search","dns","avatars.mds.yandex.net","hmac-sha256:10d0e54b125c7bca25ac3b29c9ed8ed4","IPv4","dns[3]:route","zeon-ru-yandex","DIRECT","DIRECT","DNS/A","1785491550343729","1"
"russia","yandex_search","route","favicon.yandex.net","hmac-sha256:d1fa7bf2349375b15833c9804ea56d51","IPv4","route[6]:route","zeon-ru-yandex","DIRECT","DIRECT","TLS/TCP","1785491550343729","1"
"russia","yandex_search","route","avatars.mds.yandex.net","hmac-sha256:3230bd46e1fe6dd6e432ef4acb38ba2c","IPv4","route[6]:route","zeon-ru-yandex","DIRECT","DIRECT","TLS/TCP","1785491550343729","1"
"russia","yandex_search","dns","static-mon.yandex.net","","","dns[2]:predefined","ru-adlist-hardcoded,geosite-ads,geosite-malware,geosite-phishing,geosite-cryptominers","BLOCK","BLOCK","DNS/AAAA","1785491550343729","16"
"russia","yandex_search","dns","static-mon.yandex.net","","","dns[2]:predefined","ru-adlist-hardcoded,geosite-ads,geosite-malware,geosite-phishing,geosite-cryptominers","BLOCK","BLOCK","DNS/A","1785491550343729","16"
"russia","yandex_search","dns","static-mon.yandex.net","","","dns[2]:predefined","ru-adlist-hardcoded,geosite-ads,geosite-malware,geosite-phishing,geosite-cryptominers","BLOCK","BLOCK","DNS/HTTPS","1785491550343729","8"
"russia","yandex_search","dns","adfstat.yandex.ru","","","dns[2]:predefined","ru-adlist-hardcoded,geosite-ads,geosite-malware,geosite-phishing,geosite-cryptominers","BLOCK","BLOCK","DNS/HTTPS","1785491550343729","4"
"russia","yandex_search","dns","adfstat.yandex.ru","","","dns[2]:predefined","ru-adlist-hardcoded,geosite-ads,geosite-malware,geosite-phishing,geosite-cryptominers","BLOCK","BLOCK","DNS/AAAA","1785491550343729","8"
"russia","yandex_search","dns","adfstat.yandex.ru","","","dns[2]:predefined","ru-adlist-hardcoded,geosite-ads,geosite-malware,geosite-phishing,geosite-cryptominers","BLOCK","BLOCK","DNS/A","1785491550343729","8"
"russia","yandex_search","dns","hdrc.yandex.net","","","dns[3]:route","zeon-ru-yandex","DIRECT","DIRECT","DNS/AAAA","1785491550343729","1"
"russia","yandex_search","dns","hdrc.yandex.net","","","dns[3]:route","zeon-ru-yandex","DIRECT","DIRECT","DNS/HTTPS","1785491550343729","1"
"russia","yandex_search","dns","hdrc.yandex.net","hmac-sha256:4613a61af86279e1874d32c6090f631b","IPv4","dns[3]:route","zeon-ru-yandex","DIRECT","DIRECT","DNS/A","1785491550343729","1"
"russia","yandex_search","route","hdrc.yandex.net","hmac-sha256:4613a61af86279e1874d32c6090f631b","IPv4","route[6]:route","zeon-ru-yandex","DIRECT","DIRECT","TLS/TCP","1785491550343729","1"
"russia","yandex_search","dns","mc.yandex.ru","","","dns[2]:predefined","ru-adlist-hardcoded,geosite-ads,geosite-malware,geosite-phishing,geosite-cryptominers","BLOCK","BLOCK","DNS/AAAA","1785491550343729","8"
"russia","yandex_search","dns","mc.yandex.ru","","","dns[2]:predefined","ru-adlist-hardcoded,geosite-ads,geosite-malware,geosite-phishing,geosite-cryptominers","BLOCK","BLOCK","DNS/A","1785491550343729","8"
"russia","yandex_search","dns","mc.yandex.ru","","","dns[2]:predefined","ru-adlist-hardcoded,geosite-ads,geosite-malware,geosite-phishing,geosite-cryptominers","BLOCK","BLOCK","DNS/HTTPS","1785491550343729","4"
"russia","yandex_search","dns","ya.ru","","","dns[3]:route","zeon-ru-yandex","DIRECT","DIRECT","DNS/AAAA","1785491550343729","1"
"russia","yandex_search","dns","ya.ru","hmac-sha256:490ec720b134894208dbc309451c6033","IPv4","dns[3]:route","zeon-ru-yandex","DIRECT","DIRECT","DNS/A","1785491550343729","1"
"russia","yandex_search","dns","ya.ru","hmac-sha256:f8ff60d011b4ecddfbbb421498fc06bf","IPv4","dns[3]:route","zeon-ru-yandex","DIRECT","DIRECT","DNS/A","1785491550343729","1"
"russia","yandex_search","dns","ya.ru","hmac-sha256:d99a6955b99a43518764d98c06c7cab1","IPv4","dns[3]:route","zeon-ru-yandex","DIRECT","DIRECT","DNS/A","1785491550343729","1"
"russia","yandex_search","dns","ya.ru","","","dns[3]:route","zeon-ru-yandex","DIRECT","DIRECT","DNS/HTTPS","1785491550343729","1"
"russia","yandex_search","route","ya.ru","hmac-sha256:490ec720b134894208dbc309451c6033","IPv4","route[6]:route","zeon-ru-yandex","DIRECT","DIRECT","TLS/TCP","1785491550343729","1"
"russia","yandex_search","dns","egress.yandex.net","","","dns[3]:route","zeon-ru-yandex","DIRECT","DIRECT","DNS/AAAA","1785491550343729","1"
"russia","yandex_search","dns","quic.egress.yandex.net","","","dns[3]:route","zeon-ru-yandex","DIRECT","DIRECT","DNS/AAAA","1785491550343729","1"
"russia","yandex_search","dns","quic.egress.yandex.net","","","dns[3]:route","zeon-ru-yandex","DIRECT","DIRECT","DNS/HTTPS","1785491550343729","1"
"russia","yandex_search","dns","egress.yandex.net","hmac-sha256:22c5d7a8dfe0b76a955357305de01bc6","IPv4","dns[3]:route","zeon-ru-yandex","DIRECT","DIRECT","DNS/A","1785491550343729","1"
"russia","yandex_search","dns","egress.yandex.net","","","dns[3]:route","zeon-ru-yandex","DIRECT","DIRECT","DNS/HTTPS","1785491550343729","1"
"russia","yandex_search","dns","quic.egress.yandex.net","hmac-sha256:2bcfc2d1667c3b6ffd77c41d73eb6832","IPv4","dns[3]:route","zeon-ru-yandex","DIRECT","DIRECT","DNS/A","1785491550343729","1"
"russia","yandex_search","route","egress.yandex.net","hmac-sha256:22c5d7a8dfe0b76a955357305de01bc6","IPv4","route[6]:route","zeon-ru-yandex","DIRECT","DIRECT","TLS/TCP","1785491550343729","1"
"russia","yandex_search","route","quic.egress.yandex.net","hmac-sha256:2bcfc2d1667c3b6ffd77c41d73eb6832","IPv4","route[6]:route","zeon-ru-yandex","DIRECT","DIRECT","TLS/TCP","1785491550343729","1"
"russia","yandex_maps","dns","yandex.ru","","","dns[3]:route","zeon-ru-yandex","DIRECT","DIRECT","DNS/AAAA","1785483079407003","1"
"russia","yandex_maps","dns","yandex.ru","hmac-sha256:bb555a46eeb51789d7deef0e34749c23","IPv4","dns[3]:route","zeon-ru-yandex","DIRECT","DIRECT","DNS/A","1785483079407003","1"
"russia","yandex_maps","dns","yandex.ru","hmac-sha256:7d82be72df8019e88de8bfbf3db041a8","IPv4","dns[3]:route","zeon-ru-yandex","DIRECT","DIRECT","DNS/A","1785483079407003","1"
"russia","yandex_maps","dns","yandex.ru","hmac-sha256:83171d37ebdd9b2a298ff52f2e51e3f1","IPv4","dns[3]:route","zeon-ru-yandex","DIRECT","DIRECT","DNS/A","1785483079407003","1"
"russia","yandex_maps","dns","static-maps.yandex.ru","","","dns[3]:route","zeon-ru-yandex","DIRECT","DIRECT","DNS/AAAA","1785483079407003","1"
"russia","yandex_maps","dns","static-maps.yandex.ru","hmac-sha256:476b0d111e88ebaf5f6132f909960d78","IPv4","dns[3]:route","zeon-ru-yandex","DIRECT","DIRECT","DNS/A","1785483079407003","1"
"russia","yandex_maps","dns","static-maps.yandex.ru","","","dns[3]:route","zeon-ru-yandex","DIRECT","DIRECT","DNS/HTTPS","1785483079407003","1"
"russia","yandex_maps","route","static-maps.yandex.ru","hmac-sha256:476b0d111e88ebaf5f6132f909960d78","IPv4","route[6]:route","zeon-ru-yandex","DIRECT","DIRECT","TLS/TCP","1785483079407003","1"
"russia","yandex_maps","route","yandex.ru","hmac-sha256:bb555a46eeb51789d7deef0e34749c23","IPv4","route[6]:route","zeon-ru-yandex","DIRECT","DIRECT","TLS/TCP","1785483079407003","1"
"russia","yandex_music","dns","music.yandex.ru","","","dns[3]:route","zeon-ru-yandex","DIRECT","DIRECT","DNS/AAAA","1785483079407003","3"
"russia","yandex_music","dns","music.yandex.ru","","","dns[3]:route","zeon-ru-yandex","DIRECT","DIRECT","DNS/HTTPS","1785483079407003","1"
"russia","yandex_music","dns","music.yandex.ru","hmac-sha256:3d6afa1df3ee8572181d868f49942102","IPv4","dns[3]:route","zeon-ru-yandex","DIRECT","DIRECT","DNS/A","1785483079407003","3"
"russia","yandex_music","route","music.yandex.ru","hmac-sha256:3d6afa1df3ee8572181d868f49942102","IPv4","route[6]:route","zeon-ru-yandex","DIRECT","DIRECT","TLS/TCP","1785483079407003","2"
"russia","yandex_music","dns","log.strm.yandex.ru","","","dns[2]:predefined","ru-adlist-hardcoded,geosite-ads,geosite-malware,geosite-phishing,geosite-cryptominers","BLOCK","BLOCK","DNS/HTTPS","1785483079407003","24"
"russia","yandex_music","dns","log.strm.yandex.ru","","","dns[2]:predefined","ru-adlist-hardcoded,geosite-ads,geosite-malware,geosite-phishing,geosite-cryptominers","BLOCK","BLOCK","DNS/AAAA","1785483079407003","48"
"russia","yandex_music","dns","log.strm.yandex.ru","","","dns[2]:predefined","ru-adlist-hardcoded,geosite-ads,geosite-malware,geosite-phishing,geosite-cryptominers","BLOCK","BLOCK","DNS/A","1785483079407003","48"
"russia","yandex_music","dns","payment-widget.plus.yandex.ru","","","dns[3]:route","zeon-ru-yandex","DIRECT","DIRECT","DNS/AAAA","1785483079407003","1"
"russia","yandex_music","dns","payment-widget.plus.yandex.ru","","","dns[3]:route","zeon-ru-yandex","DIRECT","DIRECT","DNS/HTTPS","1785483079407003","1"
"russia","yandex_music","dns","payment-widget.plus.yandex.ru","hmac-sha256:c0f6f3d5e4a07ed877d56394b95338ed","IPv4","dns[3]:route","zeon-ru-yandex","DIRECT","DIRECT","DNS/A","1785483079407003","1"
"russia","yandex_music","route","payment-widget.plus.yandex.ru","hmac-sha256:c0f6f3d5e4a07ed877d56394b95338ed","IPv4","route[6]:route","zeon-ru-yandex","DIRECT","DIRECT","TLS/TCP","1785483079407003","1"
"russia","yandex_music","dns","api.acquisition-gwe.plus.yandex.ru","","","dns[3]:route","zeon-ru-yandex","DIRECT","DIRECT","DNS/AAAA","1785483079407003","1"
"russia","yandex_music","dns","frontend.vh.yandex.ru","","","dns[3]:route","zeon-ru-yandex","DIRECT","DIRECT","DNS/AAAA","1785483079407003","1"
"russia","yandex_music","dns","mc.yandex.ru","","","dns[2]:predefined","ru-adlist-hardcoded,geosite-ads,geosite-malware,geosite-phishing,geosite-cryptominers","BLOCK","BLOCK","DNS/AAAA","1785483079407003","20"
"russia","yandex_music","dns","mc.yandex.ru","","","dns[2]:predefined","ru-adlist-hardcoded,geosite-ads,geosite-malware,geosite-phishing,geosite-cryptominers","BLOCK","BLOCK","DNS/HTTPS","1785483079407003","10"
"russia","yandex_music","dns","mc.yandex.ru","","","dns[2]:predefined","ru-adlist-hardcoded,geosite-ads,geosite-malware,geosite-phishing,geosite-cryptominers","BLOCK","BLOCK","DNS/A","1785483079407003","20"
"russia","yandex_music","dns","api.acquisition-gwe.plus.yandex.ru","","","dns[3]:route","zeon-ru-yandex","DIRECT","DIRECT","DNS/HTTPS","1785483079407003","1"
"russia","yandex_music","dns","frontend.vh.yandex.ru","hmac-sha256:20cde442e936083c4c304d22bd4465df","IPv4","dns[3]:route","zeon-ru-yandex","DIRECT","DIRECT","DNS/A","1785483079407003","1"
"russia","yandex_music","dns","frontend.vh.yandex.ru","","","dns[3]:route","zeon-ru-yandex","DIRECT","DIRECT","DNS/HTTPS","1785483079407003","1"
"russia","yandex_music","dns","api.acquisition-gwe.plus.yandex.ru","hmac-sha256:29a15275efb2c772170af9f2af31fe20","IPv4","dns[3]:route","zeon-ru-yandex","DIRECT","DIRECT","DNS/A","1785483079407003","1"
"russia","yandex_music","route","frontend.vh.yandex.ru","hmac-sha256:20cde442e936083c4c304d22bd4465df","IPv4","route[6]:route","zeon-ru-yandex","DIRECT","DIRECT","TLS/TCP","1785483079407003","2"
"russia","yandex_music","route","api.acquisition-gwe.plus.yandex.ru","hmac-sha256:29a15275efb2c772170af9f2af31fe20","IPv4","route[6]:route","zeon-ru-yandex","DIRECT","DIRECT","TLS/TCP","1785483079407003","2"
"russia","yandex_music","dns","yastatic.net","","","dns[3]:route","zeon-ru-yandex","DIRECT","DIRECT","DNS/AAAA","1785483079407003","2"
"russia","yandex_music","dns","yastatic.net","hmac-sha256:97a22d4efb59331b7da73906ccc4eddd","IPv4","dns[3]:route","zeon-ru-yandex","DIRECT","DIRECT","DNS/A","1785483079407003","2"
"russia","yandex_music","dns","yastatic.net","","","dns[3]:route","zeon-ru-yandex","DIRECT","DIRECT","DNS/HTTPS","1785483079407003","1"
"russia","yandex_music","route","yastatic.net","hmac-sha256:97a22d4efb59331b7da73906ccc4eddd","IPv4","route[6]:route","zeon-ru-yandex","DIRECT","DIRECT","TLS/TCP","1785483079407003","1"
"russia","yandex_music","dns","api.events.plus.yandex.net","","","dns[3]:route","zeon-ru-yandex","DIRECT","DIRECT","DNS/AAAA","1785483079407003","1"
"russia","yandex_music","dns","api.events.plus.yandex.net","","","dns[3]:route","zeon-ru-yandex","DIRECT","DIRECT","DNS/HTTPS","1785483079407003","1"
"russia","yandex_music","dns","api.events.plus.yandex.net","hmac-sha256:c0979ff3a65f91961740b41399a987b8","IPv4","dns[3]:route","zeon-ru-yandex","DIRECT","DIRECT","DNS/A","1785483079407003","1"
"russia","yandex_music","route","api.events.plus.yandex.net","hmac-sha256:c0979ff3a65f91961740b41399a987b8","IPv4","route[6]:route","zeon-ru-yandex","DIRECT","DIRECT","TLS/TCP","1785483079407003","1"
"russia","kinopoisk","dns","www.kinopoisk.ru","","","dns[5]:route","zapret-ru-domains","DIRECT","DIRECT","DNS/AAAA","1785483079407003","6"
"russia","kinopoisk","dns","www.kinopoisk.ru","","","dns[5]:route","zapret-ru-domains","DIRECT","DIRECT","DNS/HTTPS","1785483079407003","1"
"russia","kinopoisk","dns","www.kinopoisk.ru","hmac-sha256:219e8de691f345e20aad69a7d8d60d84","IPv4","dns[5]:route","zapret-ru-domains","DIRECT","DIRECT","DNS/A","1785483079407003","6"
"russia","kinopoisk","route","www.kinopoisk.ru","hmac-sha256:219e8de691f345e20aad69a7d8d60d84","IPv4","route[8]:route","zapret-ru-domains","DIRECT","DIRECT","TLS/TCP","1785483079407003","2"
"russia","kinopoisk","dns","sso.passport.yandex.ru","","","dns[3]:route","zeon-ru-yandex","DIRECT","DIRECT","DNS/AAAA","1785483079407003","3"
"russia","kinopoisk","dns","sso.passport.yandex.ru","hmac-sha256:0e9115b4d5e73fe28daa18076d91ad73","IPv4","dns[3]:route","zeon-ru-yandex","DIRECT","DIRECT","DNS/A","1785483079407003","3"
"russia","kinopoisk","dns","sso.passport.yandex.ru","","","dns[3]:route","zeon-ru-yandex","DIRECT","DIRECT","DNS/HTTPS","1785483079407003","1"
"russia","kinopoisk","route","sso.passport.yandex.ru","hmac-sha256:0e9115b4d5e73fe28daa18076d91ad73","IPv4","route[6]:route","zeon-ru-yandex","DIRECT","DIRECT","TLS/TCP","1785483079407003","2"
"russia","kinopoisk","dns","sso.kinopoisk.ru","","","dns[5]:route","zapret-ru-domains","DIRECT","DIRECT","DNS/AAAA","1785483079407003","9"
"russia","kinopoisk","dns","sso.kinopoisk.ru","","","dns[5]:route","zapret-ru-domains","DIRECT","DIRECT","DNS/HTTPS","1785483079407003","2"
"russia","kinopoisk","dns","sso.kinopoisk.ru","hmac-sha256:0e9115b4d5e73fe28daa18076d91ad73","IPv4","dns[5]:route","zapret-ru-domains","DIRECT","DIRECT","DNS/A","1785483079407003","8"
"russia","kinopoisk","route","sso.kinopoisk.ru","hmac-sha256:0e9115b4d5e73fe28daa18076d91ad73","IPv4","route[8]:route","zapret-ru-domains","DIRECT","DIRECT","TLS/TCP","1785483079407003","3"
"russia","kinopoisk","dns","sso.kinopoisk.ru","hmac-sha256:0e9115b4d5e73fe28daa18076d91ad73","IPv4","dns[6]:route","","VPN","REMOTE","DNS/A","1785483079407003","1"
"russia","kinopoisk","dns","yandex.ru","","","dns[3]:route","zeon-ru-yandex","DIRECT","DIRECT","DNS/AAAA","1785483079407003","2"
"russia","kinopoisk","dns","yandex.ru","","","dns[3]:route","zeon-ru-yandex","DIRECT","DIRECT","DNS/HTTPS","1785483079407003","2"
"russia","kinopoisk","dns","yandex.ru","hmac-sha256:bb555a46eeb51789d7deef0e34749c23","IPv4","dns[3]:route","zeon-ru-yandex","DIRECT","DIRECT","DNS/A","1785483079407003","2"
"russia","kinopoisk","dns","yandex.ru","hmac-sha256:7d82be72df8019e88de8bfbf3db041a8","IPv4","dns[3]:route","zeon-ru-yandex","DIRECT","DIRECT","DNS/A","1785483079407003","2"
"russia","kinopoisk","dns","yandex.ru","hmac-sha256:83171d37ebdd9b2a298ff52f2e51e3f1","IPv4","dns[3]:route","zeon-ru-yandex","DIRECT","DIRECT","DNS/A","1785483079407003","2"
"russia","kinopoisk","route","yandex.ru","hmac-sha256:bb555a46eeb51789d7deef0e34749c23","IPv4","route[6]:route","zeon-ru-yandex","DIRECT","DIRECT","TLS/TCP","1785483079407003","3"
"russia","kinopoisk","dns","yastatic.net","","","dns[3]:route","zeon-ru-yandex","DIRECT","DIRECT","DNS/AAAA","1785483079407003","5"
"russia","kinopoisk","dns","yastatic.net","","","dns[3]:route","zeon-ru-yandex","DIRECT","DIRECT","DNS/HTTPS","1785483079407003","2"
"russia","kinopoisk","dns","yastatic.net","hmac-sha256:97a22d4efb59331b7da73906ccc4eddd","IPv4","dns[3]:route","zeon-ru-yandex","DIRECT","DIRECT","DNS/A","1785483079407003","5"
"russia","kinopoisk","dns","avatars.mds.yandex.net","","","dns[3]:route","zeon-ru-yandex","DIRECT","DIRECT","DNS/AAAA","1785483079407003","1"
"russia","kinopoisk","dns","avatars.mds.yandex.net","","","dns[3]:route","zeon-ru-yandex","DIRECT","DIRECT","DNS/HTTPS","1785483079407003","1"
"russia","kinopoisk","dns","avatars.mds.yandex.net","hmac-sha256:d655ac67da1418e47e8f5c50e1965566","IPv4","dns[3]:route","zeon-ru-yandex","DIRECT","DIRECT","DNS/A","1785483079407003","1"
"russia","kinopoisk","dns","avatars.mds.yandex.net","hmac-sha256:ab2bfba4b99e2bcffc244ead70ff0e89","IPv4","dns[3]:route","zeon-ru-yandex","DIRECT","DIRECT","DNS/A","1785483079407003","1"
"russia","kinopoisk","dns","avatars.mds.yandex.net","hmac-sha256:7219c7a302ec2304e909eb1f43d8223b","IPv4","dns[3]:route","zeon-ru-yandex","DIRECT","DIRECT","DNS/A","1785483079407003","1"
"russia","kinopoisk","route","yastatic.net","hmac-sha256:97a22d4efb59331b7da73906ccc4eddd","IPv4","route[6]:route","zeon-ru-yandex","DIRECT","DIRECT","TLS/TCP","1785483079407003","8"
"russia","kinopoisk","dns","widgets.kinopoisk.ru","","","dns[5]:route","zapret-ru-domains","DIRECT","DIRECT","DNS/AAAA","1785483079407003","1"
"russia","kinopoisk","route","avatars.mds.yandex.net","hmac-sha256:d655ac67da1418e47e8f5c50e1965566","IPv4","route[6]:route","zeon-ru-yandex","DIRECT","DIRECT","TLS/TCP","1785483079407003","5"
"russia","kinopoisk","dns","widgets.kinopoisk.ru","","","dns[5]:route","zapret-ru-domains","DIRECT","DIRECT","DNS/HTTPS","1785483079407003","1"
"russia","kinopoisk","dns","widgets.kinopoisk.ru","hmac-sha256:43f2447b80404050466e0221dd06ba5b","IPv4","dns[5]:route","zapret-ru-domains","DIRECT","DIRECT","DNS/A","1785483079407003","1"
"russia","kinopoisk","route","widgets.kinopoisk.ru","hmac-sha256:43f2447b80404050466e0221dd06ba5b","IPv4","route[8]:route","zapret-ru-domains","DIRECT","DIRECT","TLS/TCP","1785483079407003","1"
"russia","kinopoisk","dns","mc.yandex.ru","","","dns[2]:predefined","ru-adlist-hardcoded,geosite-ads,geosite-malware,geosite-phishing,geosite-cryptominers","BLOCK","BLOCK","DNS/AAAA","1785483079407003","36"
"russia","kinopoisk","dns","mc.yandex.ru","","","dns[2]:predefined","ru-adlist-hardcoded,geosite-ads,geosite-malware,geosite-phishing,geosite-cryptominers","BLOCK","BLOCK","DNS/HTTPS","1785483079407003","18"
"russia","kinopoisk","dns","mc.yandex.ru","","","dns[2]:predefined","ru-adlist-hardcoded,geosite-ads,geosite-malware,geosite-phishing,geosite-cryptominers","BLOCK","BLOCK","DNS/A","1785483079407003","36"
"russia","kinopoisk","dns","api.acquisition-gwe.plus.kinopoisk.ru","","","dns[5]:route","zapret-ru-domains","DIRECT","DIRECT","DNS/AAAA","1785483079407003","1"
"russia","kinopoisk","dns","api.acquisition-gwe.plus.kinopoisk.ru","","","dns[5]:route","zapret-ru-domains","DIRECT","DIRECT","DNS/HTTPS","1785483079407003","1"
"russia","kinopoisk","dns","api.acquisition-gwe.plus.kinopoisk.ru","hmac-sha256:29a15275efb2c772170af9f2af31fe20","IPv4","dns[5]:route","zapret-ru-domains","DIRECT","DIRECT","DNS/A","1785483079407003","1"
"russia","kinopoisk","route","api.acquisition-gwe.plus.kinopoisk.ru","hmac-sha256:29a15275efb2c772170af9f2af31fe20","IPv4","route[8]:route","zapret-ru-domains","DIRECT","DIRECT","TLS/TCP","1785483079407003","4"
"russia","kinopoisk","dns","graphql.kinopoisk.ru","","","dns[5]:route","zapret-ru-domains","DIRECT","DIRECT","DNS/AAAA","1785483079407003","1"
"russia","kinopoisk","dns","graphql.kinopoisk.ru","","","dns[5]:route","zapret-ru-domains","DIRECT","DIRECT","DNS/HTTPS","1785483079407003","1"
"russia","kinopoisk","dns","graphql.kinopoisk.ru","hmac-sha256:4c2f0ff2c3d93492f080198302a04e73","IPv4","dns[5]:route","zapret-ru-domains","DIRECT","DIRECT","DNS/A","1785483079407003","1"
"russia","kinopoisk","route","graphql.kinopoisk.ru","hmac-sha256:4c2f0ff2c3d93492f080198302a04e73","IPv4","route[8]:route","zapret-ru-domains","DIRECT","DIRECT","TLS/TCP","1785483079407003","7"
"russia","kinopoisk","dns","an.yandex.ru","","","dns[2]:predefined","ru-adlist-hardcoded,geosite-ads,geosite-malware,geosite-phishing,geosite-cryptominers","BLOCK","BLOCK","DNS/AAAA","1785483079407003","8"
"russia","kinopoisk","dns","an.yandex.ru","","","dns[2]:predefined","ru-adlist-hardcoded,geosite-ads,geosite-malware,geosite-phishing,geosite-cryptominers","BLOCK","BLOCK","DNS/A","1785483079407003","8"
"russia","kinopoisk","dns","an.yandex.ru","","","dns[2]:predefined","ru-adlist-hardcoded,geosite-ads,geosite-malware,geosite-phishing,geosite-cryptominers","BLOCK","BLOCK","DNS/HTTPS","1785483079407003","4"
"russia","kinopoisk","dns","api.passport.yandex.ru","","","dns[3]:route","zeon-ru-yandex","DIRECT","DIRECT","DNS/AAAA","1785483079407003","1"
"russia","kinopoisk","dns","api.passport.yandex.ru","","","dns[3]:route","zeon-ru-yandex","DIRECT","DIRECT","DNS/HTTPS","1785483079407003","1"
"russia","kinopoisk","dns","api.passport.yandex.ru","hmac-sha256:149aa3ccaeb74ebf282e7a0387330a6f","IPv4","dns[3]:route","zeon-ru-yandex","DIRECT","DIRECT","DNS/A","1785483079407003","1"
"russia","kinopoisk","dns","payment-widget.plus.kinopoisk.ru","","","dns[5]:route","zapret-ru-domains","DIRECT","DIRECT","DNS/AAAA","1785483079407003","1"
"russia","kinopoisk","route","api.passport.yandex.ru","hmac-sha256:149aa3ccaeb74ebf282e7a0387330a6f","IPv4","route[6]:route","zeon-ru-yandex","DIRECT","DIRECT","TLS/TCP","1785483079407003","1"
"russia","kinopoisk","dns","payment-widget.plus.kinopoisk.ru","hmac-sha256:c0f6f3d5e4a07ed877d56394b95338ed","IPv4","dns[5]:route","zapret-ru-domains","DIRECT","DIRECT","DNS/A","1785483079407003","1"
"russia","kinopoisk","dns","payment-widget.plus.kinopoisk.ru","","","dns[5]:route","zapret-ru-domains","DIRECT","DIRECT","DNS/HTTPS","1785483079407003","1"
"russia","kinopoisk","route","payment-widget.plus.kinopoisk.ru","hmac-sha256:c0f6f3d5e4a07ed877d56394b95338ed","IPv4","route[8]:route","zapret-ru-domains","DIRECT","DIRECT","TLS/TCP","1785483079407003","1"
"russia","kinopoisk","dns","static-mon.yandex.net","","","dns[2]:predefined","ru-adlist-hardcoded,geosite-ads,geosite-malware,geosite-phishing,geosite-cryptominers","BLOCK","BLOCK","DNS/AAAA","1785483079407003","8"
"russia","kinopoisk","dns","static-mon.yandex.net","","","dns[2]:predefined","ru-adlist-hardcoded,geosite-ads,geosite-malware,geosite-phishing,geosite-cryptominers","BLOCK","BLOCK","DNS/HTTPS","1785483079407003","4"
"russia","kinopoisk","dns","static-mon.yandex.net","","","dns[2]:predefined","ru-adlist-hardcoded,geosite-ads,geosite-malware,geosite-phishing,geosite-cryptominers","BLOCK","BLOCK","DNS/A","1785483079407003","8"
"russia","kinopoisk","dns","browser-updater.yandex.net","","","dns[2]:predefined","ru-adlist-hardcoded,geosite-ads,geosite-malware,geosite-phishing,geosite-cryptominers","BLOCK","BLOCK","DNS/AAAA","1785483079407003","8"
"russia","kinopoisk","dns","browser-updater.yandex.net","","","dns[2]:predefined","ru-adlist-hardcoded,geosite-ads,geosite-malware,geosite-phishing,geosite-cryptominers","BLOCK","BLOCK","DNS/HTTPS","1785483079407003","4"
"russia","kinopoisk","dns","browser-updater.yandex.net","","","dns[2]:predefined","ru-adlist-hardcoded,geosite-ads,geosite-malware,geosite-phishing,geosite-cryptominers","BLOCK","BLOCK","DNS/A","1785483079407003","8"
"russia","kinopoisk","dns","api.events.plus.yandex.net","","","dns[3]:route","zeon-ru-yandex","DIRECT","DIRECT","DNS/AAAA","1785483079407003","1"
"russia","kinopoisk","dns","api.events.plus.yandex.net","hmac-sha256:c0979ff3a65f91961740b41399a987b8","IPv4","dns[3]:route","zeon-ru-yandex","DIRECT","DIRECT","DNS/A","1785483079407003","1"
"russia","kinopoisk","dns","api.events.plus.yandex.net","","","dns[3]:route","zeon-ru-yandex","DIRECT","DIRECT","DNS/HTTPS","1785483079407003","1"
"russia","kinopoisk","route","api.events.plus.yandex.net","hmac-sha256:c0979ff3a65f91961740b41399a987b8","IPv4","route[6]:route","zeon-ru-yandex","DIRECT","DIRECT","TLS/TCP","1785483079407003","1"
"russia","kinopoisk","dns","storage.mds.yandex.net","","","dns[3]:route","zeon-ru-yandex","DIRECT","DIRECT","DNS/AAAA","1785483079407003","1"
"russia","kinopoisk","dns","storage.mds.yandex.net","","","dns[3]:route","zeon-ru-yandex","DIRECT","DIRECT","DNS/HTTPS","1785483079407003","1"
"russia","kinopoisk","dns","storage.mds.yandex.net","hmac-sha256:0ed2231bb73f170a6c6a20410a5b1fa0","IPv4","dns[3]:route","zeon-ru-yandex","DIRECT","DIRECT","DNS/A","1785483079407003","1"
"russia","kinopoisk","route","storage.mds.yandex.net","hmac-sha256:0ed2231bb73f170a6c6a20410a5b1fa0","IPv4","route[6]:route","zeon-ru-yandex","DIRECT","DIRECT","TLS/TCP","1785483079407003","4"
"russia","wildberries","dns","www.wildberries.ru","","","dns[4]:route","zeon-ru-wildberries","DIRECT","DIRECT","DNS/AAAA","1785483079407003","3"
"russia","wildberries","dns","static-basket-01.wbbasket.ru","","","dns[4]:route","zeon-ru-wildberries","DIRECT","DIRECT","DNS/AAAA","1785483079407003","3"
"russia","wildberries","dns","www.wildberries.ru","","","dns[4]:route","zeon-ru-wildberries","DIRECT","DIRECT","DNS/HTTPS","1785483079407003","1"
"russia","wildberries","dns","www.wildberries.ru","hmac-sha256:3023c17afaa31cdb7691c060713d5e32","IPv4","dns[4]:route","zeon-ru-wildberries","DIRECT","DIRECT","DNS/A","1785483079407003","3"
"russia","wildberries","route","www.wildberries.ru","hmac-sha256:3023c17afaa31cdb7691c060713d5e32","IPv4","route[7]:route","zeon-ru-wildberries","DIRECT","DIRECT","QUIC/UDP","1785483079407003","1"
"russia","wildberries","dns","static-basket-01.wbbasket.ru","hmac-sha256:4e8e36ce86e7cd44d17c65a9a092bc45","IPv4","dns[4]:route","zeon-ru-wildberries","DIRECT","DIRECT","DNS/A","1785483079407003","3"
"russia","wildberries","dns","static-basket-01.wbbasket.ru","","","dns[4]:route","zeon-ru-wildberries","DIRECT","DIRECT","DNS/HTTPS","1785483079407003","2"
"russia","wildberries","dns","static-basket-01.wbbasket.ru","hmac-sha256:f4184d5d64f02fcb308a2533360773aa","IPv4","dns[4]:route","zeon-ru-wildberries","DIRECT","DIRECT","DNS/A","1785483079407003","3"
"russia","wildberries","dns","static-basket-01.wbbasket.ru","hmac-sha256:301c9b1784e3808584972497585723ca","IPv4","dns[4]:route","zeon-ru-wildberries","DIRECT","DIRECT","DNS/A","1785483079407003","3"
"russia","wildberries","route","static-basket-01.wbbasket.ru","hmac-sha256:4e8e36ce86e7cd44d17c65a9a092bc45","IPv4","route[7]:route","zeon-ru-wildberries","DIRECT","DIRECT","QUIC/UDP","1785483079407003","4"
"russia","wildberries","dns","splitter.wb.ru","","","dns[4]:route","zeon-ru-wildberries","DIRECT","DIRECT","DNS/AAAA","1785483079407003","1"
"russia","wildberries","dns","splitter.wb.ru","","","dns[4]:route","zeon-ru-wildberries","DIRECT","DIRECT","DNS/HTTPS","1785483079407003","1"
"russia","wildberries","dns","splitter.wb.ru","hmac-sha256:7b62ec5a1db8f8d1e453f1f674374fe3","IPv4","dns[4]:route","zeon-ru-wildberries","DIRECT","DIRECT","DNS/A","1785483079407003","1"
"russia","wildberries","dns","splitter.wb.ru","hmac-sha256:6ecd5ac59b983f6f6a45410c247fddd4","IPv4","dns[4]:route","zeon-ru-wildberries","DIRECT","DIRECT","DNS/A","1785483079407003","1"
"russia","wildberries","dns","splitter.wb.ru","hmac-sha256:4c1023d2622b9fa576c4097098a784c2","IPv4","dns[4]:route","zeon-ru-wildberries","DIRECT","DIRECT","DNS/A","1785483079407003","1"
"russia","wildberries","dns","splitter.wb.ru","hmac-sha256:76cba3ac2dee704f065cab442dcef30b","IPv4","dns[4]:route","zeon-ru-wildberries","DIRECT","DIRECT","DNS/A","1785483079407003","1"
"russia","wildberries","route","splitter.wb.ru","hmac-sha256:7b62ec5a1db8f8d1e453f1f674374fe3","IPv4","route[7]:route","zeon-ru-wildberries","DIRECT","DIRECT","TLS/TCP","1785483079407003","1"
"russia","wildberries","dns","antibot.wildberries.ru","","","dns[4]:route","zeon-ru-wildberries","DIRECT","DIRECT","DNS/AAAA","1785483079407003","1"
"russia","wildberries","dns","antibot.wildberries.ru","","","dns[4]:route","zeon-ru-wildberries","DIRECT","DIRECT","DNS/HTTPS","1785483079407003","1"
"russia","wildberries","dns","antibot.wildberries.ru","hmac-sha256:86a7778f7ccad2cf8912b362ea02e341","IPv4","dns[4]:route","zeon-ru-wildberries","DIRECT","DIRECT","DNS/A","1785483079407003","1"
"russia","wildberries","route","antibot.wildberries.ru","hmac-sha256:86a7778f7ccad2cf8912b362ea02e341","IPv4","route[7]:route","zeon-ru-wildberries","DIRECT","DIRECT","TLS/TCP","1785483079407003","1"
"russia","wildberries","dns","marketplace-sentry.wb.ru","","","dns[4]:route","zeon-ru-wildberries","DIRECT","DIRECT","DNS/AAAA","1785483079407003","1"
"russia","wildberries","dns","marketplace-sentry.wb.ru","","","dns[4]:route","zeon-ru-wildberries","DIRECT","DIRECT","DNS/HTTPS","1785483079407003","1"
"russia","wildberries","dns","marketplace-sentry.wb.ru","hmac-sha256:439a4de97f5a367678ed55b70c322b14","IPv4","dns[4]:route","zeon-ru-wildberries","DIRECT","DIRECT","DNS/A","1785483079407003","1"
"russia","wildberries","route","marketplace-sentry.wb.ru","hmac-sha256:439a4de97f5a367678ed55b70c322b14","IPv4","route[7]:route","zeon-ru-wildberries","DIRECT","DIRECT","TLS/TCP","1785483079407003","1"
"russia","wildberries","dns","a.wb.ru","","","dns[2]:predefined","ru-adlist-hardcoded,geosite-ads,geosite-malware,geosite-phishing,geosite-cryptominers","BLOCK","BLOCK","DNS/HTTPS","1785483079407003","4"
"russia","wildberries","dns","a.wb.ru","","","dns[2]:predefined","ru-adlist-hardcoded,geosite-ads,geosite-malware,geosite-phishing,geosite-cryptominers","BLOCK","BLOCK","DNS/A","1785483079407003","8"
"russia","wildberries","dns","a.wb.ru","","","dns[2]:predefined","ru-adlist-hardcoded,geosite-ads,geosite-malware,geosite-phishing,geosite-cryptominers","BLOCK","BLOCK","DNS/AAAA","1785483079407003","8"
"russia","wildberries","dns","banners-website.wildberries.ru","","","dns[4]:route","zeon-ru-wildberries","DIRECT","DIRECT","DNS/AAAA","1785483079407003","1"
"russia","wildberries","dns","banners-website.wildberries.ru","hmac-sha256:dcab474725e2f4d9215a3331952253fa","IPv4","dns[4]:route","zeon-ru-wildberries","DIRECT","DIRECT","DNS/A","1785483079407003","1"
"russia","wildberries","dns","banners-website.wildberries.ru","","","dns[4]:route","zeon-ru-wildberries","DIRECT","DIRECT","DNS/HTTPS","1785483079407003","1"
"russia","wildberries","route","banners-website.wildberries.ru","hmac-sha256:dcab474725e2f4d9215a3331952253fa","IPv4","route[7]:route","zeon-ru-wildberries","DIRECT","DIRECT","TLS/TCP","1785483079407003","1"
"russia","wildberries","dns","marketing-info.wildberries.ru","","","dns[4]:route","zeon-ru-wildberries","DIRECT","DIRECT","DNS/AAAA","1785483079407003","1"
"russia","wildberries","dns","marketing-info.wildberries.ru","","","dns[4]:route","zeon-ru-wildberries","DIRECT","DIRECT","DNS/HTTPS","1785483079407003","1"
"russia","wildberries","dns","marketing-info.wildberries.ru","hmac-sha256:374a3820b8fe29f1f6caef8f0628b9c9","IPv4","dns[4]:route","zeon-ru-wildberries","DIRECT","DIRECT","DNS/A","1785483079407003","1"
"russia","wildberries","dns","marketing-info.wildberries.ru","hmac-sha256:06637256aa79d6e535a8c14e0ddb3136","IPv4","dns[4]:route","zeon-ru-wildberries","DIRECT","DIRECT","DNS/A","1785483079407003","1"
"russia","wildberries","dns","marketing-info.wildberries.ru","hmac-sha256:1506b6d81762861cb294090830217dec","IPv4","dns[4]:route","zeon-ru-wildberries","DIRECT","DIRECT","DNS/A","1785483079407003","1"
"russia","wildberries","route","marketing-info.wildberries.ru","hmac-sha256:374a3820b8fe29f1f6caef8f0628b9c9","IPv4","route[7]:route","zeon-ru-wildberries","DIRECT","DIRECT","TLS/TCP","1785483079407003","1"
"russia","wildberries","dns","chat-prod.wildberries.ru","","","dns[4]:route","zeon-ru-wildberries","DIRECT","DIRECT","DNS/AAAA","1785483079407003","1"
"russia","wildberries","dns","chat-prod.wildberries.ru","","","dns[4]:route","zeon-ru-wildberries","DIRECT","DIRECT","DNS/HTTPS","1785483079407003","1"
"russia","wildberries","dns","chat-prod.wildberries.ru","hmac-sha256:439a4de97f5a367678ed55b70c322b14","IPv4","dns[4]:route","zeon-ru-wildberries","DIRECT","DIRECT","DNS/A","1785483079407003","1"
"russia","wildberries","route","chat-prod.wildberries.ru","hmac-sha256:439a4de97f5a367678ed55b70c322b14","IPv4","route[7]:route","zeon-ru-wildberries","DIRECT","DIRECT","TLS/TCP","1785483079407003","2"
"russia","wildberries","dns","static-basket-02.wb.ru","","","dns[4]:route","zeon-ru-wildberries","DIRECT","DIRECT","DNS/AAAA","1785483079407003","1"
"russia","wildberries","dns","static-basket-02.wb.ru","","","dns[4]:route","zeon-ru-wildberries","DIRECT","DIRECT","DNS/HTTPS","1785483079407003","1"
"russia","wildberries","dns","static-basket-02.wb.ru","hmac-sha256:4e8a018d946cb65c984c5c079d7d587d","IPv4","dns[4]:route","zeon-ru-wildberries","DIRECT","DIRECT","DNS/A","1785483079407003","1"
"russia","wildberries","dns","static-basket-02.wb.ru","hmac-sha256:47fb2981fa987961caf0f43b7866e673","IPv4","dns[4]:route","zeon-ru-wildberries","DIRECT","DIRECT","DNS/A","1785483079407003","1"
"russia","wildberries","dns","static-basket-02.wb.ru","hmac-sha256:43dcd45757a25952c360eb29cef494d9","IPv4","dns[4]:route","zeon-ru-wildberries","DIRECT","DIRECT","DNS/A","1785483079407003","1"
"russia","wildberries","route","static-basket-02.wb.ru","hmac-sha256:4e8a018d946cb65c984c5c079d7d587d","IPv4","route[7]:route","zeon-ru-wildberries","DIRECT","DIRECT","QUIC/UDP","1785483079407003","1"
"russia","wildberries","route","www.wildberries.ru","hmac-sha256:3023c17afaa31cdb7691c060713d5e32","IPv4","route[7]:route","zeon-ru-wildberries","DIRECT","DIRECT","TLS/TCP","1785483079407003","1"
"russia","wildberries","dns","basket-28.wbbasket.ru","","","dns[4]:route","zeon-ru-wildberries","DIRECT","DIRECT","DNS/AAAA","1785483079407003","1"
"russia","wildberries","dns","basket-28.wbbasket.ru","","","dns[4]:route","zeon-ru-wildberries","DIRECT","DIRECT","DNS/HTTPS","1785483079407003","1"
"russia","wildberries","dns","basket-28.wbbasket.ru","hmac-sha256:4ce0a7f1e43e7857afa3fc7910a91196","IPv4","dns[4]:route","zeon-ru-wildberries","DIRECT","DIRECT","DNS/A","1785483079407003","1"
"russia","wildberries","dns","basket-28.wbbasket.ru","hmac-sha256:d6fc4145193e90acfb934f8cae9a1f8b","IPv4","dns[4]:route","zeon-ru-wildberries","DIRECT","DIRECT","DNS/A","1785483079407003","1"
"russia","wildberries","dns","basket-28.wbbasket.ru","hmac-sha256:8e696b04a28a578c5dd64feb493c6410","IPv4","dns[4]:route","zeon-ru-wildberries","DIRECT","DIRECT","DNS/A","1785483079407003","1"
"russia","wildberries","route","basket-28.wbbasket.ru","hmac-sha256:4ce0a7f1e43e7857afa3fc7910a91196","IPv4","route[7]:route","zeon-ru-wildberries","DIRECT","DIRECT","QUIC/UDP","1785483079407003","1"
"russia","wildberries","dns","basket-23.wbbasket.ru","","","dns[4]:route","zeon-ru-wildberries","DIRECT","DIRECT","DNS/AAAA","1785483079407003","1"
"russia","wildberries","dns","basket-37.wbbasket.ru","","","dns[4]:route","zeon-ru-wildberries","DIRECT","DIRECT","DNS/AAAA","1785483079407003","1"
"russia","wildberries","dns","basket-12.wbbasket.ru","","","dns[4]:route","zeon-ru-wildberries","DIRECT","DIRECT","DNS/AAAA","1785483079407003","1"
"russia","wildberries","dns","basket-29.wbbasket.ru","","","dns[4]:route","zeon-ru-wildberries","DIRECT","DIRECT","DNS/AAAA","1785483079407003","1"
"russia","wildberries","dns","basket-24.wbbasket.ru","","","dns[4]:route","zeon-ru-wildberries","DIRECT","DIRECT","DNS/AAAA","1785483079407003","1"
"russia","wildberries","dns","basket-23.wbbasket.ru","","","dns[4]:route","zeon-ru-wildberries","DIRECT","DIRECT","DNS/HTTPS","1785483079407003","1"
"russia","wildberries","dns","basket-23.wbbasket.ru","hmac-sha256:cf16907bd57d7887c93ee74d58e84df1","IPv4","dns[4]:route","zeon-ru-wildberries","DIRECT","DIRECT","DNS/A","1785483079407003","1"
"russia","wildberries","dns","basket-23.wbbasket.ru","hmac-sha256:6dfa10dc821d7ae1b40c51c3aaa51330","IPv4","dns[4]:route","zeon-ru-wildberries","DIRECT","DIRECT","DNS/A","1785483079407003","1"
"russia","wildberries","dns","basket-23.wbbasket.ru","hmac-sha256:029b1cde822ad0e49f85011b8af9df0f","IPv4","dns[4]:route","zeon-ru-wildberries","DIRECT","DIRECT","DNS/A","1785483079407003","1"
"russia","wildberries","dns","nel.wb.ru","","","dns[2]:predefined","ru-adlist-hardcoded,geosite-ads,geosite-malware,geosite-phishing,geosite-cryptominers","BLOCK","BLOCK","DNS/AAAA","1785483079407003","8"
"russia","wildberries","dns","nel.wb.ru","","","dns[2]:predefined","ru-adlist-hardcoded,geosite-ads,geosite-malware,geosite-phishing,geosite-cryptominers","BLOCK","BLOCK","DNS/HTTPS","1785483079407003","4"
"russia","wildberries","dns","nel.wb.ru","","","dns[2]:predefined","ru-adlist-hardcoded,geosite-ads,geosite-malware,geosite-phishing,geosite-cryptominers","BLOCK","BLOCK","DNS/A","1785483079407003","8"
"russia","wildberries","dns","basket-37.wbbasket.ru","hmac-sha256:431e0a253e54d022cce44c1979f0e3af","IPv4","dns[4]:route","zeon-ru-wildberries","DIRECT","DIRECT","DNS/A","1785483079407003","1"
"russia","wildberries","dns","basket-37.wbbasket.ru","hmac-sha256:79c1779c6cee3fe64c1c8186b17c2f14","IPv4","dns[4]:route","zeon-ru-wildberries","DIRECT","DIRECT","DNS/A","1785483079407003","1"
"russia","wildberries","dns","basket-37.wbbasket.ru","","","dns[4]:route","zeon-ru-wildberries","DIRECT","DIRECT","DNS/HTTPS","1785483079407003","1"
"russia","wildberries","dns","basket-37.wbbasket.ru","hmac-sha256:8ae0a8f9d636d116cc28881cb85bc730","IPv4","dns[4]:route","zeon-ru-wildberries","DIRECT","DIRECT","DNS/A","1785483079407003","1"
"russia","wildberries","route","dr.yandex.net","hmac-sha256:7323d02b85da9e79103b2f37c56cbdfe","IPv4","route[6]:route","zeon-ru-yandex","DIRECT","DIRECT","TLS/TCP","1785483079407003","3"
"russia","wildberries","dns","basket-24.wbbasket.ru","hmac-sha256:bfb38e7b33996a8f31851082d6b45369","IPv4","dns[4]:route","zeon-ru-wildberries","DIRECT","DIRECT","DNS/A","1785483079407003","1"
"russia","wildberries","dns","basket-24.wbbasket.ru","hmac-sha256:3d497936fc5db36c5b330b6d6ab8841b","IPv4","dns[4]:route","zeon-ru-wildberries","DIRECT","DIRECT","DNS/A","1785483079407003","1"
"russia","wildberries","dns","basket-24.wbbasket.ru","hmac-sha256:37065f0523f1fb909d3211dce67fde05","IPv4","dns[4]:route","zeon-ru-wildberries","DIRECT","DIRECT","DNS/A","1785483079407003","1"
"russia","wildberries","dns","basket-12.wbbasket.ru","hmac-sha256:436a39fe25c9568a09fb64a2b255de31","IPv4","dns[4]:route","zeon-ru-wildberries","DIRECT","DIRECT","DNS/A","1785483079407003","1"
"russia","wildberries","dns","basket-12.wbbasket.ru","hmac-sha256:57509d37079412395857235b7470b1ac","IPv4","dns[4]:route","zeon-ru-wildberries","DIRECT","DIRECT","DNS/A","1785483079407003","1"
"russia","wildberries","dns","basket-12.wbbasket.ru","","","dns[4]:route","zeon-ru-wildberries","DIRECT","DIRECT","DNS/HTTPS","1785483079407003","1"
"russia","wildberries","dns","basket-12.wbbasket.ru","hmac-sha256:7a75514afbf451c5bb2ff7b9f6b79df8","IPv4","dns[4]:route","zeon-ru-wildberries","DIRECT","DIRECT","DNS/A","1785483079407003","1"
"russia","wildberries","dns","basket-29.wbbasket.ru","","","dns[4]:route","zeon-ru-wildberries","DIRECT","DIRECT","DNS/HTTPS","1785483079407003","1"
"russia","wildberries","dns","basket-29.wbbasket.ru","hmac-sha256:11f92b371978a5eddd3c471d2e4f0bf8","IPv4","dns[4]:route","zeon-ru-wildberries","DIRECT","DIRECT","DNS/A","1785483079407003","1"
"russia","wildberries","dns","basket-29.wbbasket.ru","hmac-sha256:82a9a5383442b307cee883fe36947e18","IPv4","dns[4]:route","zeon-ru-wildberries","DIRECT","DIRECT","DNS/A","1785483079407003","1"
"russia","wildberries","dns","basket-29.wbbasket.ru","hmac-sha256:87d85fd0419c3d02fc5459b4afc999c3","IPv4","dns[4]:route","zeon-ru-wildberries","DIRECT","DIRECT","DNS/A","1785483079407003","1"
"russia","wildberries","route","basket-23.wbbasket.ru","hmac-sha256:cf16907bd57d7887c93ee74d58e84df1","IPv4","route[7]:route","zeon-ru-wildberries","DIRECT","DIRECT","TLS/TCP","1785483079407003","1"
"russia","wildberries","route","basket-12.wbbasket.ru","hmac-sha256:436a39fe25c9568a09fb64a2b255de31","IPv4","route[7]:route","zeon-ru-wildberries","DIRECT","DIRECT","QUIC/UDP","1785483079407003","1"
"russia","wildberries","route","basket-29.wbbasket.ru","hmac-sha256:11f92b371978a5eddd3c471d2e4f0bf8","IPv4","route[7]:route","zeon-ru-wildberries","DIRECT","DIRECT","TLS/TCP","1785483079407003","1"
"russia","wildberries","dns","basket-24.wbbasket.ru","","","dns[4]:route","zeon-ru-wildberries","DIRECT","DIRECT","DNS/HTTPS","1785483079407003","1"
"russia","wildberries","route","basket-37.wbbasket.ru","hmac-sha256:431e0a253e54d022cce44c1979f0e3af","IPv4","route[7]:route","zeon-ru-wildberries","DIRECT","DIRECT","TLS/TCP","1785483079407003","1"
"russia","wildberries","route","basket-24.wbbasket.ru","hmac-sha256:bfb38e7b33996a8f31851082d6b45369","IPv4","route[7]:route","zeon-ru-wildberries","DIRECT","DIRECT","TLS/TCP","1785483079407003","1"
"russia","wildberries","dns","data-checker.wildberries.ru","","","dns[4]:route","zeon-ru-wildberries","DIRECT","DIRECT","DNS/AAAA","1785483079407003","1"
"russia","wildberries","dns","data-checker.wildberries.ru","","","dns[4]:route","zeon-ru-wildberries","DIRECT","DIRECT","DNS/HTTPS","1785483079407003","1"
"russia","wildberries","dns","data-checker.wildberries.ru","hmac-sha256:06637256aa79d6e535a8c14e0ddb3136","IPv4","dns[4]:route","zeon-ru-wildberries","DIRECT","DIRECT","DNS/A","1785483079407003","1"
"russia","wildberries","dns","data-checker.wildberries.ru","hmac-sha256:1506b6d81762861cb294090830217dec","IPv4","dns[4]:route","zeon-ru-wildberries","DIRECT","DIRECT","DNS/A","1785483079407003","1"
"russia","wildberries","dns","data-checker.wildberries.ru","hmac-sha256:374a3820b8fe29f1f6caef8f0628b9c9","IPv4","dns[4]:route","zeon-ru-wildberries","DIRECT","DIRECT","DNS/A","1785483079407003","1"
"russia","wildberries","route","data-checker.wildberries.ru","hmac-sha256:06637256aa79d6e535a8c14e0ddb3136","IPv4","route[7]:route","zeon-ru-wildberries","DIRECT","DIRECT","TLS/TCP","1785483079407003","1"
"russia","wildberries","dns","cdn.wbbasket.ru","","","dns[4]:route","zeon-ru-wildberries","DIRECT","DIRECT","DNS/AAAA","1785483079407003","1"
"russia","wildberries","dns","cdn.wbbasket.ru","","","dns[4]:route","zeon-ru-wildberries","DIRECT","DIRECT","DNS/HTTPS","1785483079407003","1"
"russia","wildberries","dns","cdn.wbbasket.ru","hmac-sha256:fee2df991d99639b6172150e2173721f","IPv4","dns[4]:route","zeon-ru-wildberries","DIRECT","DIRECT","DNS/A","1785483079407003","1"
"russia","wildberries","dns","cdn.wbbasket.ru","hmac-sha256:d9564313241ba0c5ff09e50388c61a84","IPv4","dns[4]:route","zeon-ru-wildberries","DIRECT","DIRECT","DNS/A","1785483079407003","1"
"russia","wildberries","dns","cdn.wbbasket.ru","hmac-sha256:d5714feb6d42d0b7093203841b903ffb","IPv4","dns[4]:route","zeon-ru-wildberries","DIRECT","DIRECT","DNS/A","1785483079407003","1"
"russia","wildberries","route","cdn.wbbasket.ru","hmac-sha256:fee2df991d99639b6172150e2173721f","IPv4","route[7]:route","zeon-ru-wildberries","DIRECT","DIRECT","TLS/TCP","1785483079407003","1"
"russia","wildberries","dns","acollector.wb.ru","","","dns[2]:predefined","ru-adlist-hardcoded,geosite-ads,geosite-malware,geosite-phishing,geosite-cryptominers","BLOCK","BLOCK","DNS/HTTPS","1785483079407003","4"
"russia","wildberries","dns","acollector.wb.ru","","","dns[2]:predefined","ru-adlist-hardcoded,geosite-ads,geosite-malware,geosite-phishing,geosite-cryptominers","BLOCK","BLOCK","DNS/AAAA","1785483079407003","8"
"russia","wildberries","dns","acollector.wb.ru","","","dns[2]:predefined","ru-adlist-hardcoded,geosite-ads,geosite-malware,geosite-phishing,geosite-cryptominers","BLOCK","BLOCK","DNS/A","1785483079407003","8"
"russia","wildberries","route","cbr.ru","hmac-sha256:e2494572cce0735628ecc3886e8e812a","IPv4","route[8]:route","zapret-ru-domains","DIRECT","DIRECT","TLS/TCP","1785483079407003","1"
"russia","ozon","dns","www.ozon.ru","","","dns[5]:route","zapret-ru-domains","DIRECT","DIRECT","DNS/AAAA","1785483079407003","4"
"russia","ozon","dns","www.ozon.ru","","","dns[5]:route","zapret-ru-domains","DIRECT","DIRECT","DNS/HTTPS","1785483079407003","1"
"russia","ozon","dns","www.ozon.ru","hmac-sha256:b5667c75010e3af6ae0a687cd9464cb5","IPv4","dns[5]:route","zapret-ru-domains","DIRECT","DIRECT","DNS/A","1785483079407003","4"
"russia","ozon","dns","www.ozon.ru","hmac-sha256:76fb2a7ba346cd54b92ec6648588bab4","IPv4","dns[5]:route","zapret-ru-domains","DIRECT","DIRECT","DNS/A","1785483079407003","4"
"russia","ozon","route","www.ozon.ru","hmac-sha256:b5667c75010e3af6ae0a687cd9464cb5","IPv4","route[8]:route","zapret-ru-domains","DIRECT","DIRECT","TLS/TCP","1785483079407003","2"
"russia","ozon","route","www.ozon.ru","hmac-sha256:b5667c75010e3af6ae0a687cd9464cb5","IPv4","route[8]:route","zapret-ru-domains","DIRECT","DIRECT","QUIC/UDP","1785483079407003","1"
"russia","ozon","dns","cdn1.ozonusercontent.com","","","dns[6]:route","","VPN","REMOTE","DNS/AAAA","1785483079407003","2"
"russia","ozon","dns","cdn1.ozonusercontent.com","","","dns[6]:route","","VPN","REMOTE","DNS/HTTPS","1785483079407003","2"
"russia","ozon","dns","cdn1.ozonusercontent.com","hmac-sha256:c05cb3cc986b542b9c514883154e40c6","IPv4","dns[6]:route","","VPN","REMOTE","DNS/A","1785483079407003","2"
"russia","ozon","dns","cdn1.ozonusercontent.com","hmac-sha256:a389a53fb0344424ce443369cf4b25ee","IPv4","dns[6]:route","","VPN","REMOTE","DNS/A","1785483079407003","2"
"russia","ozon","route","cdn1.ozonusercontent.com","hmac-sha256:c05cb3cc986b542b9c514883154e40c6","IPv4","route[9]:route","zapret-ru-ip","DIRECT","REMOTE","TLS/TCP","1785483079407003","3"
"russia","ozon","route","cdn1.ozonusercontent.com","hmac-sha256:a389a53fb0344424ce443369cf4b25ee","IPv4","route[8]:route","zapret-ru-domains","DIRECT","REMOTE","QUIC/UDP","1785483079407003","2"
"russia","ozon","route","cdn1.ozonusercontent.com","hmac-sha256:c05cb3cc986b542b9c514883154e40c6","IPv4","route[9]:route","zapret-ru-ip","DIRECT","REMOTE","QUIC/UDP","1785483079407003","1"
"russia","ozon","dns","p.ozon.ru","","","dns[5]:route","zapret-ru-domains","DIRECT","DIRECT","DNS/AAAA","1785483079407003","1"
"russia","ozon","dns","p.ozon.ru","hmac-sha256:3b3f5085e73eff76e9d459192ba280da","IPv4","dns[5]:route","zapret-ru-domains","DIRECT","DIRECT","DNS/A","1785483079407003","1"
"russia","ozon","dns","p.ozon.ru","hmac-sha256:88cf9780d8a7f08f7332daafe6f081cd","IPv4","dns[5]:route","zapret-ru-domains","DIRECT","DIRECT","DNS/A","1785483079407003","1"
"russia","ozon","dns","p.ozon.ru","","","dns[5]:route","zapret-ru-domains","DIRECT","DIRECT","DNS/HTTPS","1785483079407003","1"
"russia","ozon","route","p.ozon.ru","hmac-sha256:3b3f5085e73eff76e9d459192ba280da","IPv4","route[8]:route","zapret-ru-domains","DIRECT","DIRECT","TLS/TCP","1785483079407003","1"
"russia","ozon","dns","xapi.ozon.ru","","","dns[5]:route","zapret-ru-domains","DIRECT","DIRECT","DNS/AAAA","1785483079407003","1"
"russia","ozon","dns","xapi.ozon.ru","","","dns[5]:route","zapret-ru-domains","DIRECT","DIRECT","DNS/HTTPS","1785483079407003","1"
"russia","ozon","dns","xapi.ozon.ru","hmac-sha256:3b3f5085e73eff76e9d459192ba280da","IPv4","dns[5]:route","zapret-ru-domains","DIRECT","DIRECT","DNS/A","1785483079407003","1"
"russia","ozon","dns","xapi.ozon.ru","hmac-sha256:88cf9780d8a7f08f7332daafe6f081cd","IPv4","dns[5]:route","zapret-ru-domains","DIRECT","DIRECT","DNS/A","1785483079407003","1"
"russia","ozon","route","xapi.ozon.ru","hmac-sha256:3b3f5085e73eff76e9d459192ba280da","IPv4","route[8]:route","zapret-ru-domains","DIRECT","DIRECT","TLS/TCP","1785483079407003","3"
"russia","ozon","route","xapi.ozon.ru","hmac-sha256:3b3f5085e73eff76e9d459192ba280da","IPv4","route[8]:route","zapret-ru-domains","DIRECT","DIRECT","QUIC/UDP","1785483079407003","1"
"russia","avito","dns","www.avito.ru","","","dns[5]:route","zapret-ru-domains","DIRECT","DIRECT","DNS/AAAA","1785483079407003","2"
"russia","avito","dns","www.avito.ru","","","dns[5]:route","zapret-ru-domains","DIRECT","DIRECT","DNS/HTTPS","1785483079407003","1"
"russia","avito","dns","www.avito.ru","hmac-sha256:063a668bf7345cc65511d2aad630adc4","IPv4","dns[5]:route","zapret-ru-domains","DIRECT","DIRECT","DNS/A","1785483079407003","2"
"russia","avito","dns","www.avito.ru","hmac-sha256:3cd3c50f7c9260df40164376bda2f035","IPv4","dns[5]:route","zapret-ru-domains","DIRECT","DIRECT","DNS/A","1785483079407003","2"
"russia","avito","dns","www.avito.ru","hmac-sha256:4c47359aa903e988da355ad58ae32ef4","IPv4","dns[5]:route","zapret-ru-domains","DIRECT","DIRECT","DNS/A","1785483079407003","2"
"russia","avito","route","www.avito.ru","hmac-sha256:063a668bf7345cc65511d2aad630adc4","IPv4","route[8]:route","zapret-ru-domains","DIRECT","DIRECT","TLS/TCP","1785483079407003","2"
"russia","avito","dns","m.avito.ru","","","dns[5]:route","zapret-ru-domains","DIRECT","DIRECT","DNS/AAAA","1785483079407003","2"
"russia","avito","dns","m.avito.ru","","","dns[5]:route","zapret-ru-domains","DIRECT","DIRECT","DNS/HTTPS","1785483079407003","1"
"russia","avito","dns","m.avito.ru","hmac-sha256:8aee23f12d1e8bf6b45ba7ff64794617","IPv4","dns[5]:route","zapret-ru-domains","DIRECT","DIRECT","DNS/A","1785483079407003","2"
"russia","avito","dns","m.avito.ru","hmac-sha256:f624a715afb15aa28726ceca369ea770","IPv4","dns[5]:route","zapret-ru-domains","DIRECT","DIRECT","DNS/A","1785483079407003","2"
"russia","avito","dns","m.avito.ru","hmac-sha256:1dbac0a348fee8fe1b962418edc8be73","IPv4","dns[5]:route","zapret-ru-domains","DIRECT","DIRECT","DNS/A","1785483079407003","2"
"russia","avito","route","m.avito.ru","hmac-sha256:8aee23f12d1e8bf6b45ba7ff64794617","IPv4","route[8]:route","zapret-ru-domains","DIRECT","DIRECT","TLS/TCP","1785483079407003","2"
"russia","avito","dns","core-renderer-tiles.maps.yandex.net","","","dns[3]:route","zeon-ru-yandex","DIRECT","DIRECT","DNS/AAAA","1785483079407003","1"
"russia","avito","dns","core-renderer-tiles.maps.yandex.net","","","dns[3]:route","zeon-ru-yandex","DIRECT","DIRECT","DNS/HTTPS","1785483079407003","1"
"russia","avito","dns","core-renderer-tiles.maps.yandex.net","hmac-sha256:0ae4e70ddfdaa4f1c4f0086946fea5b4","IPv4","dns[3]:route","zeon-ru-yandex","DIRECT","DIRECT","DNS/A","1785483079407003","1"
"russia","avito","route","core-renderer-tiles.maps.yandex.net","hmac-sha256:0ae4e70ddfdaa4f1c4f0086946fea5b4","IPv4","route[6]:route","zeon-ru-yandex","DIRECT","DIRECT","TLS/TCP","1785483079407003","1"
"russia","avito","dns","90.img.avito.st","","","dns[6]:route","","VPN","REMOTE","DNS/AAAA","1785483079407003","2"
"russia","avito","dns","80.img.avito.st","","","dns[6]:route","","VPN","REMOTE","DNS/HTTPS","1785483079407003","1"
"russia","avito","dns","90.img.avito.st","","","dns[6]:route","","VPN","REMOTE","DNS/HTTPS","1785483079407003","2"
"russia","avito","dns","www.avito.st","","","dns[6]:route","","VPN","REMOTE","DNS/HTTPS","1785483079407003","2"
"russia","avito","dns","stats.avito.ru","","","dns[2]:predefined","ru-adlist-hardcoded,geosite-ads,geosite-malware,geosite-phishing,geosite-cryptominers","BLOCK","BLOCK","DNS/HTTPS","1785483079407003","74"
"russia","avito","dns","stats.avito.ru","","","dns[2]:predefined","ru-adlist-hardcoded,geosite-ads,geosite-malware,geosite-phishing,geosite-cryptominers","BLOCK","BLOCK","DNS/A","1785483079407003","147"
"russia","avito","dns","stats.avito.ru","","","dns[2]:predefined","ru-adlist-hardcoded,geosite-ads,geosite-malware,geosite-phishing,geosite-cryptominers","BLOCK","BLOCK","DNS/AAAA","1785483079407003","148"
"russia","avito","dns","80.img.avito.st","","","dns[6]:route","","VPN","REMOTE","DNS/AAAA","1785483079407003","2"
"russia","avito","dns","www.avito.st","hmac-sha256:336f89d9c5fbba4f40e7acfa542008f4","IPv4","dns[6]:route","","VPN","REMOTE","DNS/A","1785483079407003","2"
"russia","avito","dns","80.img.avito.st","hmac-sha256:336f89d9c5fbba4f40e7acfa542008f4","IPv4","dns[6]:route","","VPN","REMOTE","DNS/A","1785483079407003","2"
"russia","avito","dns","www.avito.st","","","dns[6]:route","","VPN","REMOTE","DNS/AAAA","1785483079407003","2"
"russia","avito","route","www.avito.st","hmac-sha256:336f89d9c5fbba4f40e7acfa542008f4","IPv4","route[9]:route","zapret-ru-ip","DIRECT","REMOTE","TLS/TCP","1785483079407003","7"
"russia","avito","dns","90.img.avito.st","hmac-sha256:336f89d9c5fbba4f40e7acfa542008f4","IPv4","dns[6]:route","","VPN","REMOTE","DNS/A","1785483079407003","2"
"russia","avito","dns","avito.st","","","dns[6]:route","","VPN","REMOTE","DNS/HTTPS","1785483079407003","2"
"russia","avito","dns","avito.st","hmac-sha256:8a4adc2ddc4854bb8d2f6b03a40371ac","IPv4","dns[6]:route","","VPN","REMOTE","DNS/A","1785483079407003","2"
"russia","avito","dns","avito.st","hmac-sha256:ada153150d63b70d6bebad9c8fd33208","IPv4","dns[6]:route","","VPN","REMOTE","DNS/A","1785483079407003","2"
"russia","avito","dns","avito.st","hmac-sha256:11f7c7ae3dbeebdc88343a24bd96e767","IPv4","dns[6]:route","","VPN","REMOTE","DNS/A","1785483079407003","2"
"russia","avito","route","90.img.avito.st","hmac-sha256:336f89d9c5fbba4f40e7acfa542008f4","IPv4","route[9]:route","zapret-ru-ip","DIRECT","REMOTE","TLS/TCP","1785483079407003","2"
"russia","avito","dns","avito.st","","","dns[6]:route","","VPN","REMOTE","DNS/AAAA","1785483079407003","2"
"russia","avito","route","avito.st","hmac-sha256:8a4adc2ddc4854bb8d2f6b03a40371ac","IPv4","route[9]:route","zapret-ru-ip","DIRECT","REMOTE","TLS/TCP","1785483079407003","6"
"russia","avito","dns","70.img.avito.st","hmac-sha256:336f89d9c5fbba4f40e7acfa542008f4","IPv4","dns[6]:route","","VPN","REMOTE","DNS/A","1785483079407003","2"
"russia","avito","dns","60.img.avito.st","","","dns[6]:route","","VPN","REMOTE","DNS/HTTPS","1785483079407003","2"
"russia","avito","dns","60.img.avito.st","","","dns[6]:route","","VPN","REMOTE","DNS/AAAA","1785483079407003","2"
"russia","avito","dns","60.img.avito.st","hmac-sha256:336f89d9c5fbba4f40e7acfa542008f4","IPv4","dns[6]:route","","VPN","REMOTE","DNS/A","1785483079407003","2"
"russia","avito","dns","70.img.avito.st","","","dns[6]:route","","VPN","REMOTE","DNS/AAAA","1785483079407003","2"
"russia","avito","dns","70.img.avito.st","","","dns[6]:route","","VPN","REMOTE","DNS/HTTPS","1785483079407003","2"
"russia","avito","dns","00.img.avito.st","","","dns[6]:route","","VPN","REMOTE","DNS/HTTPS","1785483079407003","2"
"russia","avito","dns","00.img.avito.st","hmac-sha256:d58aa97fdd3e268ba936aa049116e893","IPv4","dns[6]:route","","VPN","REMOTE","DNS/A","1785483079407003","2"
"russia","avito","dns","50.img.avito.st","","","dns[6]:route","","VPN","REMOTE","DNS/AAAA","1785483079407003","2"
"russia","avito","dns","10.img.avito.st","","","dns[6]:route","","VPN","REMOTE","DNS/AAAA","1785483079407003","2"
"russia","avito","dns","10.img.avito.st","hmac-sha256:336f89d9c5fbba4f40e7acfa542008f4","IPv4","dns[6]:route","","VPN","REMOTE","DNS/A","1785483079407003","2"
"russia","avito","dns","50.img.avito.st","","","dns[6]:route","","VPN","REMOTE","DNS/HTTPS","1785483079407003","2"
"russia","avito","dns","10.img.avito.st","","","dns[6]:route","","VPN","REMOTE","DNS/HTTPS","1785483079407003","2"
"russia","avito","dns","00.img.avito.st","","","dns[6]:route","","VPN","REMOTE","DNS/AAAA","1785483079407003","2"
"russia","avito","route","00.img.avito.st","hmac-sha256:d58aa97fdd3e268ba936aa049116e893","IPv4","route[9]:route","zapret-ru-ip","DIRECT","REMOTE","TLS/TCP","1785483079407003","2"
"russia","avito","dns","40.img.avito.st","hmac-sha256:8721f7a87bf60a3609d4a906fc71ff98","IPv4","dns[6]:route","","VPN","REMOTE","DNS/A","1785483079407003","2"
"russia","avito","dns","40.img.avito.st","","","dns[6]:route","","VPN","REMOTE","DNS/AAAA","1785483079407003","2"
"russia","avito","dns","40.img.avito.st","","","dns[6]:route","","VPN","REMOTE","DNS/HTTPS","1785483079407003","2"
"russia","avito","dns","50.img.avito.st","hmac-sha256:336f89d9c5fbba4f40e7acfa542008f4","IPv4","dns[6]:route","","VPN","REMOTE","DNS/A","1785483079407003","2"
"russia","avito","route","90.img.avito.st","hmac-sha256:336f89d9c5fbba4f40e7acfa542008f4","IPv4","route[9]:route","zapret-ru-ip","DIRECT","REMOTE","QUIC/UDP","1785483079407003","1"
"russia","avito","route","60.img.avito.st","hmac-sha256:336f89d9c5fbba4f40e7acfa542008f4","IPv4","route[9]:route","zapret-ru-ip","DIRECT","REMOTE","QUIC/UDP","1785483079407003","1"
"russia","avito","route","80.img.avito.st","hmac-sha256:336f89d9c5fbba4f40e7acfa542008f4","IPv4","route[9]:route","zapret-ru-ip","DIRECT","REMOTE","TLS/TCP","1785483079407003","1"
"russia","avito","route","70.img.avito.st","hmac-sha256:336f89d9c5fbba4f40e7acfa542008f4","IPv4","route[9]:route","zapret-ru-ip","DIRECT","REMOTE","TLS/TCP","1785483079407003","1"
"russia","avito","dns","sntr.avito.ru","","","dns[5]:route","zapret-ru-domains","DIRECT","DIRECT","DNS/AAAA","1785483079407003","1"
"russia","avito","route","40.img.avito.st","hmac-sha256:8721f7a87bf60a3609d4a906fc71ff98","IPv4","route[9]:route","zapret-ru-ip","DIRECT","REMOTE","TLS/TCP","1785483079407003","1"
"russia","avito","dns","sntr.avito.ru","hmac-sha256:379a3ab1f48f4aad069b49f5f0f5207c","IPv4","dns[5]:route","zapret-ru-domains","DIRECT","DIRECT","DNS/A","1785483079407003","1"
"russia","avito","dns","sntr.avito.ru","hmac-sha256:3f40d4be31060b1a89bd9e5bf382138c","IPv4","dns[5]:route","zapret-ru-domains","DIRECT","DIRECT","DNS/A","1785483079407003","1"
"russia","avito","dns","sntr.avito.ru","hmac-sha256:7dd6982b64c2fb7269346a09c051d749","IPv4","dns[5]:route","zapret-ru-domains","DIRECT","DIRECT","DNS/A","1785483079407003","1"
"russia","avito","dns","sntr.avito.ru","","","dns[5]:route","zapret-ru-domains","DIRECT","DIRECT","DNS/HTTPS","1785483079407003","1"
"russia","avito","route","sntr.avito.ru","hmac-sha256:379a3ab1f48f4aad069b49f5f0f5207c","IPv4","route[8]:route","zapret-ru-domains","DIRECT","DIRECT","TLS/TCP","1785483079407003","1"
"russia","avito","dns","30.img.avito.st","","","dns[6]:route","","VPN","REMOTE","DNS/HTTPS","1785483079407003","2"
"russia","avito","dns","30.img.avito.st","hmac-sha256:8721f7a87bf60a3609d4a906fc71ff98","IPv4","dns[6]:route","","VPN","REMOTE","DNS/A","1785483079407003","2"
"russia","avito","dns","30.img.avito.st","","","dns[6]:route","","VPN","REMOTE","DNS/AAAA","1785483079407003","2"
"russia","avito","route","30.img.avito.st","hmac-sha256:8721f7a87bf60a3609d4a906fc71ff98","IPv4","route[9]:route","zapret-ru-ip","DIRECT","REMOTE","TLS/TCP","1785483079407003","1"
"russia","avito","dns","20.img.avito.st","","","dns[6]:route","","VPN","REMOTE","DNS/AAAA","1785483079407003","1"
"russia","avito","dns","20.img.avito.st","","","dns[6]:route","","VPN","REMOTE","DNS/HTTPS","1785483079407003","1"
"russia","avito","dns","20.img.avito.st","hmac-sha256:336f89d9c5fbba4f40e7acfa542008f4","IPv4","dns[6]:route","","VPN","REMOTE","DNS/A","1785483079407003","2"
"russia","avito","route","20.img.avito.st","hmac-sha256:336f89d9c5fbba4f40e7acfa542008f4","IPv4","route[9]:route","zapret-ru-ip","DIRECT","REMOTE","TLS/TCP","1785483079407003","1"
"russia","avito","dns","yandex.ru","","","dns[3]:route","zeon-ru-yandex","DIRECT","DIRECT","DNS/AAAA","1785483079407003","1"
"russia","avito","dns","yandex.ru","","","dns[3]:route","zeon-ru-yandex","DIRECT","DIRECT","DNS/HTTPS","1785483079407003","1"
"russia","avito","dns","yandex.ru","hmac-sha256:bb555a46eeb51789d7deef0e34749c23","IPv4","dns[3]:route","zeon-ru-yandex","DIRECT","DIRECT","DNS/A","1785483079407003","1"
"russia","avito","dns","yandex.ru","hmac-sha256:7d82be72df8019e88de8bfbf3db041a8","IPv4","dns[3]:route","zeon-ru-yandex","DIRECT","DIRECT","DNS/A","1785483079407003","1"
"russia","avito","dns","yandex.ru","hmac-sha256:83171d37ebdd9b2a298ff52f2e51e3f1","IPv4","dns[3]:route","zeon-ru-yandex","DIRECT","DIRECT","DNS/A","1785483079407003","1"
"russia","avito","route","yandex.ru","hmac-sha256:bb555a46eeb51789d7deef0e34749c23","IPv4","route[6]:route","zeon-ru-yandex","DIRECT","DIRECT","TLS/TCP","1785483079407003","1"
"russia","avito","dns","cs.avito.ru","","","dns[2]:predefined","ru-adlist-hardcoded,geosite-ads,geosite-malware,geosite-phishing,geosite-cryptominers","BLOCK","BLOCK","DNS/AAAA","1785483079407003","64"
"russia","avito","dns","cs.avito.ru","","","dns[2]:predefined","ru-adlist-hardcoded,geosite-ads,geosite-malware,geosite-phishing,geosite-cryptominers","BLOCK","BLOCK","DNS/HTTPS","1785483079407003","32"
"russia","avito","dns","cs.avito.ru","","","dns[2]:predefined","ru-adlist-hardcoded,geosite-ads,geosite-malware,geosite-phishing,geosite-cryptominers","BLOCK","BLOCK","DNS/A","1785483079407003","63"
"russia","avito","dns","avatars.mds.yandex.net","","","dns[3]:route","zeon-ru-yandex","DIRECT","DIRECT","DNS/HTTPS","1785483079407003","1"
"russia","avito","dns","avatars.mds.yandex.net","","","dns[3]:route","zeon-ru-yandex","DIRECT","DIRECT","DNS/AAAA","1785483079407003","1"
"russia","avito","dns","mc.yandex.ru","","","dns[2]:predefined","ru-adlist-hardcoded,geosite-ads,geosite-malware,geosite-phishing,geosite-cryptominers","BLOCK","BLOCK","DNS/A","1785483079407003","12"
"russia","avito","dns","yastatic.net","hmac-sha256:97a22d4efb59331b7da73906ccc4eddd","IPv4","dns[3]:route","zeon-ru-yandex","DIRECT","DIRECT","DNS/A","1785483079407003","1"
"russia","avito","dns","yastatic.net","","","dns[3]:route","zeon-ru-yandex","DIRECT","DIRECT","DNS/AAAA","1785483079407003","1"
"russia","avito","dns","yastatic.net","","","dns[3]:route","zeon-ru-yandex","DIRECT","DIRECT","DNS/HTTPS","1785483079407003","1"
"russia","avito","dns","mc.yandex.ru","","","dns[2]:predefined","ru-adlist-hardcoded,geosite-ads,geosite-malware,geosite-phishing,geosite-cryptominers","BLOCK","BLOCK","DNS/AAAA","1785483079407003","11"
"russia","avito","dns","avatars.mds.yandex.net","hmac-sha256:d655ac67da1418e47e8f5c50e1965566","IPv4","dns[3]:route","zeon-ru-yandex","DIRECT","DIRECT","DNS/A","1785483079407003","1"
"russia","avito","dns","avatars.mds.yandex.net","hmac-sha256:ab2bfba4b99e2bcffc244ead70ff0e89","IPv4","dns[3]:route","zeon-ru-yandex","DIRECT","DIRECT","DNS/A","1785483079407003","1"
"russia","avito","dns","avatars.mds.yandex.net","hmac-sha256:7219c7a302ec2304e909eb1f43d8223b","IPv4","dns[3]:route","zeon-ru-yandex","DIRECT","DIRECT","DNS/A","1785483079407003","1"
"russia","avito","dns","mc.yandex.ru","","","dns[2]:predefined","ru-adlist-hardcoded,geosite-ads,geosite-malware,geosite-phishing,geosite-cryptominers","BLOCK","BLOCK","DNS/HTTPS","1785483079407003","5"
"russia","avito","route","yastatic.net","hmac-sha256:97a22d4efb59331b7da73906ccc4eddd","IPv4","route[6]:route","zeon-ru-yandex","DIRECT","DIRECT","TLS/TCP","1785483079407003","7"
"russia","avito","route","avatars.mds.yandex.net","hmac-sha256:d655ac67da1418e47e8f5c50e1965566","IPv4","route[6]:route","zeon-ru-yandex","DIRECT","DIRECT","TLS/TCP","1785483079407003","1"
"russia","megamarket","dns","megamarket.ru","","","dns[5]:route","zapret-ru-domains","DIRECT","DIRECT","DNS/AAAA","1785483079407003","6"
"russia","megamarket","dns","megamarket.ru","","","dns[5]:route","zapret-ru-domains","DIRECT","DIRECT","DNS/HTTPS","1785483079407003","1"
"russia","megamarket","dns","megamarket.ru","hmac-sha256:5692f65de6850961177b189925ff5c63","IPv4","dns[5]:route","zapret-ru-domains","DIRECT","DIRECT","DNS/A","1785483079407003","6"
"russia","megamarket","route","megamarket.ru","hmac-sha256:5692f65de6850961177b189925ff5c63","IPv4","route[8]:route","zapret-ru-domains","DIRECT","DIRECT","TLS/TCP","1785483079407003","2"
"russia","yandex_market","dns","market.yandex.ru","","","dns[3]:route","zeon-ru-yandex","DIRECT","DIRECT","DNS/AAAA","1785483079407003","2"
"russia","yandex_market","dns","market.yandex.ru","","","dns[3]:route","zeon-ru-yandex","DIRECT","DIRECT","DNS/HTTPS","1785483079407003","1"
"russia","yandex_market","dns","market.yandex.ru","hmac-sha256:1686ead2b8b3bff726a2d779d01ef60f","IPv4","dns[3]:route","zeon-ru-yandex","DIRECT","DIRECT","DNS/A","1785483079407003","2"
"russia","yandex_market","route","market.yandex.ru","hmac-sha256:1686ead2b8b3bff726a2d779d01ef60f","IPv4","route[6]:route","zeon-ru-yandex","DIRECT","DIRECT","TLS/TCP","1785483079407003","2"
"russia","yandex_market","route","yastatic.net","hmac-sha256:97a22d4efb59331b7da73906ccc4eddd","IPv4","route[6]:route","zeon-ru-yandex","DIRECT","DIRECT","TLS/TCP","1785483079407003","2"
"russia","yandex_market","route","avatars.mds.yandex.net","hmac-sha256:d655ac67da1418e47e8f5c50e1965566","IPv4","route[6]:route","zeon-ru-yandex","DIRECT","DIRECT","TLS/TCP","1785483079407003","1"
"russia","yandex_market","dns","mc.yandex.ru","","","dns[2]:predefined","ru-adlist-hardcoded,geosite-ads,geosite-malware,geosite-phishing,geosite-cryptominers","BLOCK","BLOCK","DNS/AAAA","1785483079407003","16"
"russia","yandex_market","dns","mc.yandex.ru","","","dns[2]:predefined","ru-adlist-hardcoded,geosite-ads,geosite-malware,geosite-phishing,geosite-cryptominers","BLOCK","BLOCK","DNS/A","1785483079407003","16"
"russia","yandex_market","dns","mc.yandex.ru","","","dns[2]:predefined","ru-adlist-hardcoded,geosite-ads,geosite-malware,geosite-phishing,geosite-cryptominers","BLOCK","BLOCK","DNS/HTTPS","1785483079407003","8"
"russia","yandex_market","route","favicon.yandex.net","hmac-sha256:d093416b75a2580f4efd2b3cd9b602e8","IPv4","route[6]:route","zeon-ru-yandex","DIRECT","DIRECT","TLS/TCP","1785483079407003","5"
"russia","yandex_market","dns","adfstat.yandex.ru","","","dns[2]:predefined","ru-adlist-hardcoded,geosite-ads,geosite-malware,geosite-phishing,geosite-cryptominers","BLOCK","BLOCK","DNS/HTTPS","1785483079407003","4"
"russia","yandex_market","dns","adfstat.yandex.ru","","","dns[2]:predefined","ru-adlist-hardcoded,geosite-ads,geosite-malware,geosite-phishing,geosite-cryptominers","BLOCK","BLOCK","DNS/AAAA","1785483079407003","8"
"russia","yandex_market","dns","adfstat.yandex.ru","","","dns[2]:predefined","ru-adlist-hardcoded,geosite-ads,geosite-malware,geosite-phishing,geosite-cryptominers","BLOCK","BLOCK","DNS/A","1785483079407003","8"
"russia","yandex_market","dns","market-baobab.yandex.ru","","","dns[3]:route","zeon-ru-yandex","DIRECT","DIRECT","DNS/AAAA","1785483079407003","1"
"russia","yandex_market","dns","market-baobab.yandex.ru","hmac-sha256:8d2b9849a9d5a5fd1106c69e75dba53a","IPv4","dns[3]:route","zeon-ru-yandex","DIRECT","DIRECT","DNS/A","1785483079407003","1"
"russia","yandex_market","dns","market-baobab.yandex.ru","","","dns[3]:route","zeon-ru-yandex","DIRECT","DIRECT","DNS/HTTPS","1785483079407003","1"
"russia","yandex_market","route","market-baobab.yandex.ru","hmac-sha256:8d2b9849a9d5a5fd1106c69e75dba53a","IPv4","route[6]:route","zeon-ru-yandex","DIRECT","DIRECT","TLS/TCP","1785483079407003","2"
"russia","yandex_market","dns","media-adv.market.yandex.ru","","","dns[3]:route","zeon-ru-yandex","DIRECT","DIRECT","DNS/AAAA","1785483079407003","1"
"russia","yandex_market","dns","media-adv.market.yandex.ru","hmac-sha256:0ec236beef492953ad2296ac8e73eb8d","IPv4","dns[3]:route","zeon-ru-yandex","DIRECT","DIRECT","DNS/A","1785483079407003","1"
"russia","yandex_market","dns","media-adv.market.yandex.ru","","","dns[3]:route","zeon-ru-yandex","DIRECT","DIRECT","DNS/HTTPS","1785483079407003","1"
"russia","yandex_market","route","media-adv.market.yandex.ru","hmac-sha256:0ec236beef492953ad2296ac8e73eb8d","IPv4","route[6]:route","zeon-ru-yandex","DIRECT","DIRECT","TLS/TCP","1785483079407003","1"
"russia","yandex_market","dns","api.passport.yandex.ru","","","dns[3]:route","zeon-ru-yandex","DIRECT","DIRECT","DNS/AAAA","1785483079407003","1"
"russia","yandex_market","dns","api.passport.yandex.ru","","","dns[3]:route","zeon-ru-yandex","DIRECT","DIRECT","DNS/HTTPS","1785483079407003","1"
"russia","yandex_market","dns","api.passport.yandex.ru","hmac-sha256:149aa3ccaeb74ebf282e7a0387330a6f","IPv4","dns[3]:route","zeon-ru-yandex","DIRECT","DIRECT","DNS/A","1785483079407003","1"
"russia","yandex_market","route","api.passport.yandex.ru","hmac-sha256:149aa3ccaeb74ebf282e7a0387330a6f","IPv4","route[6]:route","zeon-ru-yandex","DIRECT","DIRECT","TLS/TCP","1785483079407003","1"
"russia","vk","dns","vk.com","hmac-sha256:475a0d9a2d41f98b98b3361a4f51600d","IPv4","dns[6]:route","","VPN","REMOTE","DNS/A","1785483079407003","2"
"russia","vk","dns","vk.com","hmac-sha256:f0fee65f26dad56b0379a204bdae3f9c","IPv4","dns[6]:route","","VPN","REMOTE","DNS/A","1785483079407003","2"
"russia","vk","dns","vk.com","","","dns[6]:route","","VPN","REMOTE","DNS/AAAA","1785483079407003","2"
"russia","vk","dns","vk.com","hmac-sha256:8f89bd0bc7d3e91fcc28040020fea1fc","IPv4","dns[6]:route","","VPN","REMOTE","DNS/A","1785483079407003","2"
"russia","vk","dns","vk.com","","","dns[6]:route","","VPN","REMOTE","DNS/HTTPS","1785483079407003","1"
"russia","vk","dns","vk.com","hmac-sha256:b42f3870a34157b8bcd051b790f7e2cf","IPv4","dns[6]:route","","VPN","REMOTE","DNS/A","1785483079407003","2"
"russia","vk","dns","vk.com","hmac-sha256:b1c44d2b95c176df259afd76e0385fc2","IPv4","dns[6]:route","","VPN","REMOTE","DNS/A","1785483079407003","2"
"russia","vk","dns","vk.com","hmac-sha256:cda846f40c5f8c5ef9d05d8eaf8d2522","IPv4","dns[6]:route","","VPN","REMOTE","DNS/A","1785483079407003","2"
"russia","vk","route","vk.com","hmac-sha256:475a0d9a2d41f98b98b3361a4f51600d","IPv4","route[9]:route","zapret-ru-ip","DIRECT","REMOTE","TLS/TCP","1785483079407003","2"
"russia","vk","dns","vk.ru","","","dns[5]:route","zapret-ru-domains","DIRECT","DIRECT","DNS/AAAA","1785483079407003","2"
"russia","vk","dns","vk.ru","hmac-sha256:8f89bd0bc7d3e91fcc28040020fea1fc","IPv4","dns[5]:route","zapret-ru-domains","DIRECT","DIRECT","DNS/A","1785483079407003","2"
"russia","vk","dns","vk.ru","","","dns[5]:route","zapret-ru-domains","DIRECT","DIRECT","DNS/HTTPS","1785483079407003","1"
"russia","vk","dns","vk.ru","hmac-sha256:b1c44d2b95c176df259afd76e0385fc2","IPv4","dns[5]:route","zapret-ru-domains","DIRECT","DIRECT","DNS/A","1785483079407003","2"
"russia","vk","dns","vk.ru","hmac-sha256:475a0d9a2d41f98b98b3361a4f51600d","IPv4","dns[5]:route","zapret-ru-domains","DIRECT","DIRECT","DNS/A","1785483079407003","2"
"russia","vk","dns","vk.ru","hmac-sha256:b42f3870a34157b8bcd051b790f7e2cf","IPv4","dns[5]:route","zapret-ru-domains","DIRECT","DIRECT","DNS/A","1785483079407003","2"
"russia","vk","dns","vk.ru","hmac-sha256:f0fee65f26dad56b0379a204bdae3f9c","IPv4","dns[5]:route","zapret-ru-domains","DIRECT","DIRECT","DNS/A","1785483079407003","2"
"russia","vk","dns","vk.ru","hmac-sha256:cda846f40c5f8c5ef9d05d8eaf8d2522","IPv4","dns[5]:route","zapret-ru-domains","DIRECT","DIRECT","DNS/A","1785483079407003","2"
"russia","vk","route","vk.ru","hmac-sha256:8f89bd0bc7d3e91fcc28040020fea1fc","IPv4","route[8]:route","zapret-ru-domains","DIRECT","DIRECT","TLS/TCP","1785483079407003","1"
"russia","vk","dns","m.vk.ru","","","dns[5]:route","zapret-ru-domains","DIRECT","DIRECT","DNS/AAAA","1785483079407003","4"
"russia","vk","dns","m.vk.ru","","","dns[5]:route","zapret-ru-domains","DIRECT","DIRECT","DNS/HTTPS","1785483079407003","1"
"russia","vk","dns","m.vk.ru","hmac-sha256:b1c44d2b95c176df259afd76e0385fc2","IPv4","dns[5]:route","zapret-ru-domains","DIRECT","DIRECT","DNS/A","1785483079407003","4"
"russia","vk","dns","m.vk.ru","hmac-sha256:b42f3870a34157b8bcd051b790f7e2cf","IPv4","dns[5]:route","zapret-ru-domains","DIRECT","DIRECT","DNS/A","1785483079407003","4"
"russia","vk","dns","m.vk.ru","hmac-sha256:f0fee65f26dad56b0379a204bdae3f9c","IPv4","dns[5]:route","zapret-ru-domains","DIRECT","DIRECT","DNS/A","1785483079407003","4"
"russia","vk","dns","m.vk.ru","hmac-sha256:8f89bd0bc7d3e91fcc28040020fea1fc","IPv4","dns[5]:route","zapret-ru-domains","DIRECT","DIRECT","DNS/A","1785483079407003","4"
"russia","vk","dns","m.vk.ru","hmac-sha256:cda846f40c5f8c5ef9d05d8eaf8d2522","IPv4","dns[5]:route","zapret-ru-domains","DIRECT","DIRECT","DNS/A","1785483079407003","4"
"russia","vk","dns","m.vk.ru","hmac-sha256:475a0d9a2d41f98b98b3361a4f51600d","IPv4","dns[5]:route","zapret-ru-domains","DIRECT","DIRECT","DNS/A","1785483079407003","4"
"russia","vk","route","m.vk.ru","hmac-sha256:b1c44d2b95c176df259afd76e0385fc2","IPv4","route[8]:route","zapret-ru-domains","DIRECT","DIRECT","TLS/TCP","1785483079407003","1"
"russia","vk","dns","nel.wb.ru","","","dns[2]:predefined","ru-adlist-hardcoded,geosite-ads,geosite-malware,geosite-phishing,geosite-cryptominers","BLOCK","BLOCK","DNS/HTTPS","1785483079407003","4"
"russia","vk","dns","nel.wb.ru","","","dns[2]:predefined","ru-adlist-hardcoded,geosite-ads,geosite-malware,geosite-phishing,geosite-cryptominers","BLOCK","BLOCK","DNS/AAAA","1785483079407003","8"
"russia","vk","dns","nel.wb.ru","","","dns[2]:predefined","ru-adlist-hardcoded,geosite-ads,geosite-malware,geosite-phishing,geosite-cryptominers","BLOCK","BLOCK","DNS/A","1785483079407003","8"
"russia","vk","dns","api.vk.ru","","","dns[5]:route","zapret-ru-domains","DIRECT","DIRECT","DNS/AAAA","1785483079407003","1"
"russia","vk","dns","top-fwz1.mail.ru","","","dns[2]:predefined","ru-adlist-hardcoded,geosite-ads,geosite-malware,geosite-phishing,geosite-cryptominers","BLOCK","BLOCK","DNS/A","1785483079407003","28"
"russia","vk","dns","top-fwz1.mail.ru","","","dns[2]:predefined","ru-adlist-hardcoded,geosite-ads,geosite-malware,geosite-phishing,geosite-cryptominers","BLOCK","BLOCK","DNS/HTTPS","1785483079407003","14"
"russia","vk","dns","r3.mail.ru","","","dns[5]:route","zapret-ru-domains","DIRECT","DIRECT","DNS/AAAA","1785483079407003","1"
"russia","vk","dns","top-fwz1.mail.ru","","","dns[2]:predefined","ru-adlist-hardcoded,geosite-ads,geosite-malware,geosite-phishing,geosite-cryptominers","BLOCK","BLOCK","DNS/AAAA","1785483079407003","28"
"russia","vk","dns","api.vk.ru","","","dns[5]:route","zapret-ru-domains","DIRECT","DIRECT","DNS/HTTPS","1785483079407003","1"
"russia","vk","dns","r3.mail.ru","","","dns[5]:route","zapret-ru-domains","DIRECT","DIRECT","DNS/HTTPS","1785483079407003","1"
"russia","vk","dns","api.vk.ru","hmac-sha256:2ccb77d4cfd0eb04cafda2212096fd7d","IPv4","dns[5]:route","zapret-ru-domains","DIRECT","DIRECT","DNS/A","1785483079407003","1"
"russia","vk","dns","api.vk.ru","hmac-sha256:8a8793e51dbccd90acee0fd7a1e6b81d","IPv4","dns[5]:route","zapret-ru-domains","DIRECT","DIRECT","DNS/A","1785483079407003","1"
"russia","vk","dns","api.vk.ru","hmac-sha256:a3576d7c4f625e1466722861b385059c","IPv4","dns[5]:route","zapret-ru-domains","DIRECT","DIRECT","DNS/A","1785483079407003","1"
"russia","vk","dns","api.vk.ru","hmac-sha256:d385e33f4d45599986d978f1d032e598","IPv4","dns[5]:route","zapret-ru-domains","DIRECT","DIRECT","DNS/A","1785483079407003","1"
"russia","vk","dns","api.vk.ru","hmac-sha256:152b5ab04ead8e0762bddab82eb7ddb1","IPv4","dns[5]:route","zapret-ru-domains","DIRECT","DIRECT","DNS/A","1785483079407003","1"
"russia","vk","dns","api.vk.ru","hmac-sha256:a241bfd67d93c060980aeea3f0a13863","IPv4","dns[5]:route","zapret-ru-domains","DIRECT","DIRECT","DNS/A","1785483079407003","1"
"russia","vk","dns","api.vk.ru","hmac-sha256:2f65a22e810daa6d25a18309c2b2fb77","IPv4","dns[5]:route","zapret-ru-domains","DIRECT","DIRECT","DNS/A","1785483079407003","1"
"russia","vk","dns","api.vk.ru","hmac-sha256:85f80396fcf4b5987e15ccf9d2cb9486","IPv4","dns[5]:route","zapret-ru-domains","DIRECT","DIRECT","DNS/A","1785483079407003","1"
"russia","vk","dns","r3.mail.ru","hmac-sha256:676f883ac08f69f3378a3db13d5db5fc","IPv4","dns[5]:route","zapret-ru-domains","DIRECT","DIRECT","DNS/A","1785483079407003","1"
"russia","vk","dns","api.vk.ru","hmac-sha256:be2158718377ff898e74c781e64cf8cf","IPv4","dns[5]:route","zapret-ru-domains","DIRECT","DIRECT","DNS/A","1785483079407003","1"
"russia","vk","dns","st7-14.vk.ru","","","dns[5]:route","zapret-ru-domains","DIRECT","DIRECT","DNS/AAAA","1785483079407003","1"
"russia","vk","dns","st7-14.vk.ru","hmac-sha256:249b384da7253ceaaa4e99c6b8a62b11","IPv4","dns[5]:route","zapret-ru-domains","DIRECT","DIRECT","DNS/A","1785483079407003","1"
"russia","vk","dns","st7-14.vk.ru","","","dns[5]:route","zapret-ru-domains","DIRECT","DIRECT","DNS/HTTPS","1785483079407003","1"
"russia","vk","dns","st.vk.ru","","","dns[5]:route","zapret-ru-domains","DIRECT","DIRECT","DNS/AAAA","1785483079407003","1"
"russia","vk","dns","st.vk.ru","","","dns[5]:route","zapret-ru-domains","DIRECT","DIRECT","DNS/HTTPS","1785483079407003","1"
"russia","vk","dns","st.vk.ru","hmac-sha256:b42f3870a34157b8bcd051b790f7e2cf","IPv4","dns[5]:route","zapret-ru-domains","DIRECT","DIRECT","DNS/A","1785483079407003","1"
"russia","vk","dns","st.vk.ru","hmac-sha256:cda846f40c5f8c5ef9d05d8eaf8d2522","IPv4","dns[5]:route","zapret-ru-domains","DIRECT","DIRECT","DNS/A","1785483079407003","1"
"russia","vk","dns","st.vk.ru","hmac-sha256:8f89bd0bc7d3e91fcc28040020fea1fc","IPv4","dns[5]:route","zapret-ru-domains","DIRECT","DIRECT","DNS/A","1785483079407003","1"
"russia","vk","dns","st.vk.ru","hmac-sha256:b1c44d2b95c176df259afd76e0385fc2","IPv4","dns[5]:route","zapret-ru-domains","DIRECT","DIRECT","DNS/A","1785483079407003","1"
"russia","vk","dns","st.vk.ru","hmac-sha256:475a0d9a2d41f98b98b3361a4f51600d","IPv4","dns[5]:route","zapret-ru-domains","DIRECT","DIRECT","DNS/A","1785483079407003","1"
"russia","vk","dns","st.vk.ru","hmac-sha256:f0fee65f26dad56b0379a204bdae3f9c","IPv4","dns[5]:route","zapret-ru-domains","DIRECT","DIRECT","DNS/A","1785483079407003","1"
"russia","vk","dns","login.vk.ru","","","dns[5]:route","zapret-ru-domains","DIRECT","DIRECT","DNS/AAAA","1785483079407003","1"
"russia","vk","route","st.vk.ru","hmac-sha256:b42f3870a34157b8bcd051b790f7e2cf","IPv4","route[8]:route","zapret-ru-domains","DIRECT","DIRECT","TLS/TCP","1785483079407003","2"
"russia","vk","dns","login.vk.ru","","","dns[5]:route","zapret-ru-domains","DIRECT","DIRECT","DNS/HTTPS","1785483079407003","1"
"russia","vk","dns","login.vk.ru","hmac-sha256:9e068566bd1dec154e73e8049d9b5543","IPv4","dns[5]:route","zapret-ru-domains","DIRECT","DIRECT","DNS/A","1785483079407003","1"
"russia","vk","dns","login.vk.ru","hmac-sha256:5b2f852b6053aa7f41239160e2c80fe4","IPv4","dns[5]:route","zapret-ru-domains","DIRECT","DIRECT","DNS/A","1785483079407003","1"
"russia","vk","route","login.vk.ru","hmac-sha256:9e068566bd1dec154e73e8049d9b5543","IPv4","route[8]:route","zapret-ru-domains","DIRECT","DIRECT","TLS/TCP","1785483079407003","1"
"russia","vk","dns","ads.vk.com","","","dns[6]:route","","VPN","REMOTE","DNS/HTTPS","1785483079407003","1"
"russia","vk","dns","ads.vk.com","","","dns[6]:route","","VPN","REMOTE","DNS/AAAA","1785483079407003","2"
"russia","vk","dns","ads.vk.com","hmac-sha256:47bd1bd67ab866a084b512de348bd658","IPv4","dns[6]:route","","VPN","REMOTE","DNS/A","1785483079407003","2"
"russia","vk","route","ads.vk.com","hmac-sha256:47bd1bd67ab866a084b512de348bd658","IPv4","route[9]:route","zapret-ru-ip","DIRECT","REMOTE","TLS/TCP","1785483079407003","1"
"russia","vk","dns","web.api.vk.ru","","","dns[5]:route","zapret-ru-domains","DIRECT","DIRECT","DNS/AAAA","1785483079407003","1"
"russia","vk","dns","web.api.vk.ru","","","dns[5]:route","zapret-ru-domains","DIRECT","DIRECT","DNS/HTTPS","1785483079407003","1"
"russia","vk","dns","web.api.vk.ru","hmac-sha256:152b5ab04ead8e0762bddab82eb7ddb1","IPv4","dns[5]:route","zapret-ru-domains","DIRECT","DIRECT","DNS/A","1785483079407003","1"
"russia","vk","dns","web.api.vk.ru","hmac-sha256:a241bfd67d93c060980aeea3f0a13863","IPv4","dns[5]:route","zapret-ru-domains","DIRECT","DIRECT","DNS/A","1785483079407003","1"
"russia","vk","dns","web.api.vk.ru","hmac-sha256:2f65a22e810daa6d25a18309c2b2fb77","IPv4","dns[5]:route","zapret-ru-domains","DIRECT","DIRECT","DNS/A","1785483079407003","1"
"russia","vk","dns","web.api.vk.ru","hmac-sha256:85f80396fcf4b5987e15ccf9d2cb9486","IPv4","dns[5]:route","zapret-ru-domains","DIRECT","DIRECT","DNS/A","1785483079407003","1"
"russia","vk","dns","web.api.vk.ru","hmac-sha256:be2158718377ff898e74c781e64cf8cf","IPv4","dns[5]:route","zapret-ru-domains","DIRECT","DIRECT","DNS/A","1785483079407003","1"
"russia","vk","dns","web.api.vk.ru","hmac-sha256:2ccb77d4cfd0eb04cafda2212096fd7d","IPv4","dns[5]:route","zapret-ru-domains","DIRECT","DIRECT","DNS/A","1785483079407003","1"
"russia","vk","dns","web.api.vk.ru","hmac-sha256:8a8793e51dbccd90acee0fd7a1e6b81d","IPv4","dns[5]:route","zapret-ru-domains","DIRECT","DIRECT","DNS/A","1785483079407003","1"
"russia","vk","dns","web.api.vk.ru","hmac-sha256:a3576d7c4f625e1466722861b385059c","IPv4","dns[5]:route","zapret-ru-domains","DIRECT","DIRECT","DNS/A","1785483079407003","1"
"russia","vk","dns","web.api.vk.ru","hmac-sha256:d385e33f4d45599986d978f1d032e598","IPv4","dns[5]:route","zapret-ru-domains","DIRECT","DIRECT","DNS/A","1785483079407003","1"
"russia","vk","dns","ads.vk.ru","","","dns[5]:route","zapret-ru-domains","DIRECT","DIRECT","DNS/AAAA","1785483079407003","1"
"russia","vk","route","web.api.vk.ru","hmac-sha256:152b5ab04ead8e0762bddab82eb7ddb1","IPv4","route[8]:route","zapret-ru-domains","DIRECT","DIRECT","TLS/TCP","1785483079407003","2"
"russia","vk","dns","ads.vk.ru","","","dns[5]:route","zapret-ru-domains","DIRECT","DIRECT","DNS/HTTPS","1785483079407003","1"
"russia","vk","dns","ads.vk.ru","hmac-sha256:47bd1bd67ab866a084b512de348bd658","IPv4","dns[5]:route","zapret-ru-domains","DIRECT","DIRECT","DNS/A","1785483079407003","1"
"russia","vk","dns","st.mycdn.me","","","dns[6]:route","","VPN","REMOTE","DNS/AAAA","1785483079407003","2"
"russia","vk","dns","st.mycdn.me","hmac-sha256:677ba7fad3053037e63e76bcd6347f5b","IPv4","dns[6]:route","","VPN","REMOTE","DNS/A","1785483079407003","2"
"russia","vk","dns","st.mycdn.me","hmac-sha256:a8f2313b4d1f8804cecff7c32cd02746","IPv4","dns[6]:route","","VPN","REMOTE","DNS/A","1785483079407003","2"
"russia","vk","dns","st.mycdn.me","hmac-sha256:eb6d9fc7944c065898b6025d5dbc1afa","IPv4","dns[6]:route","","VPN","REMOTE","DNS/A","1785483079407003","2"
"russia","vk","dns","st.mycdn.me","hmac-sha256:958f4552a81940703e9dd69e73f8ba3f","IPv4","dns[6]:route","","VPN","REMOTE","DNS/A","1785483079407003","2"
"russia","vk","route","st.mycdn.me","hmac-sha256:677ba7fad3053037e63e76bcd6347f5b","IPv4","route[9]:route","zapret-ru-ip","DIRECT","REMOTE","TLS/TCP","1785483079407003","5"
"russia","vk","dns","st.mycdn.me","","","dns[6]:route","","VPN","REMOTE","DNS/HTTPS","1785483079407003","2"
"russia","vk","route","cbr.ru","hmac-sha256:e2494572cce0735628ecc3886e8e812a","IPv4","route[8]:route","zapret-ru-domains","DIRECT","DIRECT","TLS/TCP","1785483079407003","1"
"russia","mail","dns","mail.ru","","","dns[5]:route","zapret-ru-domains","DIRECT","DIRECT","DNS/AAAA","1785483079407003","3"
"russia","mail","dns","mail.ru","","","dns[5]:route","zapret-ru-domains","DIRECT","DIRECT","DNS/HTTPS","1785483079407003","1"
"russia","mail","dns","mail.ru","hmac-sha256:b087487cd3b62c7c67546ca7ad15f42e","IPv4","dns[5]:route","zapret-ru-domains","DIRECT","DIRECT","DNS/A","1785483079407003","3"
"russia","mail","dns","mail.ru","hmac-sha256:e7f7a749a3ed293f3f3a74c1d55b0fdd","IPv4","dns[5]:route","zapret-ru-domains","DIRECT","DIRECT","DNS/A","1785483079407003","3"
"russia","mail","dns","mail.ru","hmac-sha256:46b98dff0dc44206adcc5450666b2ed7","IPv4","dns[5]:route","zapret-ru-domains","DIRECT","DIRECT","DNS/A","1785483079407003","3"
"russia","mail","route","mail.ru","hmac-sha256:b087487cd3b62c7c67546ca7ad15f42e","IPv4","route[8]:route","zapret-ru-domains","DIRECT","DIRECT","TLS/TCP","1785483079407003","2"
"russia","mail","dns","r3.mail.ru","","","dns[5]:route","zapret-ru-domains","DIRECT","DIRECT","DNS/AAAA","1785483079407003","1"
"russia","mail","dns","r3.mail.ru","","","dns[5]:route","zapret-ru-domains","DIRECT","DIRECT","DNS/HTTPS","1785483079407003","1"
"russia","mail","dns","r3.mail.ru","hmac-sha256:676f883ac08f69f3378a3db13d5db5fc","IPv4","dns[5]:route","zapret-ru-domains","DIRECT","DIRECT","DNS/A","1785483079407003","1"
"russia","mail","dns","ad.mail.ru","","","dns[2]:predefined","ru-adlist-hardcoded,geosite-ads,geosite-malware,geosite-phishing,geosite-cryptominers","BLOCK","BLOCK","DNS/AAAA","1785483079407003","36"
"russia","mail","dns","rs.mail.ru","","","dns[2]:predefined","ru-adlist-hardcoded,geosite-ads,geosite-malware,geosite-phishing,geosite-cryptominers","BLOCK","BLOCK","DNS/A","1785483079407003","32"
"russia","mail","dns","rs.mail.ru","","","dns[2]:predefined","ru-adlist-hardcoded,geosite-ads,geosite-malware,geosite-phishing,geosite-cryptominers","BLOCK","BLOCK","DNS/AAAA","1785483079407003","32"
"russia","mail","dns","ad.mail.ru","","","dns[2]:predefined","ru-adlist-hardcoded,geosite-ads,geosite-malware,geosite-phishing,geosite-cryptominers","BLOCK","BLOCK","DNS/A","1785483079407003","36"
"russia","mail","dns","ad.mail.ru","","","dns[2]:predefined","ru-adlist-hardcoded,geosite-ads,geosite-malware,geosite-phishing,geosite-cryptominers","BLOCK","BLOCK","DNS/HTTPS","1785483079407003","18"
"russia","mail","dns","rs.mail.ru","","","dns[2]:predefined","ru-adlist-hardcoded,geosite-ads,geosite-malware,geosite-phishing,geosite-cryptominers","BLOCK","BLOCK","DNS/HTTPS","1785483079407003","16"
"russia","mail","dns","yandex.ru","","","dns[3]:route","zeon-ru-yandex","DIRECT","DIRECT","DNS/AAAA","1785483079407003","3"
"russia","mail","dns","yandex.ru","","","dns[3]:route","zeon-ru-yandex","DIRECT","DIRECT","DNS/HTTPS","1785483079407003","2"
"russia","mail","dns","yandex.ru","hmac-sha256:bb555a46eeb51789d7deef0e34749c23","IPv4","dns[3]:route","zeon-ru-yandex","DIRECT","DIRECT","DNS/A","1785483079407003","3"
"russia","mail","dns","yandex.ru","hmac-sha256:7d82be72df8019e88de8bfbf3db041a8","IPv4","dns[3]:route","zeon-ru-yandex","DIRECT","DIRECT","DNS/A","1785483079407003","3"
"russia","mail","dns","yandex.ru","hmac-sha256:83171d37ebdd9b2a298ff52f2e51e3f1","IPv4","dns[3]:route","zeon-ru-yandex","DIRECT","DIRECT","DNS/A","1785483079407003","3"
"russia","mail","route","r3.mail.ru","hmac-sha256:676f883ac08f69f3378a3db13d5db5fc","IPv4","route[8]:route","zapret-ru-domains","DIRECT","DIRECT","TLS/TCP","1785483079407003","1"
"russia","mail","route","yandex.ru","hmac-sha256:bb555a46eeb51789d7deef0e34749c23","IPv4","route[6]:route","zeon-ru-yandex","DIRECT","DIRECT","TLS/TCP","1785483079407003","2"
"russia","mail","dns","cspreport.mail.ru","","","dns[5]:route","zapret-ru-domains","DIRECT","DIRECT","DNS/AAAA","1785483079407003","1"
"russia","mail","dns","img.imgsmail.ru","","","dns[5]:route","zapret-ru-domains","DIRECT","DIRECT","DNS/AAAA","1785483079407003","1"
"russia","mail","dns","home.imgsmail.ru","","","dns[5]:route","zapret-ru-domains","DIRECT","DIRECT","DNS/AAAA","1785483079407003","1"
"russia","mail","dns","cspreport.mail.ru","hmac-sha256:a35d5caf35b5ccd6a8f9f367d676d57f","IPv4","dns[5]:route","zapret-ru-domains","DIRECT","DIRECT","DNS/A","1785483079407003","1"
"russia","mail","dns","cspreport.mail.ru","","","dns[5]:route","zapret-ru-domains","DIRECT","DIRECT","DNS/HTTPS","1785483079407003","1"
"russia","mail","dns","img.imgsmail.ru","hmac-sha256:1da4990bb2e124ace3d9613a79e2e31e","IPv4","dns[5]:route","zapret-ru-domains","DIRECT","DIRECT","DNS/A","1785483079407003","1"
"russia","mail","dns","img.imgsmail.ru","","","dns[5]:route","zapret-ru-domains","DIRECT","DIRECT","DNS/HTTPS","1785483079407003","1"
"russia","mail","dns","imgs2.imgsmail.ru","","","dns[5]:route","zapret-ru-domains","DIRECT","DIRECT","DNS/AAAA","1785483079407003","1"
"russia","mail","dns","pogoda.imgsmail.ru","","","dns[5]:route","zapret-ru-domains","DIRECT","DIRECT","DNS/AAAA","1785483079407003","1"
"russia","mail","route","img.imgsmail.ru","hmac-sha256:1da4990bb2e124ace3d9613a79e2e31e","IPv4","route[8]:route","zapret-ru-domains","DIRECT","DIRECT","TLS/TCP","1785483079407003","3"
"russia","mail","route","cspreport.mail.ru","hmac-sha256:a35d5caf35b5ccd6a8f9f367d676d57f","IPv4","route[8]:route","zapret-ru-domains","DIRECT","DIRECT","TLS/TCP","1785483079407003","1"
"russia","mail","dns","imgs2.imgsmail.ru","","","dns[5]:route","zapret-ru-domains","DIRECT","DIRECT","DNS/HTTPS","1785483079407003","1"
"russia","mail","dns","home.imgsmail.ru","","","dns[5]:route","zapret-ru-domains","DIRECT","DIRECT","DNS/HTTPS","1785483079407003","1"
"russia","mail","dns","imgs2.imgsmail.ru","hmac-sha256:b11fb64bc5598a91874154532d57000d","IPv4","dns[5]:route","zapret-ru-domains","DIRECT","DIRECT","DNS/A","1785483079407003","1"
"russia","mail","dns","imgs2.imgsmail.ru","hmac-sha256:17cf9578e32817c0ac5d559ffcefb636","IPv4","dns[5]:route","zapret-ru-domains","DIRECT","DIRECT","DNS/A","1785483079407003","1"
"russia","mail","dns","home.imgsmail.ru","hmac-sha256:88b6ae8955ee907e34c65abcefdf9296","IPv4","dns[5]:route","zapret-ru-domains","DIRECT","DIRECT","DNS/A","1785483079407003","1"
"russia","mail","dns","home.imgsmail.ru","hmac-sha256:0731a30781bc4b313da9bdfccfad64eb","IPv4","dns[5]:route","zapret-ru-domains","DIRECT","DIRECT","DNS/A","1785483079407003","1"
"russia","mail","dns","imgs2.imgsmail.ru","hmac-sha256:88b6ae8955ee907e34c65abcefdf9296","IPv4","dns[5]:route","zapret-ru-domains","DIRECT","DIRECT","DNS/A","1785483079407003","1"
"russia","mail","dns","home.imgsmail.ru","hmac-sha256:8103d18c1388b8929d0aff92c10c21cc","IPv4","dns[5]:route","zapret-ru-domains","DIRECT","DIRECT","DNS/A","1785483079407003","1"
"russia","mail","dns","imgs2.imgsmail.ru","hmac-sha256:76b3b6b123b04ec1276fc9118b8a043f","IPv4","dns[5]:route","zapret-ru-domains","DIRECT","DIRECT","DNS/A","1785483079407003","1"
"russia","mail","dns","home.imgsmail.ru","hmac-sha256:76b3b6b123b04ec1276fc9118b8a043f","IPv4","dns[5]:route","zapret-ru-domains","DIRECT","DIRECT","DNS/A","1785483079407003","1"
"russia","mail","dns","imgs2.imgsmail.ru","hmac-sha256:50650bf018cb456aeccf725c0c8d0314","IPv4","dns[5]:route","zapret-ru-domains","DIRECT","DIRECT","DNS/A","1785483079407003","1"
"russia","mail","dns","home.imgsmail.ru","hmac-sha256:ab48067f7e6e688f79bc410d2ec4dd3f","IPv4","dns[5]:route","zapret-ru-domains","DIRECT","DIRECT","DNS/A","1785483079407003","1"
"russia","mail","dns","imgs2.imgsmail.ru","hmac-sha256:5e0f5861ba4a7d93beb6d28ef85a3567","IPv4","dns[5]:route","zapret-ru-domains","DIRECT","DIRECT","DNS/A","1785483079407003","1"
"russia","mail","dns","home.imgsmail.ru","hmac-sha256:068eeb2ce47fca8bdd764ef5a2ffe5f1","IPv4","dns[5]:route","zapret-ru-domains","DIRECT","DIRECT","DNS/A","1785483079407003","1"
"russia","mail","dns","imgs2.imgsmail.ru","hmac-sha256:a645e8880ec1e1b15f092de11700e94f","IPv4","dns[5]:route","zapret-ru-domains","DIRECT","DIRECT","DNS/A","1785483079407003","1"
"russia","mail","dns","home.imgsmail.ru","hmac-sha256:b11fb64bc5598a91874154532d57000d","IPv4","dns[5]:route","zapret-ru-domains","DIRECT","DIRECT","DNS/A","1785483079407003","1"
"russia","mail","dns","imgs2.imgsmail.ru","hmac-sha256:61ea6a94cd6e3739cc59832f6d9035b0","IPv4","dns[5]:route","zapret-ru-domains","DIRECT","DIRECT","DNS/A","1785483079407003","1"
"russia","mail","dns","home.imgsmail.ru","hmac-sha256:50650bf018cb456aeccf725c0c8d0314","IPv4","dns[5]:route","zapret-ru-domains","DIRECT","DIRECT","DNS/A","1785483079407003","1"
"russia","mail","dns","imgs2.imgsmail.ru","hmac-sha256:0731a30781bc4b313da9bdfccfad64eb","IPv4","dns[5]:route","zapret-ru-domains","DIRECT","DIRECT","DNS/A","1785483079407003","1"
"russia","mail","dns","imgs2.imgsmail.ru","hmac-sha256:bdc6d0ccf40b751a06bf52c865e4e0e5","IPv4","dns[5]:route","zapret-ru-domains","DIRECT","DIRECT","DNS/A","1785483079407003","1"
"russia","mail","dns","home.imgsmail.ru","hmac-sha256:5e0f5861ba4a7d93beb6d28ef85a3567","IPv4","dns[5]:route","zapret-ru-domains","DIRECT","DIRECT","DNS/A","1785483079407003","1"
"russia","mail","dns","home.imgsmail.ru","hmac-sha256:61ea6a94cd6e3739cc59832f6d9035b0","IPv4","dns[5]:route","zapret-ru-domains","DIRECT","DIRECT","DNS/A","1785483079407003","1"
"russia","mail","dns","pogoda.imgsmail.ru","hmac-sha256:98d73a8d29126e0b5fb274612fd101c2","IPv4","dns[5]:route","zapret-ru-domains","DIRECT","DIRECT","DNS/A","1785483079407003","1"
"russia","mail","dns","pogoda.imgsmail.ru","","","dns[5]:route","zapret-ru-domains","DIRECT","DIRECT","DNS/HTTPS","1785483079407003","1"
"russia","mail","route","imgs2.imgsmail.ru","hmac-sha256:b11fb64bc5598a91874154532d57000d","IPv4","route[8]:route","zapret-ru-domains","DIRECT","DIRECT","TLS/TCP","1785483079407003","1"
"russia","mail","route","home.imgsmail.ru","hmac-sha256:88b6ae8955ee907e34c65abcefdf9296","IPv4","route[8]:route","zapret-ru-domains","DIRECT","DIRECT","TLS/TCP","1785483079407003","3"
"russia","mail","route","pogoda.imgsmail.ru","hmac-sha256:98d73a8d29126e0b5fb274612fd101c2","IPv4","route[8]:route","zapret-ru-domains","DIRECT","DIRECT","TLS/TCP","1785483079407003","1"
"russia","mail","dns","mc.yandex.ru","","","dns[2]:predefined","ru-adlist-hardcoded,geosite-ads,geosite-malware,geosite-phishing,geosite-cryptominers","BLOCK","BLOCK","DNS/AAAA","1785483079407003","16"
"russia","mail","dns","mc.yandex.ru","","","dns[2]:predefined","ru-adlist-hardcoded,geosite-ads,geosite-malware,geosite-phishing,geosite-cryptominers","BLOCK","BLOCK","DNS/A","1785483079407003","16"
"russia","mail","dns","mc.yandex.ru","","","dns[2]:predefined","ru-adlist-hardcoded,geosite-ads,geosite-malware,geosite-phishing,geosite-cryptominers","BLOCK","BLOCK","DNS/HTTPS","1785483079407003","8"
"russia","mail","dns","portal.mail.ru","","","dns[5]:route","zapret-ru-domains","DIRECT","DIRECT","DNS/AAAA","1785483079407003","1"
"russia","mail","dns","vk.ru","","","dns[5]:route","zapret-ru-domains","DIRECT","DIRECT","DNS/HTTPS","1785483079407003","1"
"russia","mail","dns","portal.mail.ru","","","dns[5]:route","zapret-ru-domains","DIRECT","DIRECT","DNS/HTTPS","1785483079407003","1"
"russia","mail","dns","portal.mail.ru","hmac-sha256:72060cf2ec3dc08470efc2c984df5142","IPv4","dns[5]:route","zapret-ru-domains","DIRECT","DIRECT","DNS/A","1785483079407003","1"
"russia","mail","dns","portal.mail.ru","hmac-sha256:f8d2d163c87a38f6ac7e013b44dc6b8b","IPv4","dns[5]:route","zapret-ru-domains","DIRECT","DIRECT","DNS/A","1785483079407003","1"
"russia","mail","dns","portal.mail.ru","hmac-sha256:10bfdead273dfab27c8e4fee6888addd","IPv4","dns[5]:route","zapret-ru-domains","DIRECT","DIRECT","DNS/A","1785483079407003","1"
"russia","mail","dns","vk.ru","hmac-sha256:8f89bd0bc7d3e91fcc28040020fea1fc","IPv4","dns[5]:route","zapret-ru-domains","DIRECT","DIRECT","DNS/A","1785483079407003","1"
"russia","mail","dns","vk.ru","hmac-sha256:b1c44d2b95c176df259afd76e0385fc2","IPv4","dns[5]:route","zapret-ru-domains","DIRECT","DIRECT","DNS/A","1785483079407003","1"
"russia","mail","dns","vk.ru","hmac-sha256:475a0d9a2d41f98b98b3361a4f51600d","IPv4","dns[5]:route","zapret-ru-domains","DIRECT","DIRECT","DNS/A","1785483079407003","1"
"russia","mail","dns","vk.ru","hmac-sha256:b42f3870a34157b8bcd051b790f7e2cf","IPv4","dns[5]:route","zapret-ru-domains","DIRECT","DIRECT","DNS/A","1785483079407003","1"
"russia","mail","dns","vk.ru","hmac-sha256:f0fee65f26dad56b0379a204bdae3f9c","IPv4","dns[5]:route","zapret-ru-domains","DIRECT","DIRECT","DNS/A","1785483079407003","1"
"russia","mail","dns","vk.ru","hmac-sha256:cda846f40c5f8c5ef9d05d8eaf8d2522","IPv4","dns[5]:route","zapret-ru-domains","DIRECT","DIRECT","DNS/A","1785483079407003","1"
"russia","mail","dns","vk.ru","","","dns[5]:route","zapret-ru-domains","DIRECT","DIRECT","DNS/AAAA","1785483079407003","1"
"russia","mail","route","portal.mail.ru","hmac-sha256:72060cf2ec3dc08470efc2c984df5142","IPv4","route[8]:route","zapret-ru-domains","DIRECT","DIRECT","TLS/TCP","1785483079407003","1"
"russia","mail","route","vk.ru","hmac-sha256:8f89bd0bc7d3e91fcc28040020fea1fc","IPv4","route[8]:route","zapret-ru-domains","DIRECT","DIRECT","TLS/TCP","1785483079407003","1"
"russia","mail","dns","ok.ru","","","dns[5]:route","zapret-ru-domains","DIRECT","DIRECT","DNS/AAAA","1785483079407003","1"
"russia","mail","dns","yastatic.net","","","dns[3]:route","zeon-ru-yandex","DIRECT","DIRECT","DNS/AAAA","1785483079407003","1"
"russia","mail","dns","yastatic.net","","","dns[3]:route","zeon-ru-yandex","DIRECT","DIRECT","DNS/HTTPS","1785483079407003","1"
"russia","mail","dns","yastatic.net","hmac-sha256:97a22d4efb59331b7da73906ccc4eddd","IPv4","dns[3]:route","zeon-ru-yandex","DIRECT","DIRECT","DNS/A","1785483079407003","1"
"russia","mail","route","yastatic.net","hmac-sha256:97a22d4efb59331b7da73906ccc4eddd","IPv4","route[6]:route","zeon-ru-yandex","DIRECT","DIRECT","TLS/TCP","1785483079407003","1"
"russia","mail","dns","ok.ru","hmac-sha256:c9e7994d5986c792b50b89ec21dc6feb","IPv4","dns[5]:route","zapret-ru-domains","DIRECT","DIRECT","DNS/A","1785483079407003","1"
"russia","mail","dns","ok.ru","hmac-sha256:f314720045bc67d1ce525a61fcdaada2","IPv4","dns[5]:route","zapret-ru-domains","DIRECT","DIRECT","DNS/A","1785483079407003","1"
"russia","mail","dns","ok.ru","","","dns[5]:route","zapret-ru-domains","DIRECT","DIRECT","DNS/HTTPS","1785483079407003","1"
"russia","mail","route","ok.ru","hmac-sha256:c9e7994d5986c792b50b89ec21dc6feb","IPv4","route[8]:route","zapret-ru-domains","DIRECT","DIRECT","TLS/TCP","1785483079407003","1"
"russia","mail","dns","limg.imgsmail.ru","","","dns[5]:route","zapret-ru-domains","DIRECT","DIRECT","DNS/AAAA","1785483079407003","1"
"russia","mail","dns","limg.imgsmail.ru","","","dns[5]:route","zapret-ru-domains","DIRECT","DIRECT","DNS/HTTPS","1785483079407003","1"
"russia","mail","dns","limg.imgsmail.ru","hmac-sha256:b087487cd3b62c7c67546ca7ad15f42e","IPv4","dns[5]:route","zapret-ru-domains","DIRECT","DIRECT","DNS/A","1785483079407003","1"
"russia","mail","dns","limg.imgsmail.ru","hmac-sha256:e7f7a749a3ed293f3f3a74c1d55b0fdd","IPv4","dns[5]:route","zapret-ru-domains","DIRECT","DIRECT","DNS/A","1785483079407003","1"
"russia","mail","dns","limg.imgsmail.ru","hmac-sha256:46b98dff0dc44206adcc5450666b2ed7","IPv4","dns[5]:route","zapret-ru-domains","DIRECT","DIRECT","DNS/A","1785483079407003","1"
"russia","mail","route","limg.imgsmail.ru","hmac-sha256:b087487cd3b62c7c67546ca7ad15f42e","IPv4","route[8]:route","zapret-ru-domains","DIRECT","DIRECT","TLS/TCP","1785483079407003","2"
"russia","mail","dns","xray.mail.ru","","","dns[2]:predefined","ru-adlist-hardcoded,geosite-ads,geosite-malware,geosite-phishing,geosite-cryptominers","BLOCK","BLOCK","DNS/A","1785483079407003","24"
"russia","mail","dns","xray.mail.ru","","","dns[2]:predefined","ru-adlist-hardcoded,geosite-ads,geosite-malware,geosite-phishing,geosite-cryptominers","BLOCK","BLOCK","DNS/AAAA","1785483079407003","24"
"russia","mail","dns","xray.mail.ru","","","dns[2]:predefined","ru-adlist-hardcoded,geosite-ads,geosite-malware,geosite-phishing,geosite-cryptominers","BLOCK","BLOCK","DNS/HTTPS","1785483079407003","12"
"russia","mail","dns","media-trend.mail.ru","","","dns[5]:route","zapret-ru-domains","DIRECT","DIRECT","DNS/AAAA","1785483079407003","1"
"russia","mail","dns","media-trend.mail.ru","","","dns[5]:route","zapret-ru-domains","DIRECT","DIRECT","DNS/HTTPS","1785483079407003","1"
"russia","mail","dns","media-trend.mail.ru","hmac-sha256:cc34c280578153f47e37c151168cb2dd","IPv4","dns[5]:route","zapret-ru-domains","DIRECT","DIRECT","DNS/A","1785483079407003","1"
"russia","mail","route","media-trend.mail.ru","hmac-sha256:cc34c280578153f47e37c151168cb2dd","IPv4","route[8]:route","zapret-ru-domains","DIRECT","DIRECT","TLS/TCP","1785483079407003","1"
"russia","mail","dns","resizer.mail.ru","","","dns[5]:route","zapret-ru-domains","DIRECT","DIRECT","DNS/AAAA","1785483079407003","1"
"russia","mail","dns","resizer.mail.ru","","","dns[5]:route","zapret-ru-domains","DIRECT","DIRECT","DNS/HTTPS","1785483079407003","1"
"russia","mail","dns","resizer.mail.ru","hmac-sha256:8103d18c1388b8929d0aff92c10c21cc","IPv4","dns[5]:route","zapret-ru-domains","DIRECT","DIRECT","DNS/A","1785483079407003","1"
"russia","mail","dns","resizer.mail.ru","hmac-sha256:88b6ae8955ee907e34c65abcefdf9296","IPv4","dns[5]:route","zapret-ru-domains","DIRECT","DIRECT","DNS/A","1785483079407003","1"
"russia","mail","dns","resizer.mail.ru","hmac-sha256:068eeb2ce47fca8bdd764ef5a2ffe5f1","IPv4","dns[5]:route","zapret-ru-domains","DIRECT","DIRECT","DNS/A","1785483079407003","1"
"russia","mail","dns","resizer.mail.ru","hmac-sha256:b11fb64bc5598a91874154532d57000d","IPv4","dns[5]:route","zapret-ru-domains","DIRECT","DIRECT","DNS/A","1785483079407003","1"
"russia","mail","dns","resizer.mail.ru","hmac-sha256:50650bf018cb456aeccf725c0c8d0314","IPv4","dns[5]:route","zapret-ru-domains","DIRECT","DIRECT","DNS/A","1785483079407003","1"
"russia","mail","dns","resizer.mail.ru","hmac-sha256:61ea6a94cd6e3739cc59832f6d9035b0","IPv4","dns[5]:route","zapret-ru-domains","DIRECT","DIRECT","DNS/A","1785483079407003","1"
"russia","mail","dns","resizer.mail.ru","hmac-sha256:ab48067f7e6e688f79bc410d2ec4dd3f","IPv4","dns[5]:route","zapret-ru-domains","DIRECT","DIRECT","DNS/A","1785483079407003","1"
"russia","mail","dns","resizer.mail.ru","hmac-sha256:76b3b6b123b04ec1276fc9118b8a043f","IPv4","dns[5]:route","zapret-ru-domains","DIRECT","DIRECT","DNS/A","1785483079407003","1"
"russia","mail","dns","resizer.mail.ru","hmac-sha256:17cf9578e32817c0ac5d559ffcefb636","IPv4","dns[5]:route","zapret-ru-domains","DIRECT","DIRECT","DNS/A","1785483079407003","1"
"russia","mail","dns","resizer.mail.ru","hmac-sha256:5e0f5861ba4a7d93beb6d28ef85a3567","IPv4","dns[5]:route","zapret-ru-domains","DIRECT","DIRECT","DNS/A","1785483079407003","1"
"russia","mail","route","resizer.mail.ru","hmac-sha256:8103d18c1388b8929d0aff92c10c21cc","IPv4","route[8]:route","zapret-ru-domains","DIRECT","DIRECT","TLS/TCP","1785483079407003","1"
"russia","mail","dns","a-71826852-6-1-0nm12d-000.pms.mail.ru","","","dns[5]:route","zapret-ru-domains","DIRECT","DIRECT","DNS/AAAA","1785483079407003","1"
"russia","mail","dns","a-71827076-6-575-0nm12d-000.pms.mail.ru","","","dns[5]:route","zapret-ru-domains","DIRECT","DIRECT","DNS/AAAA","1785483079407003","1"
"russia","mail","dns","a-71826852-6-1-0nm12d-000.pms.mail.ru","","","dns[5]:route","zapret-ru-domains","DIRECT","DIRECT","DNS/HTTPS","1785483079407003","1"
"russia","mail","dns","a-71826852-6-1-0nm12d-000.pms.mail.ru","hmac-sha256:98d73a8d29126e0b5fb274612fd101c2","IPv4","dns[5]:route","zapret-ru-domains","DIRECT","DIRECT","DNS/A","1785483079407003","1"
"russia","mail","route","a-71826852-6-1-0nm12d-000.pms.mail.ru","hmac-sha256:98d73a8d29126e0b5fb274612fd101c2","IPv4","route[8]:route","zapret-ru-domains","DIRECT","DIRECT","TLS/TCP","1785483079407003","1"
"russia","mail","dns","a-71827076-6-575-0nm12d-000.pms.mail.ru","","","dns[5]:route","zapret-ru-domains","DIRECT","DIRECT","DNS/HTTPS","1785483079407003","1"
"russia","mail","dns","a-71827076-6-575-0nm12d-000.pms.mail.ru","hmac-sha256:98d73a8d29126e0b5fb274612fd101c2","IPv4","dns[5]:route","zapret-ru-domains","DIRECT","DIRECT","DNS/A","1785483079407003","1"
"russia","mail","route","a-71827076-6-575-0nm12d-000.pms.mail.ru","hmac-sha256:98d73a8d29126e0b5fb274612fd101c2","IPv4","route[8]:route","zapret-ru-domains","DIRECT","DIRECT","TLS/TCP","1785483079407003","1"
"russia","mail","route","home.imgsmail.ru","hmac-sha256:88b6ae8955ee907e34c65abcefdf9296","IPv4","route[8]:route","zapret-ru-domains","DIRECT","DIRECT","QUIC/UDP","1785483079407003","1"
"russia","ok","dns","ok.ru","","","dns[5]:route","zapret-ru-domains","DIRECT","DIRECT","DNS/AAAA","1785483079407003","2"
"russia","ok","dns","ok.ru","","","dns[5]:route","zapret-ru-domains","DIRECT","DIRECT","DNS/HTTPS","1785483079407003","1"
"russia","ok","dns","ok.ru","hmac-sha256:c9e7994d5986c792b50b89ec21dc6feb","IPv4","dns[5]:route","zapret-ru-domains","DIRECT","DIRECT","DNS/A","1785483079407003","2"
"russia","ok","dns","ok.ru","hmac-sha256:f314720045bc67d1ce525a61fcdaada2","IPv4","dns[5]:route","zapret-ru-domains","DIRECT","DIRECT","DNS/A","1785483079407003","2"
"russia","ok","route","ok.ru","hmac-sha256:c9e7994d5986c792b50b89ec21dc6feb","IPv4","route[8]:route","zapret-ru-domains","DIRECT","DIRECT","TLS/TCP","1785483079407003","2"
"russia","ok","route","imgs2.imgsmail.ru","hmac-sha256:a645e8880ec1e1b15f092de11700e94f","IPv4","route[8]:route","zapret-ru-domains","DIRECT","DIRECT","TLS/TCP","1785483079407003","7"
"russia","ok","dns","mc.yandex.ru","","","dns[2]:predefined","ru-adlist-hardcoded,geosite-ads,geosite-malware,geosite-phishing,geosite-cryptominers","BLOCK","BLOCK","DNS/A","1785483079407003","8"
"russia","ok","dns","mc.yandex.ru","","","dns[2]:predefined","ru-adlist-hardcoded,geosite-ads,geosite-malware,geosite-phishing,geosite-cryptominers","BLOCK","BLOCK","DNS/AAAA","1785483079407003","8"
"russia","ok","dns","mc.yandex.ru","","","dns[2]:predefined","ru-adlist-hardcoded,geosite-ads,geosite-malware,geosite-phishing,geosite-cryptominers","BLOCK","BLOCK","DNS/HTTPS","1785483079407003","4"
"russia","ok","dns","top-fwz1.mail.ru","","","dns[2]:predefined","ru-adlist-hardcoded,geosite-ads,geosite-malware,geosite-phishing,geosite-cryptominers","BLOCK","BLOCK","DNS/A","1785483079407003","8"
"russia","ok","dns","top-fwz1.mail.ru","","","dns[2]:predefined","ru-adlist-hardcoded,geosite-ads,geosite-malware,geosite-phishing,geosite-cryptominers","BLOCK","BLOCK","DNS/AAAA","1785483079407003","8"
"russia","ok","dns","top-fwz1.mail.ru","","","dns[2]:predefined","ru-adlist-hardcoded,geosite-ads,geosite-malware,geosite-phishing,geosite-cryptominers","BLOCK","BLOCK","DNS/HTTPS","1785483079407003","4"
"russia","ok","dns","rs.mail.ru","","","dns[2]:predefined","ru-adlist-hardcoded,geosite-ads,geosite-malware,geosite-phishing,geosite-cryptominers","BLOCK","BLOCK","DNS/A","1785483079407003","8"
"russia","ok","dns","rs.mail.ru","","","dns[2]:predefined","ru-adlist-hardcoded,geosite-ads,geosite-malware,geosite-phishing,geosite-cryptominers","BLOCK","BLOCK","DNS/HTTPS","1785483079407003","4"
"russia","ok","dns","rs.mail.ru","","","dns[2]:predefined","ru-adlist-hardcoded,geosite-ads,geosite-malware,geosite-phishing,geosite-cryptominers","BLOCK","BLOCK","DNS/AAAA","1785483079407003","8"
"russia","ok","dns","limg.imgsmail.ru","","","dns[5]:route","zapret-ru-domains","DIRECT","DIRECT","DNS/HTTPS","1785483079407003","1"
"russia","ok","dns","limg.imgsmail.ru","","","dns[5]:route","zapret-ru-domains","DIRECT","DIRECT","DNS/AAAA","1785483079407003","1"
"russia","ok","dns","limg.imgsmail.ru","hmac-sha256:b087487cd3b62c7c67546ca7ad15f42e","IPv4","dns[5]:route","zapret-ru-domains","DIRECT","DIRECT","DNS/A","1785483079407003","1"
"russia","ok","dns","limg.imgsmail.ru","hmac-sha256:e7f7a749a3ed293f3f3a74c1d55b0fdd","IPv4","dns[5]:route","zapret-ru-domains","DIRECT","DIRECT","DNS/A","1785483079407003","1"
"russia","ok","dns","limg.imgsmail.ru","hmac-sha256:46b98dff0dc44206adcc5450666b2ed7","IPv4","dns[5]:route","zapret-ru-domains","DIRECT","DIRECT","DNS/A","1785483079407003","1"
"russia","ok","route","limg.imgsmail.ru","hmac-sha256:b087487cd3b62c7c67546ca7ad15f42e","IPv4","route[8]:route","zapret-ru-domains","DIRECT","DIRECT","TLS/TCP","1785483079407003","1"
"russia","ok","dns","r3.mail.ru","","","dns[5]:route","zapret-ru-domains","DIRECT","DIRECT","DNS/HTTPS","1785483079407003","1"
"russia","ok","dns","r3.mail.ru","hmac-sha256:676f883ac08f69f3378a3db13d5db5fc","IPv4","dns[5]:route","zapret-ru-domains","DIRECT","DIRECT","DNS/A","1785483079407003","1"
"russia","ok","dns","r3.mail.ru","","","dns[5]:route","zapret-ru-domains","DIRECT","DIRECT","DNS/AAAA","1785483079407003","1"
"russia","ok","route","r3.mail.ru","hmac-sha256:676f883ac08f69f3378a3db13d5db5fc","IPv4","route[8]:route","zapret-ru-domains","DIRECT","DIRECT","TLS/TCP","1785483079407003","1"
"russia","ok","dns","dzen.ru","","","dns[5]:route","zapret-ru-domains","DIRECT","DIRECT","DNS/HTTPS","1785483079407003","1"
"russia","ok","dns","dzen.ru","hmac-sha256:946192622fda336428d89f2ecd81d1bf","IPv4","dns[5]:route","zapret-ru-domains","DIRECT","DIRECT","DNS/A","1785483079407003","1"
"russia","ok","dns","dzen.ru","hmac-sha256:9bc243318085f19c7d2ffa2841bb243f","IPv4","dns[5]:route","zapret-ru-domains","DIRECT","DIRECT","DNS/A","1785483079407003","1"
"russia","ok","dns","dzen.ru","hmac-sha256:0d0900ebf52d5289ca6f7e110a9af243","IPv4","dns[5]:route","zapret-ru-domains","DIRECT","DIRECT","DNS/A","1785483079407003","1"
"russia","ok","dns","dzen.ru","hmac-sha256:1d0fc9de9ce07849be0ea64da1293276","IPv4","dns[5]:route","zapret-ru-domains","DIRECT","DIRECT","DNS/A","1785483079407003","1"
"russia","ok","dns","dzen.ru","","","dns[5]:route","zapret-ru-domains","DIRECT","DIRECT","DNS/AAAA","1785483079407003","1"
"russia","ok","route","dzen.ru","hmac-sha256:946192622fda336428d89f2ecd81d1bf","IPv4","route[8]:route","zapret-ru-domains","DIRECT","DIRECT","TLS/TCP","1785483079407003","1"
"russia","ok","dns","ad.mail.ru","","","dns[2]:predefined","ru-adlist-hardcoded,geosite-ads,geosite-malware,geosite-phishing,geosite-cryptominers","BLOCK","BLOCK","DNS/HTTPS","1785483079407003","8"
"russia","ok","dns","ad.mail.ru","","","dns[2]:predefined","ru-adlist-hardcoded,geosite-ads,geosite-malware,geosite-phishing,geosite-cryptominers","BLOCK","BLOCK","DNS/AAAA","1785483079407003","16"
"russia","ok","dns","ad.mail.ru","","","dns[2]:predefined","ru-adlist-hardcoded,geosite-ads,geosite-malware,geosite-phishing,geosite-cryptominers","BLOCK","BLOCK","DNS/A","1785483079407003","16"
"russia","ok","dns","732231.ms.ok.ru","","","dns[5]:route","zapret-ru-domains","DIRECT","DIRECT","DNS/AAAA","1785483079407003","1"
"russia","ok","dns","732231.ms.ok.ru","","","dns[5]:route","zapret-ru-domains","DIRECT","DIRECT","DNS/HTTPS","1785483079407003","1"
"russia","ok","dns","732231.ms.ok.ru","hmac-sha256:33caef5897f7fde55c7b90a08d25e46d","IPv4","dns[5]:route","zapret-ru-domains","DIRECT","DIRECT","DNS/A","1785483079407003","1"
"russia","ok","dns","732231.ms.ok.ru","hmac-sha256:abb1eef0409533d3bc7d926f495ba4e0","IPv4","dns[5]:route","zapret-ru-domains","DIRECT","DIRECT","DNS/A","1785483079407003","1"
"russia","ok","dns","732231.ms.ok.ru","hmac-sha256:d0d1469464d70e494f9f521c16dce31f","IPv4","dns[5]:route","zapret-ru-domains","DIRECT","DIRECT","DNS/A","1785483079407003","1"
"russia","ok","route","732231.ms.ok.ru","hmac-sha256:33caef5897f7fde55c7b90a08d25e46d","IPv4","route[8]:route","zapret-ru-domains","DIRECT","DIRECT","TLS/TCP","1785483079407003","1"
"russia","ok","dns","api.vk.ru","","","dns[5]:route","zapret-ru-domains","DIRECT","DIRECT","DNS/HTTPS","1785483079407003","1"
"russia","ok","dns","api.vk.ru","","","dns[5]:route","zapret-ru-domains","DIRECT","DIRECT","DNS/AAAA","1785483079407003","1"
"russia","ok","dns","api.vk.ru","hmac-sha256:2ccb77d4cfd0eb04cafda2212096fd7d","IPv4","dns[5]:route","zapret-ru-domains","DIRECT","DIRECT","DNS/A","1785483079407003","1"
"russia","ok","dns","api.vk.ru","hmac-sha256:8a8793e51dbccd90acee0fd7a1e6b81d","IPv4","dns[5]:route","zapret-ru-domains","DIRECT","DIRECT","DNS/A","1785483079407003","1"
"russia","ok","dns","api.vk.ru","hmac-sha256:a3576d7c4f625e1466722861b385059c","IPv4","dns[5]:route","zapret-ru-domains","DIRECT","DIRECT","DNS/A","1785483079407003","1"
"russia","ok","dns","api.vk.ru","hmac-sha256:d385e33f4d45599986d978f1d032e598","IPv4","dns[5]:route","zapret-ru-domains","DIRECT","DIRECT","DNS/A","1785483079407003","1"
"russia","ok","dns","api.vk.ru","hmac-sha256:152b5ab04ead8e0762bddab82eb7ddb1","IPv4","dns[5]:route","zapret-ru-domains","DIRECT","DIRECT","DNS/A","1785483079407003","1"
"russia","ok","dns","api.vk.ru","hmac-sha256:a241bfd67d93c060980aeea3f0a13863","IPv4","dns[5]:route","zapret-ru-domains","DIRECT","DIRECT","DNS/A","1785483079407003","1"
"russia","ok","dns","api.vk.ru","hmac-sha256:2f65a22e810daa6d25a18309c2b2fb77","IPv4","dns[5]:route","zapret-ru-domains","DIRECT","DIRECT","DNS/A","1785483079407003","1"
"russia","ok","dns","api.vk.ru","hmac-sha256:85f80396fcf4b5987e15ccf9d2cb9486","IPv4","dns[5]:route","zapret-ru-domains","DIRECT","DIRECT","DNS/A","1785483079407003","1"
"russia","ok","dns","api.vk.ru","hmac-sha256:be2158718377ff898e74c781e64cf8cf","IPv4","dns[5]:route","zapret-ru-domains","DIRECT","DIRECT","DNS/A","1785483079407003","1"
"russia","ok","route","api.vk.ru","hmac-sha256:2ccb77d4cfd0eb04cafda2212096fd7d","IPv4","route[8]:route","zapret-ru-domains","DIRECT","DIRECT","TLS/TCP","1785483079407003","1"
"russia","ok","dns","vk.ru","","","dns[5]:route","zapret-ru-domains","DIRECT","DIRECT","DNS/AAAA","1785483079407003","1"
"russia","ok","dns","vk.ru","","","dns[5]:route","zapret-ru-domains","DIRECT","DIRECT","DNS/HTTPS","1785483079407003","1"
"russia","ok","dns","vk.ru","hmac-sha256:8f89bd0bc7d3e91fcc28040020fea1fc","IPv4","dns[5]:route","zapret-ru-domains","DIRECT","DIRECT","DNS/A","1785483079407003","1"
"russia","ok","dns","vk.ru","hmac-sha256:b1c44d2b95c176df259afd76e0385fc2","IPv4","dns[5]:route","zapret-ru-domains","DIRECT","DIRECT","DNS/A","1785483079407003","1"
"russia","ok","dns","vk.ru","hmac-sha256:475a0d9a2d41f98b98b3361a4f51600d","IPv4","dns[5]:route","zapret-ru-domains","DIRECT","DIRECT","DNS/A","1785483079407003","1"
"russia","ok","dns","vk.ru","hmac-sha256:b42f3870a34157b8bcd051b790f7e2cf","IPv4","dns[5]:route","zapret-ru-domains","DIRECT","DIRECT","DNS/A","1785483079407003","1"
"russia","ok","dns","vk.ru","hmac-sha256:f0fee65f26dad56b0379a204bdae3f9c","IPv4","dns[5]:route","zapret-ru-domains","DIRECT","DIRECT","DNS/A","1785483079407003","1"
"russia","ok","dns","vk.ru","hmac-sha256:cda846f40c5f8c5ef9d05d8eaf8d2522","IPv4","dns[5]:route","zapret-ru-domains","DIRECT","DIRECT","DNS/A","1785483079407003","1"
"russia","ok","route","vk.ru","hmac-sha256:8f89bd0bc7d3e91fcc28040020fea1fc","IPv4","route[8]:route","zapret-ru-domains","DIRECT","DIRECT","TLS/TCP","1785483079407003","1"
"russia","dzen","dns","dzen.ru","","","dns[5]:route","zapret-ru-domains","DIRECT","DIRECT","DNS/AAAA","1785491550343729","4"
"russia","dzen","dns","dzen.ru","","","dns[5]:route","zapret-ru-domains","DIRECT","DIRECT","DNS/HTTPS","1785491550343729","1"
"russia","dzen","dns","dzen.ru","hmac-sha256:54775a052846ce2f74bd0c5a42ede9b0","IPv4","dns[5]:route","zapret-ru-domains","DIRECT","DIRECT","DNS/A","1785491550343729","4"
"russia","dzen","dns","dzen.ru","hmac-sha256:544c0983e1b10a962d74e2c84df5d694","IPv4","dns[5]:route","zapret-ru-domains","DIRECT","DIRECT","DNS/A","1785491550343729","4"
"russia","dzen","dns","dzen.ru","hmac-sha256:ed60c17e384d6ecc9a4046a5b1488c05","IPv4","dns[5]:route","zapret-ru-domains","DIRECT","DIRECT","DNS/A","1785491550343729","4"
"russia","dzen","dns","dzen.ru","hmac-sha256:4946322410b6d5221ce63f6f5cc2cc70","IPv4","dns[5]:route","zapret-ru-domains","DIRECT","DIRECT","DNS/A","1785491550343729","4"
"russia","dzen","route","dzen.ru","hmac-sha256:54775a052846ce2f74bd0c5a42ede9b0","IPv4","route[8]:route","zapret-ru-domains","DIRECT","DIRECT","TLS/TCP","1785491550343729","2"
"russia","dzen","dns","suggest.sso.dzen.ru","","","dns[5]:route","zapret-ru-domains","DIRECT","DIRECT","DNS/AAAA","1785491550343729","2"
"russia","dzen","dns","suggest.dzen.ru","","","dns[5]:route","zapret-ru-domains","DIRECT","DIRECT","DNS/AAAA","1785491550343729","1"
"russia","dzen","dns","suggest.dzen.ru","","","dns[5]:route","zapret-ru-domains","DIRECT","DIRECT","DNS/HTTPS","1785491550343729","1"
"russia","dzen","dns","suggest.sso.dzen.ru","hmac-sha256:b8fa304cb21b9c0dec7ed44f29e2f165","IPv4","dns[5]:route","zapret-ru-domains","DIRECT","DIRECT","DNS/A","1785491550343729","2"
"russia","dzen","dns","suggest.sso.dzen.ru","","","dns[5]:route","zapret-ru-domains","DIRECT","DIRECT","DNS/HTTPS","1785491550343729","1"
"russia","dzen","dns","suggest.dzen.ru","hmac-sha256:b8fa304cb21b9c0dec7ed44f29e2f165","IPv4","dns[5]:route","zapret-ru-domains","DIRECT","DIRECT","DNS/A","1785491550343729","1"
"russia","dzen","route","suggest.sso.dzen.ru","hmac-sha256:b8fa304cb21b9c0dec7ed44f29e2f165","IPv4","route[8]:route","zapret-ru-domains","DIRECT","DIRECT","TLS/TCP","1785491550343729","6"
"russia","dzen","route","suggest.dzen.ru","hmac-sha256:b8fa304cb21b9c0dec7ed44f29e2f165","IPv4","route[8]:route","zapret-ru-domains","DIRECT","DIRECT","TLS/TCP","1785491550343729","1"
"russia","dzen","dns","mc.yandex.ru","","","dns[2]:predefined","ru-adlist-hardcoded,geosite-ads,geosite-malware,geosite-phishing,geosite-cryptominers","BLOCK","BLOCK","DNS/AAAA","1785491550343729","38"
"russia","dzen","dns","mc.yandex.ru","","","dns[2]:predefined","ru-adlist-hardcoded,geosite-ads,geosite-malware,geosite-phishing,geosite-cryptominers","BLOCK","BLOCK","DNS/HTTPS","1785491550343729","19"
"russia","dzen","dns","mc.yandex.ru","","","dns[2]:predefined","ru-adlist-hardcoded,geosite-ads,geosite-malware,geosite-phishing,geosite-cryptominers","BLOCK","BLOCK","DNS/A","1785491550343729","40"
"russia","dzen","dns","ad.mail.ru","","","dns[2]:predefined","ru-adlist-hardcoded,geosite-ads,geosite-malware,geosite-phishing,geosite-cryptominers","BLOCK","BLOCK","DNS/HTTPS","1785491550343729","4"
"russia","dzen","dns","ad.mail.ru","","","dns[2]:predefined","ru-adlist-hardcoded,geosite-ads,geosite-malware,geosite-phishing,geosite-cryptominers","BLOCK","BLOCK","DNS/AAAA","1785491550343729","8"
"russia","dzen","dns","ad.mail.ru","","","dns[2]:predefined","ru-adlist-hardcoded,geosite-ads,geosite-malware,geosite-phishing,geosite-cryptominers","BLOCK","BLOCK","DNS/A","1785491550343729","8"
"russia","dzen","dns","yandex.ru","","","dns[3]:route","zeon-ru-yandex","DIRECT","DIRECT","DNS/HTTPS","1785491550343729","1"
"russia","dzen","dns","top-fwz1.mail.ru","","","dns[2]:predefined","ru-adlist-hardcoded,geosite-ads,geosite-malware,geosite-phishing,geosite-cryptominers","BLOCK","BLOCK","DNS/AAAA","1785491550343729","8"
"russia","dzen","dns","top-fwz1.mail.ru","","","dns[2]:predefined","ru-adlist-hardcoded,geosite-ads,geosite-malware,geosite-phishing,geosite-cryptominers","BLOCK","BLOCK","DNS/HTTPS","1785491550343729","4"
"russia","dzen","dns","yandex.ru","hmac-sha256:7a65de4dd1d11e58cfe5decb8aa6efcc","IPv4","dns[3]:route","zeon-ru-yandex","DIRECT","DIRECT","DNS/A","1785491550343729","1"
"russia","dzen","dns","yandex.ru","hmac-sha256:d277f3422c65d29c427c9f87ec1015b4","IPv4","dns[3]:route","zeon-ru-yandex","DIRECT","DIRECT","DNS/A","1785491550343729","1"
"russia","dzen","dns","yandex.ru","hmac-sha256:6c94599c7022b71c8e2559f6faf8e787","IPv4","dns[3]:route","zeon-ru-yandex","DIRECT","DIRECT","DNS/A","1785491550343729","1"
"russia","dzen","dns","yandex.ru","","","dns[3]:route","zeon-ru-yandex","DIRECT","DIRECT","DNS/AAAA","1785491550343729","1"
"russia","dzen","dns","top-fwz1.mail.ru","","","dns[2]:predefined","ru-adlist-hardcoded,geosite-ads,geosite-malware,geosite-phishing,geosite-cryptominers","BLOCK","BLOCK","DNS/A","1785491550343729","8"
"russia","dzen","route","yandex.ru","hmac-sha256:7a65de4dd1d11e58cfe5decb8aa6efcc","IPv4","route[6]:route","zeon-ru-yandex","DIRECT","DIRECT","TLS/TCP","1785491550343729","2"
"russia","dzen","dns","csp.yandex.net","","","dns[2]:predefined","ru-adlist-hardcoded,geosite-ads,geosite-malware,geosite-phishing,geosite-cryptominers","BLOCK","BLOCK","DNS/HTTPS","1785491550343729","8"
"russia","dzen","dns","csp.yandex.net","","","dns[2]:predefined","ru-adlist-hardcoded,geosite-ads,geosite-malware,geosite-phishing,geosite-cryptominers","BLOCK","BLOCK","DNS/A","1785491550343729","16"
"russia","dzen","dns","csp.yandex.net","","","dns[2]:predefined","ru-adlist-hardcoded,geosite-ads,geosite-malware,geosite-phishing,geosite-cryptominers","BLOCK","BLOCK","DNS/AAAA","1785491550343729","16"
"russia","dzen","dns","an.yandex.ru","","","dns[2]:predefined","ru-adlist-hardcoded,geosite-ads,geosite-malware,geosite-phishing,geosite-cryptominers","BLOCK","BLOCK","DNS/HTTPS","1785491550343729","6"
"russia","dzen","dns","an.yandex.ru","","","dns[2]:predefined","ru-adlist-hardcoded,geosite-ads,geosite-malware,geosite-phishing,geosite-cryptominers","BLOCK","BLOCK","DNS/AAAA","1785491550343729","12"
"russia","dzen","dns","an.yandex.ru","","","dns[2]:predefined","ru-adlist-hardcoded,geosite-ads,geosite-malware,geosite-phishing,geosite-cryptominers","BLOCK","BLOCK","DNS/A","1785491550343729","12"
"russia","dzen","dns","yastatic.net","","","dns[3]:route","zeon-ru-yandex","DIRECT","DIRECT","DNS/AAAA","1785491550343729","1"
"russia","dzen","dns","yastatic.net","hmac-sha256:311fced66e651a6710b52bfea6b204ca","IPv4","dns[3]:route","zeon-ru-yandex","DIRECT","DIRECT","DNS/A","1785491550343729","1"
"russia","dzen","dns","yastatic.net","","","dns[3]:route","zeon-ru-yandex","DIRECT","DIRECT","DNS/HTTPS","1785491550343729","1"
"russia","dzen","dns","avatars.mds.yandex.net","hmac-sha256:3230bd46e1fe6dd6e432ef4acb38ba2c","IPv4","dns[3]:route","zeon-ru-yandex","DIRECT","DIRECT","DNS/A","1785491550343729","1"
"russia","dzen","dns","avatars.mds.yandex.net","hmac-sha256:29fa8bc93119fc11bd16488c4c142229","IPv4","dns[3]:route","zeon-ru-yandex","DIRECT","DIRECT","DNS/A","1785491550343729","1"
"russia","dzen","dns","avatars.mds.yandex.net","hmac-sha256:10d0e54b125c7bca25ac3b29c9ed8ed4","IPv4","dns[3]:route","zeon-ru-yandex","DIRECT","DIRECT","DNS/A","1785491550343729","1"
"russia","dzen","dns","avatars.mds.yandex.net","","","dns[3]:route","zeon-ru-yandex","DIRECT","DIRECT","DNS/HTTPS","1785491550343729","1"
"russia","dzen","dns","avatars.mds.yandex.net","","","dns[3]:route","zeon-ru-yandex","DIRECT","DIRECT","DNS/AAAA","1785491550343729","1"
"russia","dzen","route","yastatic.net","hmac-sha256:311fced66e651a6710b52bfea6b204ca","IPv4","route[6]:route","zeon-ru-yandex","DIRECT","DIRECT","TLS/TCP","1785491550343729","2"
"russia","dzen","route","avatars.mds.yandex.net","hmac-sha256:3230bd46e1fe6dd6e432ef4acb38ba2c","IPv4","route[6]:route","zeon-ru-yandex","DIRECT","DIRECT","TLS/TCP","1785491550343729","1"
"russia","dzen","dns","static-mon.yandex.net","","","dns[2]:predefined","ru-adlist-hardcoded,geosite-ads,geosite-malware,geosite-phishing,geosite-cryptominers","BLOCK","BLOCK","DNS/A","1785491550343729","8"
"russia","dzen","dns","id.vk.ru","","","dns[5]:route","zapret-ru-domains","DIRECT","DIRECT","DNS/AAAA","1785491550343729","2"
"russia","dzen","dns","static-mon.yandex.net","","","dns[2]:predefined","ru-adlist-hardcoded,geosite-ads,geosite-malware,geosite-phishing,geosite-cryptominers","BLOCK","BLOCK","DNS/HTTPS","1785491550343729","4"
"russia","dzen","dns","static-mon.yandex.net","","","dns[2]:predefined","ru-adlist-hardcoded,geosite-ads,geosite-malware,geosite-phishing,geosite-cryptominers","BLOCK","BLOCK","DNS/AAAA","1785491550343729","8"
"russia","dzen","dns","id.vk.ru","","","dns[5]:route","zapret-ru-domains","DIRECT","DIRECT","DNS/HTTPS","1785491550343729","1"
"russia","dzen","dns","id.vk.ru","hmac-sha256:9583c76cf4ae9c54b3ad412e432edf12","IPv4","dns[5]:route","zapret-ru-domains","DIRECT","DIRECT","DNS/A","1785491550343729","2"
"russia","dzen","dns","id.vk.ru","hmac-sha256:ed0b1398d62cc134dc4b6af16aa3c9ca","IPv4","dns[5]:route","zapret-ru-domains","DIRECT","DIRECT","DNS/A","1785491550343729","2"
"russia","dzen","route","id.vk.ru","hmac-sha256:9583c76cf4ae9c54b3ad412e432edf12","IPv4","route[8]:route","zapret-ru-domains","DIRECT","DIRECT","TLS/TCP","1785491550343729","1"
"russia","dzen","dns","login.vk.ru","","","dns[5]:route","zapret-ru-domains","DIRECT","DIRECT","DNS/AAAA","1785491550343729","1"
"russia","dzen","dns","api.vk.ru","","","dns[5]:route","zapret-ru-domains","DIRECT","DIRECT","DNS/AAAA","1785491550343729","1"
"russia","dzen","dns","login.vk.ru","","","dns[5]:route","zapret-ru-domains","DIRECT","DIRECT","DNS/HTTPS","1785491550343729","1"
"russia","dzen","dns","login.vk.ru","hmac-sha256:ed0b1398d62cc134dc4b6af16aa3c9ca","IPv4","dns[5]:route","zapret-ru-domains","DIRECT","DIRECT","DNS/A","1785491550343729","1"
"russia","dzen","dns","login.vk.ru","hmac-sha256:9583c76cf4ae9c54b3ad412e432edf12","IPv4","dns[5]:route","zapret-ru-domains","DIRECT","DIRECT","DNS/A","1785491550343729","1"
"russia","dzen","dns","api.vk.ru","","","dns[5]:route","zapret-ru-domains","DIRECT","DIRECT","DNS/HTTPS","1785491550343729","1"
"russia","dzen","dns","api.vk.ru","hmac-sha256:0b0fd6594d0e0ab1d4382aa47f429bf1","IPv4","dns[5]:route","zapret-ru-domains","DIRECT","DIRECT","DNS/A","1785491550343729","1"
"russia","dzen","dns","api.vk.ru","hmac-sha256:3be1b7a6195545e8e069034d350557b5","IPv4","dns[5]:route","zapret-ru-domains","DIRECT","DIRECT","DNS/A","1785491550343729","1"
"russia","dzen","dns","api.vk.ru","hmac-sha256:e8c0d88533f99798a8c06e1052d2ab42","IPv4","dns[5]:route","zapret-ru-domains","DIRECT","DIRECT","DNS/A","1785491550343729","1"
"russia","dzen","dns","api.vk.ru","hmac-sha256:7175a848ae45a2abaca692321f7ddf9f","IPv4","dns[5]:route","zapret-ru-domains","DIRECT","DIRECT","DNS/A","1785491550343729","1"
"russia","dzen","dns","api.vk.ru","hmac-sha256:626efe086d1d9dd96f9dfee32d95082d","IPv4","dns[5]:route","zapret-ru-domains","DIRECT","DIRECT","DNS/A","1785491550343729","1"
"russia","dzen","dns","api.vk.ru","hmac-sha256:d985ff5f9e69e983da7f2dea9fdd51d0","IPv4","dns[5]:route","zapret-ru-domains","DIRECT","DIRECT","DNS/A","1785491550343729","1"
"russia","dzen","dns","api.vk.ru","hmac-sha256:e3115af72a108893f344c025d3cf42f2","IPv4","dns[5]:route","zapret-ru-domains","DIRECT","DIRECT","DNS/A","1785491550343729","1"
"russia","dzen","dns","api.vk.ru","hmac-sha256:3727fa0b1765a745c403b3cf7bea5df1","IPv4","dns[5]:route","zapret-ru-domains","DIRECT","DIRECT","DNS/A","1785491550343729","1"
"russia","dzen","dns","api.vk.ru","hmac-sha256:06c7e24744646ebd653201ba1d15984b","IPv4","dns[5]:route","zapret-ru-domains","DIRECT","DIRECT","DNS/A","1785491550343729","1"
"russia","dzen","route","api.vk.ru","hmac-sha256:0b0fd6594d0e0ab1d4382aa47f429bf1","IPv4","route[8]:route","zapret-ru-domains","DIRECT","DIRECT","TLS/TCP","1785491550343729","1"
"russia","dzen","dns","favicon.yandex.net","","","dns[3]:route","zeon-ru-yandex","DIRECT","DIRECT","DNS/HTTPS","1785491550343729","1"
"russia","dzen","dns","favicon.yandex.net","","","dns[3]:route","zeon-ru-yandex","DIRECT","DIRECT","DNS/AAAA","1785491550343729","1"
"russia","dzen","dns","favicon.yandex.net","hmac-sha256:d1fa7bf2349375b15833c9804ea56d51","IPv4","dns[3]:route","zeon-ru-yandex","DIRECT","DIRECT","DNS/A","1785491550343729","1"
"russia","dzen","dns","favicon.yandex.net","hmac-sha256:7ed33df9ebe89e6a2d2cdb32786e3a95","IPv4","dns[3]:route","zeon-ru-yandex","DIRECT","DIRECT","DNS/A","1785491550343729","1"
"russia","dzen","dns","favicon.yandex.net","hmac-sha256:e55fb789c47789df01f8e8f104716a62","IPv4","dns[3]:route","zeon-ru-yandex","DIRECT","DIRECT","DNS/A","1785491550343729","1"
"russia","dzen","dns","favicon.yandex.net","hmac-sha256:c678da1c5908d5716c2734720ef98596","IPv4","dns[3]:route","zeon-ru-yandex","DIRECT","DIRECT","DNS/A","1785491550343729","1"
"russia","dzen","route","favicon.yandex.net","hmac-sha256:d1fa7bf2349375b15833c9804ea56d51","IPv4","route[6]:route","zeon-ru-yandex","DIRECT","DIRECT","TLS/TCP","1785491550343729","4"
"russia","dzen","dns","log.strm.yandex.ru","","","dns[2]:predefined","ru-adlist-hardcoded,geosite-ads,geosite-malware,geosite-phishing,geosite-cryptominers","BLOCK","BLOCK","DNS/HTTPS","1785491550343729","4"
"russia","dzen","dns","strm.yandex.ru","","","dns[3]:route","zeon-ru-yandex","DIRECT","DIRECT","DNS/AAAA","1785491550343729","1"
"russia","dzen","dns","log.strm.yandex.ru","","","dns[2]:predefined","ru-adlist-hardcoded,geosite-ads,geosite-malware,geosite-phishing,geosite-cryptominers","BLOCK","BLOCK","DNS/A","1785491550343729","8"
"russia","dzen","dns","log.strm.yandex.ru","","","dns[2]:predefined","ru-adlist-hardcoded,geosite-ads,geosite-malware,geosite-phishing,geosite-cryptominers","BLOCK","BLOCK","DNS/AAAA","1785491550343729","7"
"russia","dzen","dns","strm.yandex.ru","","","dns[3]:route","zeon-ru-yandex","DIRECT","DIRECT","DNS/HTTPS","1785491550343729","1"
"russia","dzen","dns","strm.yandex.ru","hmac-sha256:2388818f770f0aaf339e02367bdcda17","IPv4","dns[3]:route","zeon-ru-yandex","DIRECT","DIRECT","DNS/A","1785491550343729","1"
"russia","dzen","route","strm.yandex.ru","hmac-sha256:2388818f770f0aaf339e02367bdcda17","IPv4","route[6]:route","zeon-ru-yandex","DIRECT","DIRECT","TLS/TCP","1785491550343729","1"
"russia","dzen","dns","ext-strm-rusam01rtk-01.strm.yandex.net","","","dns[3]:route","zeon-ru-yandex","DIRECT","DIRECT","DNS/AAAA","1785491550343729","1"
"russia","dzen","dns","ext-strm-rusam01rtk-01.strm.yandex.net","","","dns[3]:route","zeon-ru-yandex","DIRECT","DIRECT","DNS/HTTPS","1785491550343729","1"
"russia","dzen","dns","ext-strm-rusam01rtk-01.strm.yandex.net","hmac-sha256:060a86bf44a125bd9f899a559d9c5049","IPv4","dns[3]:route","zeon-ru-yandex","DIRECT","DIRECT","DNS/A","1785491550343729","1"
"russia","dzen","route","ext-strm-rusam01rtk-01.strm.yandex.net","hmac-sha256:060a86bf44a125bd9f899a559d9c5049","IPv4","route[6]:route","zeon-ru-yandex","DIRECT","DIRECT","TLS/TCP","1785491550343729","1"
"russia","twogis","dns","2gis.ru","","","dns[5]:route","zapret-ru-domains","DIRECT","DIRECT","DNS/AAAA","1785483079407003","2"
"russia","twogis","dns","2gis.ru","","","dns[5]:route","zapret-ru-domains","DIRECT","DIRECT","DNS/HTTPS","1785483079407003","1"
"russia","twogis","dns","2gis.ru","hmac-sha256:9cca58cdc2534201b49753af158dd8e9","IPv4","dns[5]:route","zapret-ru-domains","DIRECT","DIRECT","DNS/A","1785483079407003","2"
"russia","twogis","route","2gis.ru","hmac-sha256:9cca58cdc2534201b49753af158dd8e9","IPv4","route[8]:route","zapret-ru-domains","DIRECT","DIRECT","TLS/TCP","1785483079407003","3"
"russia","twogis","dns","d-assets.2gis.ru","","","dns[5]:route","zapret-ru-domains","DIRECT","DIRECT","DNS/AAAA","1785483079407003","1"
"russia","twogis","dns","d-assets.2gis.ru","hmac-sha256:ac7c622ee57572b6c955dce82efeedf9","IPv4","dns[5]:route","zapret-ru-domains","DIRECT","DIRECT","DNS/A","1785483079407003","1"
"russia","twogis","dns","d-assets.2gis.ru","","","dns[5]:route","zapret-ru-domains","DIRECT","DIRECT","DNS/HTTPS","1785483079407003","1"
"russia","twogis","route","d-assets.2gis.ru","hmac-sha256:ac7c622ee57572b6c955dce82efeedf9","IPv4","route[8]:route","zapret-ru-domains","DIRECT","DIRECT","TLS/TCP","1785483079407003","7"
"russia","twogis","dns","mc.yandex.ru","","","dns[2]:predefined","ru-adlist-hardcoded,geosite-ads,geosite-malware,geosite-phishing,geosite-cryptominers","BLOCK","BLOCK","DNS/HTTPS","1785483079407003","6"
"russia","twogis","dns","mc.yandex.ru","","","dns[2]:predefined","ru-adlist-hardcoded,geosite-ads,geosite-malware,geosite-phishing,geosite-cryptominers","BLOCK","BLOCK","DNS/AAAA","1785483079407003","12"
"russia","twogis","dns","mc.yandex.ru","","","dns[2]:predefined","ru-adlist-hardcoded,geosite-ads,geosite-malware,geosite-phishing,geosite-cryptominers","BLOCK","BLOCK","DNS/A","1785483079407003","12"
"russia","twogis","dns","top-fwz1.mail.ru","","","dns[2]:predefined","ru-adlist-hardcoded,geosite-ads,geosite-malware,geosite-phishing,geosite-cryptominers","BLOCK","BLOCK","DNS/HTTPS","1785483079407003","4"
"russia","twogis","dns","top-fwz1.mail.ru","","","dns[2]:predefined","ru-adlist-hardcoded,geosite-ads,geosite-malware,geosite-phishing,geosite-cryptominers","BLOCK","BLOCK","DNS/A","1785483079407003","8"
"russia","twogis","dns","top-fwz1.mail.ru","","","dns[2]:predefined","ru-adlist-hardcoded,geosite-ads,geosite-malware,geosite-phishing,geosite-cryptominers","BLOCK","BLOCK","DNS/AAAA","1785483079407003","8"
"russia","twogis","dns","visor.sberbank.ru","","","dns[2]:predefined","ru-adlist-hardcoded,geosite-ads,geosite-malware,geosite-phishing,geosite-cryptominers","BLOCK","BLOCK","DNS/A","1785483079407003","8"
"russia","twogis","dns","visor.sberbank.ru","","","dns[2]:predefined","ru-adlist-hardcoded,geosite-ads,geosite-malware,geosite-phishing,geosite-cryptominers","BLOCK","BLOCK","DNS/AAAA","1785483079407003","8"
"russia","twogis","dns","visor.sberbank.ru","","","dns[2]:predefined","ru-adlist-hardcoded,geosite-ads,geosite-malware,geosite-phishing,geosite-cryptominers","BLOCK","BLOCK","DNS/HTTPS","1785483079407003","4"
"russia","twogis","dns","tile0.maps.2gis.com","","","dns[6]:route","","VPN","REMOTE","DNS/HTTPS","1785483079407003","1"
"russia","twogis","dns","keys.api.2gis.com","hmac-sha256:ca51cb08719b68e191a61c12c2d00f03","IPv4","dns[6]:route","","VPN","REMOTE","DNS/A","1785483079407003","1"
"russia","twogis","dns","tile0.maps.2gis.com","hmac-sha256:ca51cb08719b68e191a61c12c2d00f03","IPv4","dns[6]:route","","VPN","REMOTE","DNS/A","1785483079407003","1"
"russia","twogis","dns","tile0.maps.2gis.com","","","dns[6]:route","","VPN","REMOTE","DNS/AAAA","1785483079407003","1"
"russia","twogis","route","tile0.maps.2gis.com","hmac-sha256:ca51cb08719b68e191a61c12c2d00f03","IPv4","route[9]:route","zapret-ru-ip","DIRECT","REMOTE","TLS/TCP","1785483079407003","1"
"russia","twogis","dns","mapgl.2gis.com","","","dns[6]:route","","VPN","REMOTE","DNS/HTTPS","1785483079407003","2"
"russia","twogis","dns","mapgl.2gis.com","","","dns[6]:route","","VPN","REMOTE","DNS/AAAA","1785483079407003","2"
"russia","twogis","dns","mapgl.2gis.com","hmac-sha256:ca51cb08719b68e191a61c12c2d00f03","IPv4","dns[6]:route","","VPN","REMOTE","DNS/A","1785483079407003","2"
"russia","twogis","route","mapgl.2gis.com","hmac-sha256:ca51cb08719b68e191a61c12c2d00f03","IPv4","route[9]:route","zapret-ru-ip","DIRECT","REMOTE","TLS/TCP","1785483079407003","1"
"russia","twogis","dns","disk.2gis.com","hmac-sha256:ca126f291103e4dc93dd8cc52a410341","IPv4","dns[6]:route","","VPN","REMOTE","DNS/A","1785483079407003","2"
"russia","twogis","dns","ams2-cdn.2gis.com","","","dns[6]:route","","VPN","REMOTE","DNS/AAAA","1785483079407003","2"
"russia","twogis","dns","ams2-cdn.2gis.com","","","dns[6]:route","","VPN","REMOTE","DNS/HTTPS","1785483079407003","2"
"russia","twogis","dns","keys.api.2gis.com","","","dns[6]:route","","VPN","REMOTE","DNS/AAAA","1785483079407003","2"
"russia","twogis","dns","keys.api.2gis.com","","","dns[6]:route","","VPN","REMOTE","DNS/HTTPS","1785483079407003","2"
"russia","twogis","dns","ams2-cdn.2gis.com","hmac-sha256:ca126f291103e4dc93dd8cc52a410341","IPv4","dns[6]:route","","VPN","REMOTE","DNS/A","1785483079407003","2"
"russia","twogis","route","keys.api.2gis.com","hmac-sha256:ca51cb08719b68e191a61c12c2d00f03","IPv4","route[9]:route","zapret-ru-ip","DIRECT","REMOTE","TLS/TCP","1785483079407003","1"
"russia","twogis","route","ams2-cdn.2gis.com","hmac-sha256:ca126f291103e4dc93dd8cc52a410341","IPv4","route[9]:route","zapret-ru-ip","DIRECT","REMOTE","TLS/TCP","1785483079407003","1"
"russia","twogis","dns","disk.2gis.com","","","dns[6]:route","","VPN","REMOTE","DNS/AAAA","1785483079407003","2"
"russia","twogis","dns","disk.2gis.com","","","dns[6]:route","","VPN","REMOTE","DNS/HTTPS","1785483079407003","2"
"russia","twogis","dns","tile3.maps.2gis.com","","","dns[6]:route","","VPN","REMOTE","DNS/HTTPS","1785483079407003","1"
"russia","twogis","dns","tile1.maps.2gis.com","","","dns[6]:route","","VPN","REMOTE","DNS/AAAA","1785483079407003","1"
"russia","twogis","dns","tile2.maps.2gis.com","","","dns[6]:route","","VPN","REMOTE","DNS/AAAA","1785483079407003","2"
"russia","twogis","dns","tile2.maps.2gis.com","","","dns[6]:route","","VPN","REMOTE","DNS/HTTPS","1785483079407003","2"
"russia","twogis","dns","tile3.maps.2gis.com","hmac-sha256:ca51cb08719b68e191a61c12c2d00f03","IPv4","dns[6]:route","","VPN","REMOTE","DNS/A","1785483079407003","2"
"russia","twogis","dns","tile1.maps.2gis.com","","","dns[6]:route","","VPN","REMOTE","DNS/HTTPS","1785483079407003","1"
"russia","twogis","dns","tile1.maps.2gis.com","hmac-sha256:ca51cb08719b68e191a61c12c2d00f03","IPv4","dns[6]:route","","VPN","REMOTE","DNS/A","1785483079407003","1"
"russia","twogis","dns","tile3.maps.2gis.com","","","dns[6]:route","","VPN","REMOTE","DNS/AAAA","1785483079407003","2"
"russia","twogis","dns","tile2.maps.2gis.com","hmac-sha256:ca51cb08719b68e191a61c12c2d00f03","IPv4","dns[6]:route","","VPN","REMOTE","DNS/A","1785483079407003","2"
"russia","twogis","dns","styles.api.2gis.com","","","dns[6]:route","","VPN","REMOTE","DNS/AAAA","1785483079407003","2"
"russia","twogis","dns","styles.api.2gis.com","hmac-sha256:ca51cb08719b68e191a61c12c2d00f03","IPv4","dns[6]:route","","VPN","REMOTE","DNS/A","1785483079407003","2"
"russia","twogis","dns","styles.api.2gis.com","","","dns[6]:route","","VPN","REMOTE","DNS/HTTPS","1785483079407003","2"
"russia","twogis","dns","s1.bss.2gis.com","","","dns[2]:predefined","ru-adlist-hardcoded,geosite-ads,geosite-malware,geosite-phishing,geosite-cryptominers","BLOCK","BLOCK","DNS/HTTPS","1785483079407003","32"
"russia","twogis","dns","s1.bss.2gis.com","","","dns[2]:predefined","ru-adlist-hardcoded,geosite-ads,geosite-malware,geosite-phishing,geosite-cryptominers","BLOCK","BLOCK","DNS/AAAA","1785483079407003","64"
"russia","twogis","dns","s1.bss.2gis.com","","","dns[2]:predefined","ru-adlist-hardcoded,geosite-ads,geosite-malware,geosite-phishing,geosite-cryptominers","BLOCK","BLOCK","DNS/A","1785483079407003","64"
"russia","twogis","dns","ext.clickstream.sberbank.ru","","","dns[2]:predefined","ru-adlist-hardcoded,geosite-ads,geosite-malware,geosite-phishing,geosite-cryptominers","BLOCK","BLOCK","DNS/HTTPS","1785483079407003","8"
"russia","twogis","dns","ext.clickstream.sberbank.ru","","","dns[2]:predefined","ru-adlist-hardcoded,geosite-ads,geosite-malware,geosite-phishing,geosite-cryptominers","BLOCK","BLOCK","DNS/AAAA","1785483079407003","16"
"russia","twogis","dns","ext.clickstream.sberbank.ru","","","dns[2]:predefined","ru-adlist-hardcoded,geosite-ads,geosite-malware,geosite-phishing,geosite-cryptominers","BLOCK","BLOCK","DNS/A","1785483079407003","16"
"russia","twogis","dns","mobile-weather.api.2gis.ru","","","dns[5]:route","zapret-ru-domains","DIRECT","DIRECT","DNS/AAAA","1785483079407003","1"
"russia","twogis","dns","catalog.api.2gis.ru","","","dns[5]:route","zapret-ru-domains","DIRECT","DIRECT","DNS/AAAA","1785483079407003","1"
"russia","twogis","dns","mobile-weather.api.2gis.ru","","","dns[5]:route","zapret-ru-domains","DIRECT","DIRECT","DNS/HTTPS","1785483079407003","1"
"russia","twogis","dns","mobile-weather.api.2gis.ru","hmac-sha256:9cca58cdc2534201b49753af158dd8e9","IPv4","dns[5]:route","zapret-ru-domains","DIRECT","DIRECT","DNS/A","1785483079407003","1"
"russia","twogis","dns","catalog.api.2gis.ru","","","dns[5]:route","zapret-ru-domains","DIRECT","DIRECT","DNS/HTTPS","1785483079407003","1"
"russia","twogis","dns","catalog.api.2gis.ru","hmac-sha256:27b9ac45babed50e1cc896607b9da928","IPv4","dns[5]:route","zapret-ru-domains","DIRECT","DIRECT","DNS/A","1785483079407003","1"
"russia","twogis","route","mobile-weather.api.2gis.ru","hmac-sha256:9cca58cdc2534201b49753af158dd8e9","IPv4","route[8]:route","zapret-ru-domains","DIRECT","DIRECT","TLS/TCP","1785483079407003","1"
"russia","twogis","route","catalog.api.2gis.ru","hmac-sha256:27b9ac45babed50e1cc896607b9da928","IPv4","route[8]:route","zapret-ru-domains","DIRECT","DIRECT","TLS/TCP","1785483079407003","1"
"russia","twogis","dns","jam.api.2gis.com","","","dns[6]:route","","VPN","REMOTE","DNS/HTTPS","1785483079407003","1"
"russia","twogis","dns","jam.api.2gis.com","","","dns[6]:route","","VPN","REMOTE","DNS/AAAA","1785483079407003","1"
"russia","twogis","dns","jam.api.2gis.com","hmac-sha256:9cca58cdc2534201b49753af158dd8e9","IPv4","dns[6]:route","","VPN","REMOTE","DNS/A","1785483079407003","2"
"russia","twogis","route","jam.api.2gis.com","hmac-sha256:9cca58cdc2534201b49753af158dd8e9","IPv4","route[9]:route","zapret-ru-ip","DIRECT","REMOTE","TLS/TCP","1785483079407003","1"
"russia","twogis","route","tile3.maps.2gis.com","hmac-sha256:ca51cb08719b68e191a61c12c2d00f03","IPv4","route[9]:route","zapret-ru-ip","DIRECT","REMOTE","TLS/TCP","1785483079407003","1"
"russia","twogis","route","disk.2gis.com","hmac-sha256:ca126f291103e4dc93dd8cc52a410341","IPv4","route[9]:route","zapret-ru-ip","DIRECT","REMOTE","QUIC/UDP","1785483079407003","1"
"russia","twogis","route","ams2-cdn.2gis.com","hmac-sha256:ca126f291103e4dc93dd8cc52a410341","IPv4","route[9]:route","zapret-ru-ip","DIRECT","REMOTE","QUIC/UDP","1785483079407003","1"
"russia","twogis","route","disk.2gis.com","hmac-sha256:ca126f291103e4dc93dd8cc52a410341","IPv4","route[9]:route","zapret-ru-ip","DIRECT","REMOTE","TLS/TCP","1785483079407003","1"
"russia","rutube","dns","rutube.ru","","","dns[5]:route","zapret-ru-domains","DIRECT","DIRECT","DNS/AAAA","1785483079407003","2"
"russia","rutube","dns","rutube.ru","hmac-sha256:a6eff005de3c53656b98e7dba6e0d384","IPv4","dns[5]:route","zapret-ru-domains","DIRECT","DIRECT","DNS/A","1785483079407003","2"
"russia","rutube","dns","rutube.ru","","","dns[5]:route","zapret-ru-domains","DIRECT","DIRECT","DNS/HTTPS","1785483079407003","1"
"russia","rutube","dns","rutube.ru","hmac-sha256:079d2adc9202a353195ab7dadb6c29db","IPv4","dns[5]:route","zapret-ru-domains","DIRECT","DIRECT","DNS/A","1785483079407003","2"
"russia","rutube","route","rutube.ru","hmac-sha256:a6eff005de3c53656b98e7dba6e0d384","IPv4","route[8]:route","zapret-ru-domains","DIRECT","DIRECT","TLS/TCP","1785483079407003","2"
"russia","rutube","dns","yandex.ru","","","dns[3]:route","zeon-ru-yandex","DIRECT","DIRECT","DNS/AAAA","1785483079407003","1"
"russia","rutube","dns","yandex.ru","hmac-sha256:bb555a46eeb51789d7deef0e34749c23","IPv4","dns[3]:route","zeon-ru-yandex","DIRECT","DIRECT","DNS/A","1785483079407003","1"
"russia","rutube","dns","yandex.ru","hmac-sha256:7d82be72df8019e88de8bfbf3db041a8","IPv4","dns[3]:route","zeon-ru-yandex","DIRECT","DIRECT","DNS/A","1785483079407003","1"
"russia","rutube","dns","yandex.ru","hmac-sha256:83171d37ebdd9b2a298ff52f2e51e3f1","IPv4","dns[3]:route","zeon-ru-yandex","DIRECT","DIRECT","DNS/A","1785483079407003","1"
"russia","rutube","dns","yandex.ru","","","dns[3]:route","zeon-ru-yandex","DIRECT","DIRECT","DNS/HTTPS","1785483079407003","1"
"russia","rutube","dns","static.rutube.ru","","","dns[5]:route","zapret-ru-domains","DIRECT","DIRECT","DNS/AAAA","1785483079407003","1"
"russia","rutube","route","yandex.ru","hmac-sha256:bb555a46eeb51789d7deef0e34749c23","IPv4","route[6]:route","zeon-ru-yandex","DIRECT","DIRECT","TLS/TCP","1785483079407003","1"
"russia","rutube","dns","mc.yandex.ru","","","dns[2]:predefined","ru-adlist-hardcoded,geosite-ads,geosite-malware,geosite-phishing,geosite-cryptominers","BLOCK","BLOCK","DNS/A","1785483079407003","12"
"russia","rutube","dns","mc.yandex.ru","","","dns[2]:predefined","ru-adlist-hardcoded,geosite-ads,geosite-malware,geosite-phishing,geosite-cryptominers","BLOCK","BLOCK","DNS/AAAA","1785483079407003","12"
"russia","rutube","dns","mc.yandex.ru","","","dns[2]:predefined","ru-adlist-hardcoded,geosite-ads,geosite-malware,geosite-phishing,geosite-cryptominers","BLOCK","BLOCK","DNS/HTTPS","1785483079407003","6"
"russia","rutube","dns","static.rutube.ru","hmac-sha256:22892f87325eeac9446278db3a93eb30","IPv4","dns[5]:route","zapret-ru-domains","DIRECT","DIRECT","DNS/A","1785483079407003","1"
"russia","rutube","dns","static.rutube.ru","","","dns[5]:route","zapret-ru-domains","DIRECT","DIRECT","DNS/HTTPS","1785483079407003","1"
"russia","rutube","route","static.rutube.ru","hmac-sha256:22892f87325eeac9446278db3a93eb30","IPv4","route[8]:route","zapret-ru-domains","DIRECT","DIRECT","TLS/TCP","1785483079407003","3"
"russia","rutube","dns","yastatic.net","","","dns[3]:route","zeon-ru-yandex","DIRECT","DIRECT","DNS/AAAA","1785483079407003","1"
"russia","rutube","dns","yastatic.net","","","dns[3]:route","zeon-ru-yandex","DIRECT","DIRECT","DNS/HTTPS","1785483079407003","1"
"russia","rutube","dns","yastatic.net","hmac-sha256:97a22d4efb59331b7da73906ccc4eddd","IPv4","dns[3]:route","zeon-ru-yandex","DIRECT","DIRECT","DNS/A","1785483079407003","1"
"russia","rutube","dns","avatars.mds.yandex.net","","","dns[3]:route","zeon-ru-yandex","DIRECT","DIRECT","DNS/AAAA","1785483079407003","1"
"russia","rutube","dns","avatars.mds.yandex.net","","","dns[3]:route","zeon-ru-yandex","DIRECT","DIRECT","DNS/HTTPS","1785483079407003","1"
"russia","rutube","dns","avatars.mds.yandex.net","hmac-sha256:d655ac67da1418e47e8f5c50e1965566","IPv4","dns[3]:route","zeon-ru-yandex","DIRECT","DIRECT","DNS/A","1785483079407003","1"
"russia","rutube","dns","avatars.mds.yandex.net","hmac-sha256:ab2bfba4b99e2bcffc244ead70ff0e89","IPv4","dns[3]:route","zeon-ru-yandex","DIRECT","DIRECT","DNS/A","1785483079407003","1"
"russia","rutube","dns","avatars.mds.yandex.net","hmac-sha256:7219c7a302ec2304e909eb1f43d8223b","IPv4","dns[3]:route","zeon-ru-yandex","DIRECT","DIRECT","DNS/A","1785483079407003","1"
"russia","rutube","route","yastatic.net","hmac-sha256:97a22d4efb59331b7da73906ccc4eddd","IPv4","route[6]:route","zeon-ru-yandex","DIRECT","DIRECT","TLS/TCP","1785483079407003","7"
"russia","rutube","route","avatars.mds.yandex.net","hmac-sha256:d655ac67da1418e47e8f5c50e1965566","IPv4","route[6]:route","zeon-ru-yandex","DIRECT","DIRECT","TLS/TCP","1785483079407003","1"
"russia","rutube","dns","test.rutube.ru","","","dns[5]:route","zapret-ru-domains","DIRECT","DIRECT","DNS/AAAA","1785483079407003","1"
"russia","rutube","dns","test.rutube.ru","","","dns[5]:route","zapret-ru-domains","DIRECT","DIRECT","DNS/HTTPS","1785483079407003","1"
"russia","rutube","dns","test.rutube.ru","hmac-sha256:79401354fe7904ad01fea827d7906161","IPv4","dns[5]:route","zapret-ru-domains","DIRECT","DIRECT","DNS/A","1785483079407003","1"
"russia","rutube","route","test.rutube.ru","hmac-sha256:79401354fe7904ad01fea827d7906161","IPv4","route[8]:route","zapret-ru-domains","DIRECT","DIRECT","TLS/TCP","1785483079407003","1"
"russia","rutube","dns","ac.rutube.ru","","","dns[5]:route","zapret-ru-domains","DIRECT","DIRECT","DNS/AAAA","1785483079407003","1"
"russia","rutube","dns","goya.rutube.ru","","","dns[2]:predefined","ru-adlist-hardcoded,geosite-ads,geosite-malware,geosite-phishing,geosite-cryptominers","BLOCK","BLOCK","DNS/AAAA","1785483079407003","36"
"russia","rutube","dns","goya.rutube.ru","","","dns[2]:predefined","ru-adlist-hardcoded,geosite-ads,geosite-malware,geosite-phishing,geosite-cryptominers","BLOCK","BLOCK","DNS/HTTPS","1785483079407003","18"
"russia","rutube","dns","goya.rutube.ru","","","dns[2]:predefined","ru-adlist-hardcoded,geosite-ads,geosite-malware,geosite-phishing,geosite-cryptominers","BLOCK","BLOCK","DNS/A","1785483079407003","36"
"russia","rutube","dns","ac.rutube.ru","hmac-sha256:c3b4fa938d3bcf60ef3f66ebb419287c","IPv4","dns[5]:route","zapret-ru-domains","DIRECT","DIRECT","DNS/A","1785483079407003","1"
"russia","rutube","dns","ac.rutube.ru","","","dns[5]:route","zapret-ru-domains","DIRECT","DIRECT","DNS/HTTPS","1785483079407003","1"
"russia","rutube","route","ac.rutube.ru","hmac-sha256:c3b4fa938d3bcf60ef3f66ebb419287c","IPv4","route[8]:route","zapret-ru-domains","DIRECT","DIRECT","TLS/TCP","1785483079407003","1"
"russia","rutube","dns","a.rutube.ru","","","dns[2]:predefined","ru-adlist-hardcoded,geosite-ads,geosite-malware,geosite-phishing,geosite-cryptominers","BLOCK","BLOCK","DNS/HTTPS","1785483079407003","4"
"russia","rutube","dns","a.rutube.ru","","","dns[2]:predefined","ru-adlist-hardcoded,geosite-ads,geosite-malware,geosite-phishing,geosite-cryptominers","BLOCK","BLOCK","DNS/AAAA","1785483079407003","8"
"russia","rutube","dns","a.rutube.ru","","","dns[2]:predefined","ru-adlist-hardcoded,geosite-ads,geosite-malware,geosite-phishing,geosite-cryptominers","BLOCK","BLOCK","DNS/A","1785483079407003","8"
"russia","rutube","dns","log.rutube.ru","","","dns[2]:predefined","ru-adlist-hardcoded,geosite-ads,geosite-malware,geosite-phishing,geosite-cryptominers","BLOCK","BLOCK","DNS/HTTPS","1785483079407003","4"
"russia","rutube","dns","log.rutube.ru","","","dns[2]:predefined","ru-adlist-hardcoded,geosite-ads,geosite-malware,geosite-phishing,geosite-cryptominers","BLOCK","BLOCK","DNS/AAAA","1785483079407003","8"
"russia","rutube","dns","log.rutube.ru","","","dns[2]:predefined","ru-adlist-hardcoded,geosite-ads,geosite-malware,geosite-phishing,geosite-cryptominers","BLOCK","BLOCK","DNS/A","1785483079407003","8"
"russia","rutube","route","cbr.ru","hmac-sha256:e2494572cce0735628ecc3886e8e812a","IPv4","route[8]:route","zapret-ru-domains","DIRECT","DIRECT","TLS/TCP","1785483079407003","1"
"russia","rustore","dns","www.rustore.ru","","","dns[5]:route","zapret-ru-domains","DIRECT","DIRECT","DNS/AAAA","1785483079407003","2"
"russia","rustore","dns","top-fwz1.mail.ru","","","dns[2]:predefined","ru-adlist-hardcoded,geosite-ads,geosite-malware,geosite-phishing,geosite-cryptominers","BLOCK","BLOCK","DNS/HTTPS","1785483079407003","8"
"russia","rustore","dns","top-fwz1.mail.ru","","","dns[2]:predefined","ru-adlist-hardcoded,geosite-ads,geosite-malware,geosite-phishing,geosite-cryptominers","BLOCK","BLOCK","DNS/A","1785483079407003","16"
"russia","rustore","dns","top-fwz1.mail.ru","","","dns[2]:predefined","ru-adlist-hardcoded,geosite-ads,geosite-malware,geosite-phishing,geosite-cryptominers","BLOCK","BLOCK","DNS/AAAA","1785483079407003","16"
"russia","rustore","dns","www.rustore.ru","","","dns[5]:route","zapret-ru-domains","DIRECT","DIRECT","DNS/HTTPS","1785483079407003","1"
"russia","rustore","dns","www.rustore.ru","hmac-sha256:a24f02ef7e1ad50c04c1dc6605c67d30","IPv4","dns[5]:route","zapret-ru-domains","DIRECT","DIRECT","DNS/A","1785483079407003","2"
"russia","rustore","route","www.rustore.ru","hmac-sha256:a24f02ef7e1ad50c04c1dc6605c67d30","IPv4","route[8]:route","zapret-ru-domains","DIRECT","DIRECT","TLS/TCP","1785483079407003","1"
"russia","rustore","dns","static.rustore.ru","","","dns[5]:route","zapret-ru-domains","DIRECT","DIRECT","DNS/AAAA","1785483079407003","1"
"russia","rustore","dns","static.rustore.ru","","","dns[5]:route","zapret-ru-domains","DIRECT","DIRECT","DNS/HTTPS","1785483079407003","1"
"russia","rustore","dns","static.rustore.ru","hmac-sha256:8103d18c1388b8929d0aff92c10c21cc","IPv4","dns[5]:route","zapret-ru-domains","DIRECT","DIRECT","DNS/A","1785483079407003","1"
"russia","rustore","dns","static.rustore.ru","hmac-sha256:a645e8880ec1e1b15f092de11700e94f","IPv4","dns[5]:route","zapret-ru-domains","DIRECT","DIRECT","DNS/A","1785483079407003","1"
"russia","rustore","dns","static.rustore.ru","hmac-sha256:b11fb64bc5598a91874154532d57000d","IPv4","dns[5]:route","zapret-ru-domains","DIRECT","DIRECT","DNS/A","1785483079407003","1"
"russia","rustore","dns","static.rustore.ru","hmac-sha256:068eeb2ce47fca8bdd764ef5a2ffe5f1","IPv4","dns[5]:route","zapret-ru-domains","DIRECT","DIRECT","DNS/A","1785483079407003","1"
"russia","rustore","dns","static.rustore.ru","hmac-sha256:5e0f5861ba4a7d93beb6d28ef85a3567","IPv4","dns[5]:route","zapret-ru-domains","DIRECT","DIRECT","DNS/A","1785483079407003","1"
"russia","rustore","dns","static.rustore.ru","hmac-sha256:50650bf018cb456aeccf725c0c8d0314","IPv4","dns[5]:route","zapret-ru-domains","DIRECT","DIRECT","DNS/A","1785483079407003","1"
"russia","rustore","dns","static.rustore.ru","hmac-sha256:bdc6d0ccf40b751a06bf52c865e4e0e5","IPv4","dns[5]:route","zapret-ru-domains","DIRECT","DIRECT","DNS/A","1785483079407003","1"
"russia","rustore","dns","static.rustore.ru","hmac-sha256:17cf9578e32817c0ac5d559ffcefb636","IPv4","dns[5]:route","zapret-ru-domains","DIRECT","DIRECT","DNS/A","1785483079407003","1"
"russia","rustore","dns","static.rustore.ru","hmac-sha256:0731a30781bc4b313da9bdfccfad64eb","IPv4","dns[5]:route","zapret-ru-domains","DIRECT","DIRECT","DNS/A","1785483079407003","1"
"russia","rustore","dns","static.rustore.ru","hmac-sha256:61ea6a94cd6e3739cc59832f6d9035b0","IPv4","dns[5]:route","zapret-ru-domains","DIRECT","DIRECT","DNS/A","1785483079407003","1"
"russia","rustore","route","static.rustore.ru","hmac-sha256:8103d18c1388b8929d0aff92c10c21cc","IPv4","route[8]:route","zapret-ru-domains","DIRECT","DIRECT","TLS/TCP","1785483079407003","1"
"russia","rustore","dns","mc.yandex.ru","","","dns[2]:predefined","ru-adlist-hardcoded,geosite-ads,geosite-malware,geosite-phishing,geosite-cryptominers","BLOCK","BLOCK","DNS/HTTPS","1785483079407003","4"
"russia","rustore","dns","mc.yandex.ru","","","dns[2]:predefined","ru-adlist-hardcoded,geosite-ads,geosite-malware,geosite-phishing,geosite-cryptominers","BLOCK","BLOCK","DNS/A","1785483079407003","8"
"russia","rustore","dns","mc.yandex.ru","","","dns[2]:predefined","ru-adlist-hardcoded,geosite-ads,geosite-malware,geosite-phishing,geosite-cryptominers","BLOCK","BLOCK","DNS/AAAA","1785483079407003","8"
"russia","rustore","dns","omicron.rustore.ru","","","dns[5]:route","zapret-ru-domains","DIRECT","DIRECT","DNS/AAAA","1785483079407003","1"
"russia","rustore","dns","omicron.rustore.ru","","","dns[5]:route","zapret-ru-domains","DIRECT","DIRECT","DNS/HTTPS","1785483079407003","1"
"russia","rustore","dns","omicron.rustore.ru","hmac-sha256:258133ba43dc457986c0eb64bdd20b5c","IPv4","dns[5]:route","zapret-ru-domains","DIRECT","DIRECT","DNS/A","1785483079407003","1"
"russia","rustore","route","omicron.rustore.ru","hmac-sha256:258133ba43dc457986c0eb64bdd20b5c","IPv4","route[8]:route","zapret-ru-domains","DIRECT","DIRECT","TLS/TCP","1785483079407003","1"
"russia","rustore","dns","ad.mail.ru","","","dns[2]:predefined","ru-adlist-hardcoded,geosite-ads,geosite-malware,geosite-phishing,geosite-cryptominers","BLOCK","BLOCK","DNS/HTTPS","1785483079407003","4"
"russia","rustore","dns","ad.mail.ru","","","dns[2]:predefined","ru-adlist-hardcoded,geosite-ads,geosite-malware,geosite-phishing,geosite-cryptominers","BLOCK","BLOCK","DNS/A","1785483079407003","8"
"russia","rustore","dns","ad.mail.ru","","","dns[2]:predefined","ru-adlist-hardcoded,geosite-ads,geosite-malware,geosite-phishing,geosite-cryptominers","BLOCK","BLOCK","DNS/AAAA","1785483079407003","8"
"russia","rustore","dns","imgs2.imgsmail.ru","","","dns[5]:route","zapret-ru-domains","DIRECT","DIRECT","DNS/AAAA","1785483079407003","1"
"russia","rustore","dns","imgs2.imgsmail.ru","","","dns[5]:route","zapret-ru-domains","DIRECT","DIRECT","DNS/HTTPS","1785483079407003","1"
"russia","rustore","dns","imgs2.imgsmail.ru","hmac-sha256:b11fb64bc5598a91874154532d57000d","IPv4","dns[5]:route","zapret-ru-domains","DIRECT","DIRECT","DNS/A","1785483079407003","1"
"russia","rustore","dns","imgs2.imgsmail.ru","hmac-sha256:17cf9578e32817c0ac5d559ffcefb636","IPv4","dns[5]:route","zapret-ru-domains","DIRECT","DIRECT","DNS/A","1785483079407003","1"
"russia","rustore","dns","imgs2.imgsmail.ru","hmac-sha256:88b6ae8955ee907e34c65abcefdf9296","IPv4","dns[5]:route","zapret-ru-domains","DIRECT","DIRECT","DNS/A","1785483079407003","1"
"russia","rustore","dns","imgs2.imgsmail.ru","hmac-sha256:76b3b6b123b04ec1276fc9118b8a043f","IPv4","dns[5]:route","zapret-ru-domains","DIRECT","DIRECT","DNS/A","1785483079407003","1"
"russia","rustore","dns","imgs2.imgsmail.ru","hmac-sha256:50650bf018cb456aeccf725c0c8d0314","IPv4","dns[5]:route","zapret-ru-domains","DIRECT","DIRECT","DNS/A","1785483079407003","1"
"russia","rustore","dns","imgs2.imgsmail.ru","hmac-sha256:5e0f5861ba4a7d93beb6d28ef85a3567","IPv4","dns[5]:route","zapret-ru-domains","DIRECT","DIRECT","DNS/A","1785483079407003","1"
"russia","rustore","dns","imgs2.imgsmail.ru","hmac-sha256:a645e8880ec1e1b15f092de11700e94f","IPv4","dns[5]:route","zapret-ru-domains","DIRECT","DIRECT","DNS/A","1785483079407003","1"
"russia","rustore","dns","imgs2.imgsmail.ru","hmac-sha256:61ea6a94cd6e3739cc59832f6d9035b0","IPv4","dns[5]:route","zapret-ru-domains","DIRECT","DIRECT","DNS/A","1785483079407003","1"
"russia","rustore","dns","imgs2.imgsmail.ru","hmac-sha256:0731a30781bc4b313da9bdfccfad64eb","IPv4","dns[5]:route","zapret-ru-domains","DIRECT","DIRECT","DNS/A","1785483079407003","1"
"russia","rustore","dns","imgs2.imgsmail.ru","hmac-sha256:bdc6d0ccf40b751a06bf52c865e4e0e5","IPv4","dns[5]:route","zapret-ru-domains","DIRECT","DIRECT","DNS/A","1785483079407003","1"
"russia","rustore","route","imgs2.imgsmail.ru","hmac-sha256:b11fb64bc5598a91874154532d57000d","IPv4","route[8]:route","zapret-ru-domains","DIRECT","DIRECT","TLS/TCP","1785483079407003","1"
"russia","rustore","dns","xray.mail.ru","","","dns[2]:predefined","ru-adlist-hardcoded,geosite-ads,geosite-malware,geosite-phishing,geosite-cryptominers","BLOCK","BLOCK","DNS/A","1785483079407003","8"
"russia","rustore","dns","xray.mail.ru","","","dns[2]:predefined","ru-adlist-hardcoded,geosite-ads,geosite-malware,geosite-phishing,geosite-cryptominers","BLOCK","BLOCK","DNS/HTTPS","1785483079407003","4"
"russia","rustore","dns","xray.mail.ru","","","dns[2]:predefined","ru-adlist-hardcoded,geosite-ads,geosite-malware,geosite-phishing,geosite-cryptominers","BLOCK","BLOCK","DNS/AAAA","1785483079407003","8"
"russia","rustore","dns","trk.mail.ru","","","dns[5]:route","zapret-ru-domains","DIRECT","DIRECT","DNS/AAAA","1785483079407003","1"
"russia","rustore","dns","trk.mail.ru","","","dns[5]:route","zapret-ru-domains","DIRECT","DIRECT","DNS/HTTPS","1785483079407003","1"
"russia","rustore","dns","trk.mail.ru","hmac-sha256:8d7a6de9bbe1e07d0976dddd9f1e8027","IPv4","dns[5]:route","zapret-ru-domains","DIRECT","DIRECT","DNS/A","1785483079407003","1"
"russia","rustore","route","trk.mail.ru","hmac-sha256:8d7a6de9bbe1e07d0976dddd9f1e8027","IPv4","route[8]:route","zapret-ru-domains","DIRECT","DIRECT","TLS/TCP","1785483079407003","1"
"russia","rzd","dns","www.rzd.ru","","","dns[5]:route","zapret-ru-domains","DIRECT","DIRECT","DNS/AAAA","1785483079407003","2"
"russia","rzd","dns","www.rzd.ru","","","dns[5]:route","zapret-ru-domains","DIRECT","DIRECT","DNS/HTTPS","1785483079407003","1"
"russia","rzd","dns","www.rzd.ru","hmac-sha256:6f87c26e04d0e37b2ea6bd12f568eab5","IPv4","dns[5]:route","zapret-ru-domains","DIRECT","DIRECT","DNS/A","1785483079407003","2"
"russia","rzd","dns","www.rzd.ru","hmac-sha256:9e9b0a1dac998a958467b9818aa28f78","IPv4","dns[5]:route","zapret-ru-domains","DIRECT","DIRECT","DNS/A","1785483079407003","2"
"russia","rzd","dns","www.rzd.ru","hmac-sha256:d47f5d3a5c903434b06b31ab3edd55e7","IPv4","dns[5]:route","zapret-ru-domains","DIRECT","DIRECT","DNS/A","1785483079407003","2"
"russia","rzd","dns","www.rzd.ru","hmac-sha256:abaf10ad2687a0f6a872b4f9012adc0b","IPv4","dns[5]:route","zapret-ru-domains","DIRECT","DIRECT","DNS/A","1785483079407003","2"
"russia","rzd","dns","www.rzd.ru","hmac-sha256:287b7834b140f58793116d9131275a45","IPv4","dns[5]:route","zapret-ru-domains","DIRECT","DIRECT","DNS/A","1785483079407003","2"
"russia","rzd","dns","www.rzd.ru","hmac-sha256:4528173a02609f690021f5454d10be07","IPv4","dns[5]:route","zapret-ru-domains","DIRECT","DIRECT","DNS/A","1785483079407003","2"
"russia","rzd","dns","www.rzd.ru","hmac-sha256:226070fa04dca61e7034fae794d9b2c8","IPv4","dns[5]:route","zapret-ru-domains","DIRECT","DIRECT","DNS/A","1785483079407003","2"
"russia","rzd","dns","www.rzd.ru","hmac-sha256:0451abd4be00d3e32b586932e35bc992","IPv4","dns[5]:route","zapret-ru-domains","DIRECT","DIRECT","DNS/A","1785483079407003","2"
"russia","rzd","dns","www.rzd.ru","hmac-sha256:81c96532d64d4c986477e4b8e0e2a565","IPv4","dns[5]:route","zapret-ru-domains","DIRECT","DIRECT","DNS/A","1785483079407003","2"
"russia","rzd","dns","www.rzd.ru","hmac-sha256:23f26a4ee70fd6c8ddbea3f8820e4813","IPv4","dns[5]:route","zapret-ru-domains","DIRECT","DIRECT","DNS/A","1785483079407003","2"
"russia","rzd","dns","www.rzd.ru","hmac-sha256:5514714f009085a103b4c6d7a24672e7","IPv4","dns[5]:route","zapret-ru-domains","DIRECT","DIRECT","DNS/A","1785483079407003","2"
"russia","rzd","dns","www.rzd.ru","hmac-sha256:7d42bde31371b31985b022151667c4aa","IPv4","dns[5]:route","zapret-ru-domains","DIRECT","DIRECT","DNS/A","1785483079407003","2"
"russia","rzd","route","www.rzd.ru","hmac-sha256:6f87c26e04d0e37b2ea6bd12f568eab5","IPv4","route[8]:route","zapret-ru-domains","DIRECT","DIRECT","TLS/TCP","1785483079407003","6"
"russia","rzd","dns","ticket.rzd.ru","","","dns[5]:route","zapret-ru-domains","DIRECT","DIRECT","DNS/AAAA","1785483079407003","1"
"russia","rzd","dns","mc.yandex.ru","","","dns[2]:predefined","ru-adlist-hardcoded,geosite-ads,geosite-malware,geosite-phishing,geosite-cryptominers","BLOCK","BLOCK","DNS/HTTPS","1785483079407003","4"
"russia","rzd","dns","mc.yandex.ru","","","dns[2]:predefined","ru-adlist-hardcoded,geosite-ads,geosite-malware,geosite-phishing,geosite-cryptominers","BLOCK","BLOCK","DNS/AAAA","1785483079407003","8"
"russia","rzd","dns","mc.yandex.ru","","","dns[2]:predefined","ru-adlist-hardcoded,geosite-ads,geosite-malware,geosite-phishing,geosite-cryptominers","BLOCK","BLOCK","DNS/A","1785483079407003","8"
"russia","rzd","dns","ticket.rzd.ru","hmac-sha256:4528173a02609f690021f5454d10be07","IPv4","dns[5]:route","zapret-ru-domains","DIRECT","DIRECT","DNS/A","1785483079407003","1"
"russia","rzd","dns","ticket.rzd.ru","hmac-sha256:6f87c26e04d0e37b2ea6bd12f568eab5","IPv4","dns[5]:route","zapret-ru-domains","DIRECT","DIRECT","DNS/A","1785483079407003","1"
"russia","rzd","dns","ticket.rzd.ru","","","dns[5]:route","zapret-ru-domains","DIRECT","DIRECT","DNS/HTTPS","1785483079407003","1"
"russia","rzd","dns","ticket.rzd.ru","hmac-sha256:23f26a4ee70fd6c8ddbea3f8820e4813","IPv4","dns[5]:route","zapret-ru-domains","DIRECT","DIRECT","DNS/A","1785483079407003","1"
"russia","rzd","dns","ticket.rzd.ru","hmac-sha256:0451abd4be00d3e32b586932e35bc992","IPv4","dns[5]:route","zapret-ru-domains","DIRECT","DIRECT","DNS/A","1785483079407003","1"
"russia","rzd","dns","ticket.rzd.ru","hmac-sha256:5514714f009085a103b4c6d7a24672e7","IPv4","dns[5]:route","zapret-ru-domains","DIRECT","DIRECT","DNS/A","1785483079407003","1"
"russia","rzd","dns","ticket.rzd.ru","hmac-sha256:287b7834b140f58793116d9131275a45","IPv4","dns[5]:route","zapret-ru-domains","DIRECT","DIRECT","DNS/A","1785483079407003","1"
"russia","rzd","dns","ticket.rzd.ru","hmac-sha256:d47f5d3a5c903434b06b31ab3edd55e7","IPv4","dns[5]:route","zapret-ru-domains","DIRECT","DIRECT","DNS/A","1785483079407003","1"
"russia","rzd","dns","ticket.rzd.ru","hmac-sha256:226070fa04dca61e7034fae794d9b2c8","IPv4","dns[5]:route","zapret-ru-domains","DIRECT","DIRECT","DNS/A","1785483079407003","1"
"russia","rzd","dns","ticket.rzd.ru","hmac-sha256:81c96532d64d4c986477e4b8e0e2a565","IPv4","dns[5]:route","zapret-ru-domains","DIRECT","DIRECT","DNS/A","1785483079407003","1"
"russia","rzd","dns","ticket.rzd.ru","hmac-sha256:abaf10ad2687a0f6a872b4f9012adc0b","IPv4","dns[5]:route","zapret-ru-domains","DIRECT","DIRECT","DNS/A","1785483079407003","1"
"russia","rzd","dns","ticket.rzd.ru","hmac-sha256:9e9b0a1dac998a958467b9818aa28f78","IPv4","dns[5]:route","zapret-ru-domains","DIRECT","DIRECT","DNS/A","1785483079407003","1"
"russia","rzd","dns","ticket.rzd.ru","hmac-sha256:7d42bde31371b31985b022151667c4aa","IPv4","dns[5]:route","zapret-ru-domains","DIRECT","DIRECT","DNS/A","1785483079407003","1"
"russia","rzd","route","ticket.rzd.ru","hmac-sha256:4528173a02609f690021f5454d10be07","IPv4","route[8]:route","zapret-ru-domains","DIRECT","DIRECT","TLS/TCP","1785483079407003","7"
"russia","aeroflot","dns","www.aeroflot.ru","","","dns[5]:route","zapret-ru-domains","DIRECT","DIRECT","DNS/AAAA","1785483079407003","4"
"russia","aeroflot","dns","www.aeroflot.ru","","","dns[5]:route","zapret-ru-domains","DIRECT","DIRECT","DNS/HTTPS","1785483079407003","1"
"russia","aeroflot","dns","www.aeroflot.ru","hmac-sha256:dc6954196f1d0a0ba9ab32be654c9297","IPv4","dns[5]:route","zapret-ru-domains","DIRECT","DIRECT","DNS/A","1785483079407003","4"
"russia","aeroflot","dns","www.aeroflot.ru","hmac-sha256:2fa60dbcbebdd1ac961b88ed089e9d73","IPv4","dns[5]:route","zapret-ru-domains","DIRECT","DIRECT","DNS/A","1785483079407003","4"
"russia","aeroflot","dns","www.aeroflot.ru","hmac-sha256:6d0ad1d34139270c2b6e70fc96610903","IPv4","dns[5]:route","zapret-ru-domains","DIRECT","DIRECT","DNS/A","1785483079407003","4"
"russia","aeroflot","dns","www.aeroflot.ru","hmac-sha256:45f73bea7bb190e9ebafd594e2fe439a","IPv4","dns[5]:route","zapret-ru-domains","DIRECT","DIRECT","DNS/A","1785483079407003","4"
"russia","aeroflot","dns","www.aeroflot.ru","hmac-sha256:cbcb5a4cd010b1e648582ce013cbfb62","IPv4","dns[5]:route","zapret-ru-domains","DIRECT","DIRECT","DNS/A","1785483079407003","4"
"russia","aeroflot","route","www.aeroflot.ru","hmac-sha256:dc6954196f1d0a0ba9ab32be654c9297","IPv4","route[8]:route","zapret-ru-domains","DIRECT","DIRECT","TLS/TCP","1785483079407003","2"
"russia","aeroflot","dns","netstorage.aeroflot.ru","","","dns[5]:route","zapret-ru-domains","DIRECT","DIRECT","DNS/AAAA","1785483079407003","1"
"russia","aeroflot","dns","netstorage.aeroflot.ru","","","dns[5]:route","zapret-ru-domains","DIRECT","DIRECT","DNS/HTTPS","1785483079407003","1"
"russia","aeroflot","dns","netstorage.aeroflot.ru","hmac-sha256:1aead970e3fbef7d2d8ac3e64cb39237","IPv4","dns[5]:route","zapret-ru-domains","DIRECT","DIRECT","DNS/A","1785483079407003","1"
"russia","aeroflot","dns","netstorage.aeroflot.ru","hmac-sha256:9fec7d1f88e6e1bb8351d805278fa279","IPv4","dns[5]:route","zapret-ru-domains","DIRECT","DIRECT","DNS/A","1785483079407003","1"
"russia","aeroflot","route","netstorage.aeroflot.ru","hmac-sha256:1aead970e3fbef7d2d8ac3e64cb39237","IPv4","route[8]:route","zapret-ru-domains","DIRECT","DIRECT","TLS/TCP","1785483079407003","1"
"russia","aeroflot","dns","static-ctm.aeroflot.ru","","","dns[5]:route","zapret-ru-domains","DIRECT","DIRECT","DNS/AAAA","1785483079407003","1"
"russia","aeroflot","dns","static-ctm.aeroflot.ru","","","dns[5]:route","zapret-ru-domains","DIRECT","DIRECT","DNS/HTTPS","1785483079407003","1"
"russia","aeroflot","dns","static-ctm.aeroflot.ru","hmac-sha256:13b55f7563619cdee22c19fbcc959b23","IPv4","dns[5]:route","zapret-ru-domains","DIRECT","DIRECT","DNS/A","1785483079407003","1"
"russia","aeroflot","dns","static-ctm.aeroflot.ru","hmac-sha256:597d11064eb474eaac41cd970ff03fbb","IPv4","dns[5]:route","zapret-ru-domains","DIRECT","DIRECT","DNS/A","1785483079407003","1"
"russia","aeroflot","dns","static-ctm.aeroflot.ru","hmac-sha256:b10bf056942924ef7619ca67d1bbce4e","IPv4","dns[5]:route","zapret-ru-domains","DIRECT","DIRECT","DNS/A","1785483079407003","1"
"russia","aeroflot","dns","static-ctm.aeroflot.ru","hmac-sha256:dd2d13ee4132e3fd8ce065588a020244","IPv4","dns[5]:route","zapret-ru-domains","DIRECT","DIRECT","DNS/A","1785483079407003","1"
"russia","aeroflot","dns","static-ctm.aeroflot.ru","hmac-sha256:9fec7d1f88e6e1bb8351d805278fa279","IPv4","dns[5]:route","zapret-ru-domains","DIRECT","DIRECT","DNS/A","1785483079407003","1"
"russia","aeroflot","dns","static-ctm.aeroflot.ru","hmac-sha256:67a377bf6815fb7323aac5c4fa1dacc2","IPv4","dns[5]:route","zapret-ru-domains","DIRECT","DIRECT","DNS/A","1785483079407003","1"
"russia","aeroflot","dns","static-ctm.aeroflot.ru","hmac-sha256:93d6e6b6643b671332aa599855183a6e","IPv4","dns[5]:route","zapret-ru-domains","DIRECT","DIRECT","DNS/A","1785483079407003","1"
"russia","aeroflot","dns","static-ctm.aeroflot.ru","hmac-sha256:eabbef531fc8d17ea4973243f8beb1bd","IPv4","dns[5]:route","zapret-ru-domains","DIRECT","DIRECT","DNS/A","1785483079407003","1"
"russia","aeroflot","dns","static-ctm.aeroflot.ru","hmac-sha256:e52a1437c3ae7b0cc85ddd065a55730e","IPv4","dns[5]:route","zapret-ru-domains","DIRECT","DIRECT","DNS/A","1785483079407003","1"
"russia","aeroflot","dns","static-ctm.aeroflot.ru","hmac-sha256:d3b37d87a7488280a42db285f113202f","IPv4","dns[5]:route","zapret-ru-domains","DIRECT","DIRECT","DNS/A","1785483079407003","1"
"russia","aeroflot","dns","static-ctm.aeroflot.ru","hmac-sha256:b4f0175b5823563e55100c04e6580992","IPv4","dns[5]:route","zapret-ru-domains","DIRECT","DIRECT","DNS/A","1785483079407003","1"
"russia","aeroflot","route","static-ctm.aeroflot.ru","hmac-sha256:13b55f7563619cdee22c19fbcc959b23","IPv4","route[8]:route","zapret-ru-domains","DIRECT","DIRECT","TLS/TCP","1785483079407003","1"
"russia","aeroflot","dns","astrom-activegate.aeroflot.ru","","","dns[5]:route","zapret-ru-domains","DIRECT","DIRECT","DNS/AAAA","1785483079407003","1"
"russia","aeroflot","dns","vi.aeroflot.ru","","","dns[5]:route","zapret-ru-domains","DIRECT","DIRECT","DNS/AAAA","1785483079407003","1"
"russia","aeroflot","dns","vi.aeroflot.ru","","","dns[5]:route","zapret-ru-domains","DIRECT","DIRECT","DNS/HTTPS","1785483079407003","1"
"russia","aeroflot","dns","astrom-activegate.aeroflot.ru","hmac-sha256:597d11064eb474eaac41cd970ff03fbb","IPv4","dns[5]:route","zapret-ru-domains","DIRECT","DIRECT","DNS/A","1785483079407003","1"
"russia","aeroflot","dns","astrom-activegate.aeroflot.ru","hmac-sha256:fbcb9f2c6f7f7683151cf31724974691","IPv4","dns[5]:route","zapret-ru-domains","DIRECT","DIRECT","DNS/A","1785483079407003","1"
"russia","aeroflot","dns","astrom-activegate.aeroflot.ru","hmac-sha256:508785f454714539de5ff060198ad7b5","IPv4","dns[5]:route","zapret-ru-domains","DIRECT","DIRECT","DNS/A","1785483079407003","1"
"russia","aeroflot","dns","astrom-activegate.aeroflot.ru","","","dns[5]:route","zapret-ru-domains","DIRECT","DIRECT","DNS/HTTPS","1785483079407003","1"
"russia","aeroflot","dns","vi.aeroflot.ru","hmac-sha256:508785f454714539de5ff060198ad7b5","IPv4","dns[5]:route","zapret-ru-domains","DIRECT","DIRECT","DNS/A","1785483079407003","1"
"russia","aeroflot","dns","vi.aeroflot.ru","hmac-sha256:fbcb9f2c6f7f7683151cf31724974691","IPv4","dns[5]:route","zapret-ru-domains","DIRECT","DIRECT","DNS/A","1785483079407003","1"
"russia","aeroflot","dns","vi.aeroflot.ru","hmac-sha256:597d11064eb474eaac41cd970ff03fbb","IPv4","dns[5]:route","zapret-ru-domains","DIRECT","DIRECT","DNS/A","1785483079407003","1"
"russia","aeroflot","route","astrom-activegate.aeroflot.ru","hmac-sha256:597d11064eb474eaac41cd970ff03fbb","IPv4","route[8]:route","zapret-ru-domains","DIRECT","DIRECT","TLS/TCP","1785483079407003","1"
"russia","aeroflot","route","vi.aeroflot.ru","hmac-sha256:508785f454714539de5ff060198ad7b5","IPv4","route[8]:route","zapret-ru-domains","DIRECT","DIRECT","TLS/TCP","1785483079407003","2"
"russia","aeroflot","dns","mc.yandex.ru","","","dns[2]:predefined","ru-adlist-hardcoded,geosite-ads,geosite-malware,geosite-phishing,geosite-cryptominers","BLOCK","BLOCK","DNS/HTTPS","1785483079407003","4"
"russia","aeroflot","dns","mc.yandex.ru","","","dns[2]:predefined","ru-adlist-hardcoded,geosite-ads,geosite-malware,geosite-phishing,geosite-cryptominers","BLOCK","BLOCK","DNS/A","1785483079407003","8"
"russia","aeroflot","dns","mc.yandex.ru","","","dns[2]:predefined","ru-adlist-hardcoded,geosite-ads,geosite-malware,geosite-phishing,geosite-cryptominers","BLOCK","BLOCK","DNS/AAAA","1785483079407003","8"
"russia","aeroflot","dns","abt.s3.yandex.net","","","dns[2]:predefined","ru-adlist-hardcoded,geosite-ads,geosite-malware,geosite-phishing,geosite-cryptominers","BLOCK","BLOCK","DNS/AAAA","1785483079407003","8"
"russia","aeroflot","dns","abt.s3.yandex.net","","","dns[2]:predefined","ru-adlist-hardcoded,geosite-ads,geosite-malware,geosite-phishing,geosite-cryptominers","BLOCK","BLOCK","DNS/HTTPS","1785483079407003","4"
"russia","aeroflot","dns","abt.s3.yandex.net","","","dns[2]:predefined","ru-adlist-hardcoded,geosite-ads,geosite-malware,geosite-phishing,geosite-cryptominers","BLOCK","BLOCK","DNS/A","1785483079407003","8"
"russia","aeroflot","dns","top-fwz1.mail.ru","","","dns[2]:predefined","ru-adlist-hardcoded,geosite-ads,geosite-malware,geosite-phishing,geosite-cryptominers","BLOCK","BLOCK","DNS/HTTPS","1785483079407003","4"
"russia","aeroflot","dns","top-fwz1.mail.ru","","","dns[2]:predefined","ru-adlist-hardcoded,geosite-ads,geosite-malware,geosite-phishing,geosite-cryptominers","BLOCK","BLOCK","DNS/AAAA","1785483079407003","8"
"russia","aeroflot","dns","top-fwz1.mail.ru","","","dns[2]:predefined","ru-adlist-hardcoded,geosite-ads,geosite-malware,geosite-phishing,geosite-cryptominers","BLOCK","BLOCK","DNS/A","1785483079407003","8"
"russia","aeroflot","dns","bw.aeroflot.ru","","","dns[5]:route","zapret-ru-domains","DIRECT","DIRECT","DNS/AAAA","1785483079407003","1"
"russia","aeroflot","dns","bw.aeroflot.ru","hmac-sha256:cbcb5a4cd010b1e648582ce013cbfb62","IPv4","dns[5]:route","zapret-ru-domains","DIRECT","DIRECT","DNS/A","1785483079407003","1"
"russia","aeroflot","dns","bw.aeroflot.ru","hmac-sha256:6d0ad1d34139270c2b6e70fc96610903","IPv4","dns[5]:route","zapret-ru-domains","DIRECT","DIRECT","DNS/A","1785483079407003","1"
"russia","aeroflot","dns","bw.aeroflot.ru","hmac-sha256:45f73bea7bb190e9ebafd594e2fe439a","IPv4","dns[5]:route","zapret-ru-domains","DIRECT","DIRECT","DNS/A","1785483079407003","1"
"russia","aeroflot","dns","bw.aeroflot.ru","","","dns[5]:route","zapret-ru-domains","DIRECT","DIRECT","DNS/HTTPS","1785483079407003","1"
"russia","aeroflot","route","bw.aeroflot.ru","hmac-sha256:cbcb5a4cd010b1e648582ce013cbfb62","IPv4","route[8]:route","zapret-ru-domains","DIRECT","DIRECT","TLS/TCP","1785483079407003","2"
"russia","hh","dns","hh.ru","","","dns[5]:route","zapret-ru-domains","DIRECT","DIRECT","DNS/AAAA","1785483079407003","2"
"russia","hh","dns","hh.ru","","","dns[5]:route","zapret-ru-domains","DIRECT","DIRECT","DNS/HTTPS","1785483079407003","1"
"russia","hh","dns","hh.ru","hmac-sha256:e358920d2a5acd9fc62b4d295dd752b3","IPv4","dns[5]:route","zapret-ru-domains","DIRECT","DIRECT","DNS/A","1785483079407003","2"
"russia","hh","route","hh.ru","hmac-sha256:e358920d2a5acd9fc62b4d295dd752b3","IPv4","route[8]:route","zapret-ru-domains","DIRECT","DIRECT","TLS/TCP","1785483079407003","2"
"russia","hh","dns","penza.hh.ru","","","dns[5]:route","zapret-ru-domains","DIRECT","DIRECT","DNS/AAAA","1785483079407003","4"
"russia","hh","dns","penza.hh.ru","","","dns[5]:route","zapret-ru-domains","DIRECT","DIRECT","DNS/HTTPS","1785483079407003","1"
"russia","hh","dns","penza.hh.ru","hmac-sha256:e358920d2a5acd9fc62b4d295dd752b3","IPv4","dns[5]:route","zapret-ru-domains","DIRECT","DIRECT","DNS/A","1785483079407003","4"
"russia","hh","dns","i.hh.ru","","","dns[5]:route","zapret-ru-domains","DIRECT","DIRECT","DNS/AAAA","1785483079407003","2"
"russia","hh","dns","i.hh.ru","","","dns[5]:route","zapret-ru-domains","DIRECT","DIRECT","DNS/HTTPS","1785483079407003","2"
"russia","hh","dns","i.hh.ru","hmac-sha256:e358920d2a5acd9fc62b4d295dd752b3","IPv4","dns[5]:route","zapret-ru-domains","DIRECT","DIRECT","DNS/A","1785483079407003","2"
"russia","hh","route","i.hh.ru","hmac-sha256:e358920d2a5acd9fc62b4d295dd752b3","IPv4","route[8]:route","zapret-ru-domains","DIRECT","DIRECT","TLS/TCP","1785483079407003","3"
"russia","hh","dns","cpa.hh.ru","","","dns[2]:predefined","ru-adlist-hardcoded,geosite-ads,geosite-malware,geosite-phishing,geosite-cryptominers","BLOCK","BLOCK","DNS/A","1785483079407003","8"
"russia","hh","dns","cpa.hh.ru","","","dns[2]:predefined","ru-adlist-hardcoded,geosite-ads,geosite-malware,geosite-phishing,geosite-cryptominers","BLOCK","BLOCK","DNS/AAAA","1785483079407003","7"
"russia","hh","dns","cpa.hh.ru","","","dns[2]:predefined","ru-adlist-hardcoded,geosite-ads,geosite-malware,geosite-phishing,geosite-cryptominers","BLOCK","BLOCK","DNS/HTTPS","1785483079407003","4"
"russia","hh","dns","top-fwz1.mail.ru","","","dns[2]:predefined","ru-adlist-hardcoded,geosite-ads,geosite-malware,geosite-phishing,geosite-cryptominers","BLOCK","BLOCK","DNS/HTTPS","1785483079407003","4"
"russia","hh","dns","top-fwz1.mail.ru","","","dns[2]:predefined","ru-adlist-hardcoded,geosite-ads,geosite-malware,geosite-phishing,geosite-cryptominers","BLOCK","BLOCK","DNS/A","1785483079407003","8"
"russia","hh","dns","top-fwz1.mail.ru","","","dns[2]:predefined","ru-adlist-hardcoded,geosite-ads,geosite-malware,geosite-phishing,geosite-cryptominers","BLOCK","BLOCK","DNS/AAAA","1785483079407003","8"
"russia","hh","dns","vk.com","","","dns[6]:route","","VPN","REMOTE","DNS/HTTPS","1785483079407003","1"
"russia","hh","dns","mc.yandex.ru","","","dns[2]:predefined","ru-adlist-hardcoded,geosite-ads,geosite-malware,geosite-phishing,geosite-cryptominers","BLOCK","BLOCK","DNS/AAAA","1785483079407003","20"
"russia","hh","dns","vk.com","","","dns[6]:route","","VPN","REMOTE","DNS/AAAA","1785483079407003","1"
"russia","hh","dns","vk.com","hmac-sha256:475a0d9a2d41f98b98b3361a4f51600d","IPv4","dns[6]:route","","VPN","REMOTE","DNS/A","1785483079407003","1"
"russia","hh","dns","vk.com","hmac-sha256:f0fee65f26dad56b0379a204bdae3f9c","IPv4","dns[6]:route","","VPN","REMOTE","DNS/A","1785483079407003","1"
"russia","hh","dns","vk.com","hmac-sha256:8f89bd0bc7d3e91fcc28040020fea1fc","IPv4","dns[6]:route","","VPN","REMOTE","DNS/A","1785483079407003","1"
"russia","hh","dns","vk.com","hmac-sha256:b42f3870a34157b8bcd051b790f7e2cf","IPv4","dns[6]:route","","VPN","REMOTE","DNS/A","1785483079407003","1"
"russia","hh","dns","vk.com","hmac-sha256:b1c44d2b95c176df259afd76e0385fc2","IPv4","dns[6]:route","","VPN","REMOTE","DNS/A","1785483079407003","1"
"russia","hh","dns","vk.com","hmac-sha256:cda846f40c5f8c5ef9d05d8eaf8d2522","IPv4","dns[6]:route","","VPN","REMOTE","DNS/A","1785483079407003","1"
"russia","hh","dns","mc.yandex.ru","","","dns[2]:predefined","ru-adlist-hardcoded,geosite-ads,geosite-malware,geosite-phishing,geosite-cryptominers","BLOCK","BLOCK","DNS/A","1785483079407003","20"
"russia","hh","dns","mc.yandex.ru","","","dns[2]:predefined","ru-adlist-hardcoded,geosite-ads,geosite-malware,geosite-phishing,geosite-cryptominers","BLOCK","BLOCK","DNS/HTTPS","1785483079407003","9"
"russia","hh","route","vk.com","hmac-sha256:475a0d9a2d41f98b98b3361a4f51600d","IPv4","route[9]:route","zapret-ru-ip","DIRECT","REMOTE","TLS/TCP","1785483079407003","1"
"russia","hh","dns","nel.wb.ru","","","dns[2]:predefined","ru-adlist-hardcoded,geosite-ads,geosite-malware,geosite-phishing,geosite-cryptominers","BLOCK","BLOCK","DNS/AAAA","1785483079407003","8"
"russia","hh","dns","nel.wb.ru","","","dns[2]:predefined","ru-adlist-hardcoded,geosite-ads,geosite-malware,geosite-phishing,geosite-cryptominers","BLOCK","BLOCK","DNS/HTTPS","1785483079407003","4"
"russia","hh","dns","nel.wb.ru","","","dns[2]:predefined","ru-adlist-hardcoded,geosite-ads,geosite-malware,geosite-phishing,geosite-cryptominers","BLOCK","BLOCK","DNS/A","1785483079407003","8"
"russia","hh","dns","sentry.hh.ru","","","dns[5]:route","zapret-ru-domains","DIRECT","DIRECT","DNS/AAAA","1785483079407003","1"
"russia","hh","dns","sentry.hh.ru","","","dns[5]:route","zapret-ru-domains","DIRECT","DIRECT","DNS/HTTPS","1785483079407003","1"
"russia","hh","dns","sentry.hh.ru","hmac-sha256:8d1c0f5cb898092f8eb88a54365e7b80","IPv4","dns[5]:route","zapret-ru-domains","DIRECT","DIRECT","DNS/A","1785483079407003","1"
"russia","hh","route","sentry.hh.ru","hmac-sha256:8d1c0f5cb898092f8eb88a54365e7b80","IPv4","route[8]:route","zapret-ru-domains","DIRECT","DIRECT","TLS/TCP","1785483079407003","1"
"russia","hh","dns","hhcdn.ru","","","dns[5]:route","zapret-ru-domains","DIRECT","DIRECT","DNS/AAAA","1785483079407003","3"
"russia","hh","dns","hhcdn.ru","","","dns[5]:route","zapret-ru-domains","DIRECT","DIRECT","DNS/HTTPS","1785483079407003","2"
"russia","hh","dns","hhcdn.ru","hmac-sha256:e358920d2a5acd9fc62b4d295dd752b3","IPv4","dns[5]:route","zapret-ru-domains","DIRECT","DIRECT","DNS/A","1785483079407003","3"
"russia","hh","route","hhcdn.ru","hmac-sha256:e358920d2a5acd9fc62b4d295dd752b3","IPv4","route[8]:route","zapret-ru-domains","DIRECT","DIRECT","TLS/TCP","1785483079407003","7"
"russia","hh","dns","samara.hh.ru","","","dns[5]:route","zapret-ru-domains","DIRECT","DIRECT","DNS/AAAA","1785483079407003","1"
"russia","hh","dns","samara.hh.ru","","","dns[5]:route","zapret-ru-domains","DIRECT","DIRECT","DNS/HTTPS","1785483079407003","1"
"russia","hh","dns","samara.hh.ru","hmac-sha256:e358920d2a5acd9fc62b4d295dd752b3","IPv4","dns[5]:route","zapret-ru-domains","DIRECT","DIRECT","DNS/A","1785483079407003","1"
"russia","hh","dns","adsrv.hh.ru","","","dns[2]:predefined","ru-adlist-hardcoded,geosite-ads,geosite-malware,geosite-phishing,geosite-cryptominers","BLOCK","BLOCK","DNS/AAAA","1785483079407003","16"
"russia","hh","dns","adsrv.hh.ru","","","dns[2]:predefined","ru-adlist-hardcoded,geosite-ads,geosite-malware,geosite-phishing,geosite-cryptominers","BLOCK","BLOCK","DNS/HTTPS","1785483079407003","8"
"russia","hh","dns","adsrv.hh.ru","","","dns[2]:predefined","ru-adlist-hardcoded,geosite-ads,geosite-malware,geosite-phishing,geosite-cryptominers","BLOCK","BLOCK","DNS/A","1785483079407003","16"
"russia","hh","dns","yandex.ru","hmac-sha256:bb555a46eeb51789d7deef0e34749c23","IPv4","dns[3]:route","zeon-ru-yandex","DIRECT","DIRECT","DNS/A","1785483079407003","1"
"russia","hh","dns","yandex.ru","hmac-sha256:7d82be72df8019e88de8bfbf3db041a8","IPv4","dns[3]:route","zeon-ru-yandex","DIRECT","DIRECT","DNS/A","1785483079407003","1"
"russia","hh","dns","yandex.ru","hmac-sha256:83171d37ebdd9b2a298ff52f2e51e3f1","IPv4","dns[3]:route","zeon-ru-yandex","DIRECT","DIRECT","DNS/A","1785483079407003","1"
"russia","hh","dns","yandex.ru","","","dns[3]:route","zeon-ru-yandex","DIRECT","DIRECT","DNS/AAAA","1785483079407003","1"
"russia","hh","dns","yandex.ru","","","dns[3]:route","zeon-ru-yandex","DIRECT","DIRECT","DNS/HTTPS","1785483079407003","1"
"russia","hh","route","yandex.ru","hmac-sha256:bb555a46eeb51789d7deef0e34749c23","IPv4","route[6]:route","zeon-ru-yandex","DIRECT","DIRECT","TLS/TCP","1785483079407003","2"
"russia","hh","dns","yastatic.net","","","dns[3]:route","zeon-ru-yandex","DIRECT","DIRECT","DNS/HTTPS","1785483079407003","1"
"russia","hh","dns","yastatic.net","","","dns[3]:route","zeon-ru-yandex","DIRECT","DIRECT","DNS/AAAA","1785483079407003","1"
"russia","hh","dns","yastatic.net","hmac-sha256:97a22d4efb59331b7da73906ccc4eddd","IPv4","dns[3]:route","zeon-ru-yandex","DIRECT","DIRECT","DNS/A","1785483079407003","1"
"russia","hh","dns","avatars.mds.yandex.net","","","dns[3]:route","zeon-ru-yandex","DIRECT","DIRECT","DNS/AAAA","1785483079407003","1"
"russia","hh","dns","avatars.mds.yandex.net","","","dns[3]:route","zeon-ru-yandex","DIRECT","DIRECT","DNS/HTTPS","1785483079407003","1"
"russia","hh","dns","avatars.mds.yandex.net","hmac-sha256:d655ac67da1418e47e8f5c50e1965566","IPv4","dns[3]:route","zeon-ru-yandex","DIRECT","DIRECT","DNS/A","1785483079407003","1"
"russia","hh","dns","avatars.mds.yandex.net","hmac-sha256:ab2bfba4b99e2bcffc244ead70ff0e89","IPv4","dns[3]:route","zeon-ru-yandex","DIRECT","DIRECT","DNS/A","1785483079407003","1"
"russia","hh","dns","avatars.mds.yandex.net","hmac-sha256:7219c7a302ec2304e909eb1f43d8223b","IPv4","dns[3]:route","zeon-ru-yandex","DIRECT","DIRECT","DNS/A","1785483079407003","1"
"russia","hh","route","yastatic.net","hmac-sha256:97a22d4efb59331b7da73906ccc4eddd","IPv4","route[6]:route","zeon-ru-yandex","DIRECT","DIRECT","TLS/TCP","1785483079407003","7"
"russia","hh","route","avatars.mds.yandex.net","hmac-sha256:d655ac67da1418e47e8f5c50e1965566","IPv4","route[6]:route","zeon-ru-yandex","DIRECT","DIRECT","TLS/TCP","1785483079407003","1"
"russia","hh","dns","favicon.yandex.net","","","dns[3]:route","zeon-ru-yandex","DIRECT","DIRECT","DNS/HTTPS","1785483079407003","1"
"russia","hh","dns","favicon.yandex.net","","","dns[3]:route","zeon-ru-yandex","DIRECT","DIRECT","DNS/AAAA","1785483079407003","1"
"russia","hh","dns","favicon.yandex.net","hmac-sha256:d093416b75a2580f4efd2b3cd9b602e8","IPv4","dns[3]:route","zeon-ru-yandex","DIRECT","DIRECT","DNS/A","1785483079407003","1"
"russia","hh","dns","favicon.yandex.net","hmac-sha256:748344de0d63b18fc9060a6876447243","IPv4","dns[3]:route","zeon-ru-yandex","DIRECT","DIRECT","DNS/A","1785483079407003","1"
"russia","hh","dns","favicon.yandex.net","hmac-sha256:913f5e93b206925c730bfb87fd848432","IPv4","dns[3]:route","zeon-ru-yandex","DIRECT","DIRECT","DNS/A","1785483079407003","1"
"russia","hh","dns","favicon.yandex.net","hmac-sha256:420584a1b2093ae7e0dd6db1bf17b4d3","IPv4","dns[3]:route","zeon-ru-yandex","DIRECT","DIRECT","DNS/A","1785483079407003","1"
"russia","hh","route","favicon.yandex.net","hmac-sha256:d093416b75a2580f4efd2b3cd9b602e8","IPv4","route[6]:route","zeon-ru-yandex","DIRECT","DIRECT","TLS/TCP","1785483079407003","1"
"russia","ria","dns","ria.ru","","","dns[5]:route","zapret-ru-domains","DIRECT","DIRECT","DNS/AAAA","1785483079407003","2"
"russia","ria","dns","ria.ru","","","dns[5]:route","zapret-ru-domains","DIRECT","DIRECT","DNS/HTTPS","1785483079407003","1"
"russia","ria","dns","ria.ru","hmac-sha256:8dd43b4fe6e41b0471b5884187f1eb35","IPv4","dns[5]:route","zapret-ru-domains","DIRECT","DIRECT","DNS/A","1785483079407003","2"
"russia","ria","route","ria.ru","hmac-sha256:8dd43b4fe6e41b0471b5884187f1eb35","IPv4","route[8]:route","zapret-ru-domains","DIRECT","DIRECT","TLS/TCP","1785483079407003","3"
"russia","ria","dns","cdnn21.img.ria.ru","","","dns[5]:route","zapret-ru-domains","DIRECT","DIRECT","DNS/AAAA","1785483079407003","1"
"russia","ria","dns","cdnn21.img.ria.ru","","","dns[5]:route","zapret-ru-domains","DIRECT","DIRECT","DNS/HTTPS","1785483079407003","1"
"russia","ria","dns","cdnn21.img.ria.ru","hmac-sha256:171879f20ac90a09c8e1d1da71084730","IPv4","dns[5]:route","zapret-ru-domains","DIRECT","DIRECT","DNS/A","1785483079407003","1"
"russia","ria","route","cdnn21.img.ria.ru","hmac-sha256:171879f20ac90a09c8e1d1da71084730","IPv4","route[8]:route","zapret-ru-domains","DIRECT","DIRECT","TLS/TCP","1785483079407003","9"
"russia","ria","dns","yandex.ru","","","dns[3]:route","zeon-ru-yandex","DIRECT","DIRECT","DNS/HTTPS","1785483079407003","1"
"russia","ria","dns","yandex.ru","hmac-sha256:bb555a46eeb51789d7deef0e34749c23","IPv4","dns[3]:route","zeon-ru-yandex","DIRECT","DIRECT","DNS/A","1785483079407003","1"
"russia","ria","dns","yandex.ru","","","dns[3]:route","zeon-ru-yandex","DIRECT","DIRECT","DNS/AAAA","1785483079407003","1"
"russia","ria","dns","yandex.ru","hmac-sha256:7d82be72df8019e88de8bfbf3db041a8","IPv4","dns[3]:route","zeon-ru-yandex","DIRECT","DIRECT","DNS/A","1785483079407003","1"
"russia","ria","dns","yandex.ru","hmac-sha256:83171d37ebdd9b2a298ff52f2e51e3f1","IPv4","dns[3]:route","zeon-ru-yandex","DIRECT","DIRECT","DNS/A","1785483079407003","1"
"russia","ria","dns","top-fwz1.mail.ru","","","dns[2]:predefined","ru-adlist-hardcoded,geosite-ads,geosite-malware,geosite-phishing,geosite-cryptominers","BLOCK","BLOCK","DNS/A","1785483079407003","8"
"russia","ria","dns","top-fwz1.mail.ru","","","dns[2]:predefined","ru-adlist-hardcoded,geosite-ads,geosite-malware,geosite-phishing,geosite-cryptominers","BLOCK","BLOCK","DNS/HTTPS","1785483079407003","4"
"russia","ria","dns","top-fwz1.mail.ru","","","dns[2]:predefined","ru-adlist-hardcoded,geosite-ads,geosite-malware,geosite-phishing,geosite-cryptominers","BLOCK","BLOCK","DNS/AAAA","1785483079407003","8"
"russia","ria","route","yandex.ru","hmac-sha256:bb555a46eeb51789d7deef0e34749c23","IPv4","route[6]:route","zeon-ru-yandex","DIRECT","DIRECT","TLS/TCP","1785483079407003","3"
"russia","ria","dns","mc.yandex.ru","","","dns[2]:predefined","ru-adlist-hardcoded,geosite-ads,geosite-malware,geosite-phishing,geosite-cryptominers","BLOCK","BLOCK","DNS/HTTPS","1785483079407003","10"
"russia","ria","dns","mc.yandex.ru","","","dns[2]:predefined","ru-adlist-hardcoded,geosite-ads,geosite-malware,geosite-phishing,geosite-cryptominers","BLOCK","BLOCK","DNS/AAAA","1785483079407003","20"
"russia","ria","dns","mc.yandex.ru","","","dns[2]:predefined","ru-adlist-hardcoded,geosite-ads,geosite-malware,geosite-phishing,geosite-cryptominers","BLOCK","BLOCK","DNS/A","1785483079407003","20"
"russia","ria","dns","abt.s3.yandex.net","","","dns[2]:predefined","ru-adlist-hardcoded,geosite-ads,geosite-malware,geosite-phishing,geosite-cryptominers","BLOCK","BLOCK","DNS/AAAA","1785483079407003","8"
"russia","ria","dns","abt.s3.yandex.net","","","dns[2]:predefined","ru-adlist-hardcoded,geosite-ads,geosite-malware,geosite-phishing,geosite-cryptominers","BLOCK","BLOCK","DNS/A","1785483079407003","8"
"russia","ria","dns","abt.s3.yandex.net","","","dns[2]:predefined","ru-adlist-hardcoded,geosite-ads,geosite-malware,geosite-phishing,geosite-cryptominers","BLOCK","BLOCK","DNS/HTTPS","1785483079407003","4"
"russia","ria","dns","a.ria.ru","","","dns[2]:predefined","ru-adlist-hardcoded,geosite-ads,geosite-malware,geosite-phishing,geosite-cryptominers","BLOCK","BLOCK","DNS/A","1785483079407003","8"
"russia","ria","dns","a.ria.ru","","","dns[2]:predefined","ru-adlist-hardcoded,geosite-ads,geosite-malware,geosite-phishing,geosite-cryptominers","BLOCK","BLOCK","DNS/HTTPS","1785483079407003","4"
"russia","ria","dns","a.ria.ru","","","dns[2]:predefined","ru-adlist-hardcoded,geosite-ads,geosite-malware,geosite-phishing,geosite-cryptominers","BLOCK","BLOCK","DNS/AAAA","1785483079407003","8"
"russia","ria","dns","cm.ria.ru","","","dns[5]:route","zapret-ru-domains","DIRECT","DIRECT","DNS/AAAA","1785483079407003","1"
"russia","ria","dns","cm.ria.ru","","","dns[5]:route","zapret-ru-domains","DIRECT","DIRECT","DNS/HTTPS","1785483079407003","1"
"russia","ria","dns","cm.ria.ru","hmac-sha256:d3404d91de12c198d65ec9d48dc31252","IPv4","dns[5]:route","zapret-ru-domains","DIRECT","DIRECT","DNS/A","1785483079407003","1"
"russia","ria","route","cm.ria.ru","hmac-sha256:d3404d91de12c198d65ec9d48dc31252","IPv4","route[8]:route","zapret-ru-domains","DIRECT","DIRECT","TLS/TCP","1785483079407003","2"
"russia","ria","dns","yastatic.net","","","dns[3]:route","zeon-ru-yandex","DIRECT","DIRECT","DNS/AAAA","1785483079407003","1"
"russia","ria","dns","yastatic.net","","","dns[3]:route","zeon-ru-yandex","DIRECT","DIRECT","DNS/HTTPS","1785483079407003","1"
"russia","ria","dns","yastatic.net","hmac-sha256:97a22d4efb59331b7da73906ccc4eddd","IPv4","dns[3]:route","zeon-ru-yandex","DIRECT","DIRECT","DNS/A","1785483079407003","1"
"russia","ria","route","yastatic.net","hmac-sha256:97a22d4efb59331b7da73906ccc4eddd","IPv4","route[6]:route","zeon-ru-yandex","DIRECT","DIRECT","TLS/TCP","1785483079407003","2"
"russia","ria","dns","nfw.ria.ru","","","dns[5]:route","zapret-ru-domains","DIRECT","DIRECT","DNS/AAAA","1785483079407003","1"
"russia","ria","dns","ad.mail.ru","","","dns[2]:predefined","ru-adlist-hardcoded,geosite-ads,geosite-malware,geosite-phishing,geosite-cryptominers","BLOCK","BLOCK","DNS/HTTPS","1785483079407003","4"
"russia","ria","dns","ad.mail.ru","","","dns[2]:predefined","ru-adlist-hardcoded,geosite-ads,geosite-malware,geosite-phishing,geosite-cryptominers","BLOCK","BLOCK","DNS/AAAA","1785483079407003","8"
"russia","ria","dns","ad.mail.ru","","","dns[2]:predefined","ru-adlist-hardcoded,geosite-ads,geosite-malware,geosite-phishing,geosite-cryptominers","BLOCK","BLOCK","DNS/A","1785483079407003","8"
"russia","ria","dns","nfw.ria.ru","hmac-sha256:51ec758d4a994ea58a38b131a32e6797","IPv4","dns[5]:route","zapret-ru-domains","DIRECT","DIRECT","DNS/A","1785483079407003","1"
"russia","ria","dns","nfw.ria.ru","","","dns[5]:route","zapret-ru-domains","DIRECT","DIRECT","DNS/HTTPS","1785483079407003","1"
"russia","ria","route","nfw.ria.ru","hmac-sha256:51ec758d4a994ea58a38b131a32e6797","IPv4","route[8]:route","zapret-ru-domains","DIRECT","DIRECT","TLS/TCP","1785483079407003","1"
"russia","ria","dns","avatars.mds.yandex.net","hmac-sha256:d655ac67da1418e47e8f5c50e1965566","IPv4","dns[3]:route","zeon-ru-yandex","DIRECT","DIRECT","DNS/A","1785483079407003","1"
"russia","ria","dns","avatars.mds.yandex.net","hmac-sha256:ab2bfba4b99e2bcffc244ead70ff0e89","IPv4","dns[3]:route","zeon-ru-yandex","DIRECT","DIRECT","DNS/A","1785483079407003","1"
"russia","ria","dns","avatars.mds.yandex.net","hmac-sha256:7219c7a302ec2304e909eb1f43d8223b","IPv4","dns[3]:route","zeon-ru-yandex","DIRECT","DIRECT","DNS/A","1785483079407003","1"
"russia","ria","dns","avatars.mds.yandex.net","","","dns[3]:route","zeon-ru-yandex","DIRECT","DIRECT","DNS/HTTPS","1785483079407003","1"
"russia","ria","dns","avatars.mds.yandex.net","","","dns[3]:route","zeon-ru-yandex","DIRECT","DIRECT","DNS/AAAA","1785483079407003","1"
"russia","ria","route","avatars.mds.yandex.net","hmac-sha256:d655ac67da1418e47e8f5c50e1965566","IPv4","route[6]:route","zeon-ru-yandex","DIRECT","DIRECT","TLS/TCP","1785483079407003","1"
"russia","ria","dns","favicon.yandex.net","","","dns[3]:route","zeon-ru-yandex","DIRECT","DIRECT","DNS/AAAA","1785483079407003","1"
"russia","ria","dns","favicon.yandex.net","hmac-sha256:d093416b75a2580f4efd2b3cd9b602e8","IPv4","dns[3]:route","zeon-ru-yandex","DIRECT","DIRECT","DNS/A","1785483079407003","1"
"russia","ria","dns","favicon.yandex.net","","","dns[3]:route","zeon-ru-yandex","DIRECT","DIRECT","DNS/HTTPS","1785483079407003","1"
"russia","ria","dns","favicon.yandex.net","hmac-sha256:748344de0d63b18fc9060a6876447243","IPv4","dns[3]:route","zeon-ru-yandex","DIRECT","DIRECT","DNS/A","1785483079407003","1"
"russia","ria","dns","favicon.yandex.net","hmac-sha256:913f5e93b206925c730bfb87fd848432","IPv4","dns[3]:route","zeon-ru-yandex","DIRECT","DIRECT","DNS/A","1785483079407003","1"
"russia","ria","dns","favicon.yandex.net","hmac-sha256:420584a1b2093ae7e0dd6db1bf17b4d3","IPv4","dns[3]:route","zeon-ru-yandex","DIRECT","DIRECT","DNS/A","1785483079407003","1"
"russia","ria","route","favicon.yandex.net","hmac-sha256:d093416b75a2580f4efd2b3cd9b602e8","IPv4","route[6]:route","zeon-ru-yandex","DIRECT","DIRECT","TLS/TCP","1785483079407003","5"
"russia","ria","dns","log.strm.yandex.ru","","","dns[2]:predefined","ru-adlist-hardcoded,geosite-ads,geosite-malware,geosite-phishing,geosite-cryptominers","BLOCK","BLOCK","DNS/HTTPS","1785483079407003","12"
"russia","ria","dns","log.strm.yandex.ru","","","dns[2]:predefined","ru-adlist-hardcoded,geosite-ads,geosite-malware,geosite-phishing,geosite-cryptominers","BLOCK","BLOCK","DNS/AAAA","1785483079407003","24"
"russia","ria","dns","log.strm.yandex.ru","","","dns[2]:predefined","ru-adlist-hardcoded,geosite-ads,geosite-malware,geosite-phishing,geosite-cryptominers","BLOCK","BLOCK","DNS/A","1785483079407003","24"
"russia","ria","dns","strm.yandex.ru","","","dns[3]:route","zeon-ru-yandex","DIRECT","DIRECT","DNS/AAAA","1785483079407003","1"
"russia","ria","dns","strm.yandex.ru","hmac-sha256:a5b87834df9ff337437efa3c5f4d4de8","IPv4","dns[3]:route","zeon-ru-yandex","DIRECT","DIRECT","DNS/A","1785483079407003","1"
"russia","ria","dns","strm.yandex.ru","","","dns[3]:route","zeon-ru-yandex","DIRECT","DIRECT","DNS/HTTPS","1785483079407003","1"
"russia","ria","route","strm.yandex.ru","hmac-sha256:a5b87834df9ff337437efa3c5f4d4de8","IPv4","route[6]:route","zeon-ru-yandex","DIRECT","DIRECT","TLS/TCP","1785483079407003","1"
"russia","ria","dns","ext-strm-rusam01rtk-01.strm.yandex.net","","","dns[3]:route","zeon-ru-yandex","DIRECT","DIRECT","DNS/AAAA","1785483079407003","1"
"russia","ria","dns","ext-strm-rusam01rtk-01.strm.yandex.net","hmac-sha256:a41abba93c49c8cbc0e2d8ccd1923f70","IPv4","dns[3]:route","zeon-ru-yandex","DIRECT","DIRECT","DNS/A","1785483079407003","1"
"russia","ria","dns","ext-strm-rusam01rtk-01.strm.yandex.net","","","dns[3]:route","zeon-ru-yandex","DIRECT","DIRECT","DNS/HTTPS","1785483079407003","1"
"russia","ria","route","ext-strm-rusam01rtk-01.strm.yandex.net","hmac-sha256:a41abba93c49c8cbc0e2d8ccd1923f70","IPv4","route[6]:route","zeon-ru-yandex","DIRECT","DIRECT","TLS/TCP","1785483079407003","3"
"russia","ria","dns","ext-strm-rusam02rtk-01.strm.yandex.net","","","dns[3]:route","zeon-ru-yandex","DIRECT","DIRECT","DNS/AAAA","1785483079407003","1"
"russia","ria","dns","ext-strm-rusam02rtk-01.strm.yandex.net","","","dns[3]:route","zeon-ru-yandex","DIRECT","DIRECT","DNS/HTTPS","1785483079407003","1"
"russia","ria","dns","ext-strm-rusam02rtk-01.strm.yandex.net","hmac-sha256:6d5a51b91ffdb2badde456ef6ae47779","IPv4","dns[3]:route","zeon-ru-yandex","DIRECT","DIRECT","DNS/A","1785483079407003","1"
"russia","ria","route","ext-strm-rusam02rtk-01.strm.yandex.net","hmac-sha256:6d5a51b91ffdb2badde456ef6ae47779","IPv4","route[6]:route","zeon-ru-yandex","DIRECT","DIRECT","TLS/TCP","1785483079407003","1"
"russia","ria","route","cbr.ru","hmac-sha256:e2494572cce0735628ecc3886e8e812a","IPv4","route[8]:route","zapret-ru-domains","DIRECT","DIRECT","TLS/TCP","1785483079407003","1"
"russia","lenta","dns","lenta.ru","","","dns[5]:route","zapret-ru-domains","DIRECT","DIRECT","DNS/AAAA","1785483079407003","4"
"russia","lenta","dns","lenta.ru","","","dns[5]:route","zapret-ru-domains","DIRECT","DIRECT","DNS/HTTPS","1785483079407003","1"
"russia","lenta","dns","lenta.ru","hmac-sha256:083bfe045e04b698a8e76cd55eea3199","IPv4","dns[5]:route","zapret-ru-domains","DIRECT","DIRECT","DNS/A","1785483079407003","4"
"russia","lenta","dns","lenta.ru","hmac-sha256:86a0d128f26383dd8f232f2b2ac0edc5","IPv4","dns[5]:route","zapret-ru-domains","DIRECT","DIRECT","DNS/A","1785483079407003","4"
"russia","lenta","dns","lenta.ru","hmac-sha256:477981296d7828149cfa736ee5b5a7ab","IPv4","dns[5]:route","zapret-ru-domains","DIRECT","DIRECT","DNS/A","1785483079407003","4"
"russia","lenta","route","lenta.ru","hmac-sha256:083bfe045e04b698a8e76cd55eea3199","IPv4","route[8]:route","zapret-ru-domains","DIRECT","DIRECT","TLS/TCP","1785483079407003","2"
"russia","lenta","dns","icdn.lenta.ru","","","dns[5]:route","zapret-ru-domains","DIRECT","DIRECT","DNS/AAAA","1785483079407003","1"
"russia","lenta","dns","icdn.lenta.ru","","","dns[5]:route","zapret-ru-domains","DIRECT","DIRECT","DNS/HTTPS","1785483079407003","1"
"russia","lenta","dns","icdn.lenta.ru","hmac-sha256:86a0d128f26383dd8f232f2b2ac0edc5","IPv4","dns[5]:route","zapret-ru-domains","DIRECT","DIRECT","DNS/A","1785483079407003","1"
"russia","lenta","dns","icdn.lenta.ru","hmac-sha256:477981296d7828149cfa736ee5b5a7ab","IPv4","dns[5]:route","zapret-ru-domains","DIRECT","DIRECT","DNS/A","1785483079407003","1"
"russia","lenta","dns","icdn.lenta.ru","hmac-sha256:083bfe045e04b698a8e76cd55eea3199","IPv4","dns[5]:route","zapret-ru-domains","DIRECT","DIRECT","DNS/A","1785483079407003","1"
"russia","lenta","route","icdn.lenta.ru","hmac-sha256:86a0d128f26383dd8f232f2b2ac0edc5","IPv4","route[8]:route","zapret-ru-domains","DIRECT","DIRECT","TLS/TCP","1785483079407003","2"
"russia","lenta","dns","yandex.ru","hmac-sha256:bb555a46eeb51789d7deef0e34749c23","IPv4","dns[3]:route","zeon-ru-yandex","DIRECT","DIRECT","DNS/A","1785483079407003","1"
"russia","lenta","dns","yandex.ru","hmac-sha256:7d82be72df8019e88de8bfbf3db041a8","IPv4","dns[3]:route","zeon-ru-yandex","DIRECT","DIRECT","DNS/A","1785483079407003","1"
"russia","lenta","dns","yandex.ru","hmac-sha256:83171d37ebdd9b2a298ff52f2e51e3f1","IPv4","dns[3]:route","zeon-ru-yandex","DIRECT","DIRECT","DNS/A","1785483079407003","1"
"russia","lenta","dns","yandex.ru","","","dns[3]:route","zeon-ru-yandex","DIRECT","DIRECT","DNS/AAAA","1785483079407003","1"
"russia","lenta","dns","yandex.ru","","","dns[3]:route","zeon-ru-yandex","DIRECT","DIRECT","DNS/HTTPS","1785483079407003","1"
"russia","lenta","route","yandex.ru","hmac-sha256:bb555a46eeb51789d7deef0e34749c23","IPv4","route[6]:route","zeon-ru-yandex","DIRECT","DIRECT","TLS/TCP","1785483079407003","1"
"russia","lenta","dns","id.sber.ru","","","dns[5]:route","zapret-ru-domains","DIRECT","DIRECT","DNS/HTTPS","1785483079407003","2"
"russia","lenta","dns","id.sber.ru","hmac-sha256:7ad1edb486688f957399a7e3d01c6218","IPv4","dns[5]:route","zapret-ru-domains","DIRECT","DIRECT","DNS/A","1785483079407003","4"
"russia","lenta","dns","id.sber.ru","","","dns[5]:route","zapret-ru-domains","DIRECT","DIRECT","DNS/AAAA","1785483079407003","4"
"russia","lenta","dns","top-fwz1.mail.ru","","","dns[2]:predefined","ru-adlist-hardcoded,geosite-ads,geosite-malware,geosite-phishing,geosite-cryptominers","BLOCK","BLOCK","DNS/HTTPS","1785483079407003","8"
"russia","lenta","dns","top-fwz1.mail.ru","","","dns[2]:predefined","ru-adlist-hardcoded,geosite-ads,geosite-malware,geosite-phishing,geosite-cryptominers","BLOCK","BLOCK","DNS/AAAA","1785483079407003","15"
"russia","lenta","dns","top-fwz1.mail.ru","","","dns[2]:predefined","ru-adlist-hardcoded,geosite-ads,geosite-malware,geosite-phishing,geosite-cryptominers","BLOCK","BLOCK","DNS/A","1785483079407003","16"
"russia","lenta","route","id.sber.ru","hmac-sha256:7ad1edb486688f957399a7e3d01c6218","IPv4","route[8]:route","zapret-ru-domains","DIRECT","DIRECT","TLS/TCP","1785483079407003","4"
"russia","lenta","dns","visor.sberbank.ru","","","dns[2]:predefined","ru-adlist-hardcoded,geosite-ads,geosite-malware,geosite-phishing,geosite-cryptominers","BLOCK","BLOCK","DNS/HTTPS","1785483079407003","8"
"russia","lenta","dns","visor.sberbank.ru","","","dns[2]:predefined","ru-adlist-hardcoded,geosite-ads,geosite-malware,geosite-phishing,geosite-cryptominers","BLOCK","BLOCK","DNS/AAAA","1785483079407003","16"
"russia","lenta","dns","visor.sberbank.ru","","","dns[2]:predefined","ru-adlist-hardcoded,geosite-ads,geosite-malware,geosite-phishing,geosite-cryptominers","BLOCK","BLOCK","DNS/A","1785483079407003","16"
"russia","lenta","dns","err.lenta.ru","","","dns[5]:route","zapret-ru-domains","DIRECT","DIRECT","DNS/AAAA","1785483079407003","1"
"russia","lenta","dns","yastatic.net","","","dns[3]:route","zeon-ru-yandex","DIRECT","DIRECT","DNS/HTTPS","1785483079407003","1"
"russia","lenta","dns","yastatic.net","","","dns[3]:route","zeon-ru-yandex","DIRECT","DIRECT","DNS/AAAA","1785483079407003","1"
"russia","lenta","dns","yastatic.net","hmac-sha256:97a22d4efb59331b7da73906ccc4eddd","IPv4","dns[3]:route","zeon-ru-yandex","DIRECT","DIRECT","DNS/A","1785483079407003","1"
"russia","lenta","dns","mc.yandex.ru","","","dns[2]:predefined","ru-adlist-hardcoded,geosite-ads,geosite-malware,geosite-phishing,geosite-cryptominers","BLOCK","BLOCK","DNS/A","1785483079407003","8"
"russia","lenta","dns","mc.yandex.ru","","","dns[2]:predefined","ru-adlist-hardcoded,geosite-ads,geosite-malware,geosite-phishing,geosite-cryptominers","BLOCK","BLOCK","DNS/AAAA","1785483079407003","8"
"russia","lenta","dns","mc.yandex.ru","","","dns[2]:predefined","ru-adlist-hardcoded,geosite-ads,geosite-malware,geosite-phishing,geosite-cryptominers","BLOCK","BLOCK","DNS/HTTPS","1785483079407003","4"
"russia","lenta","dns","avatars.mds.yandex.net","","","dns[3]:route","zeon-ru-yandex","DIRECT","DIRECT","DNS/AAAA","1785483079407003","1"
"russia","lenta","dns","avatars.mds.yandex.net","hmac-sha256:d655ac67da1418e47e8f5c50e1965566","IPv4","dns[3]:route","zeon-ru-yandex","DIRECT","DIRECT","DNS/A","1785483079407003","1"
"russia","lenta","dns","avatars.mds.yandex.net","hmac-sha256:ab2bfba4b99e2bcffc244ead70ff0e89","IPv4","dns[3]:route","zeon-ru-yandex","DIRECT","DIRECT","DNS/A","1785483079407003","1"
"russia","lenta","dns","avatars.mds.yandex.net","hmac-sha256:7219c7a302ec2304e909eb1f43d8223b","IPv4","dns[3]:route","zeon-ru-yandex","DIRECT","DIRECT","DNS/A","1785483079407003","1"
"russia","lenta","route","yastatic.net","hmac-sha256:97a22d4efb59331b7da73906ccc4eddd","IPv4","route[6]:route","zeon-ru-yandex","DIRECT","DIRECT","TLS/TCP","1785483079407003","7"
"russia","lenta","dns","avatars.mds.yandex.net","","","dns[3]:route","zeon-ru-yandex","DIRECT","DIRECT","DNS/HTTPS","1785483079407003","1"
"russia","lenta","route","avatars.mds.yandex.net","hmac-sha256:d655ac67da1418e47e8f5c50e1965566","IPv4","route[6]:route","zeon-ru-yandex","DIRECT","DIRECT","TLS/TCP","1785483079407003","1"
"russia","lenta","dns","err.lenta.ru","","","dns[5]:route","zapret-ru-domains","DIRECT","DIRECT","DNS/HTTPS","1785483079407003","1"
"russia","lenta","dns","err.lenta.ru","hmac-sha256:cbebc39e07576bd8df2f2b0728ec2b3e","IPv4","dns[5]:route","zapret-ru-domains","DIRECT","DIRECT","DNS/A","1785483079407003","1"
"russia","lenta","dns","err.lenta.ru","hmac-sha256:5e5e4c97676b34483cfaa3d771974792","IPv4","dns[5]:route","zapret-ru-domains","DIRECT","DIRECT","DNS/A","1785483079407003","1"
"russia","lenta","dns","err.lenta.ru","hmac-sha256:8b2db01c1d11af64ee2ef449bab52a8d","IPv4","dns[5]:route","zapret-ru-domains","DIRECT","DIRECT","DNS/A","1785483079407003","1"
"russia","lenta","route","err.lenta.ru","hmac-sha256:cbebc39e07576bd8df2f2b0728ec2b3e","IPv4","route[8]:route","zapret-ru-domains","DIRECT","DIRECT","TLS/TCP","1785483079407003","3"
"russia","lenta","dns","api.lenta.ru","","","dns[5]:route","zapret-ru-domains","DIRECT","DIRECT","DNS/AAAA","1785483079407003","1"
"russia","lenta","dns","api.lenta.ru","","","dns[5]:route","zapret-ru-domains","DIRECT","DIRECT","DNS/HTTPS","1785483079407003","1"
"russia","lenta","dns","api.lenta.ru","hmac-sha256:083bfe045e04b698a8e76cd55eea3199","IPv4","dns[5]:route","zapret-ru-domains","DIRECT","DIRECT","DNS/A","1785483079407003","1"
"russia","lenta","dns","api.lenta.ru","hmac-sha256:86a0d128f26383dd8f232f2b2ac0edc5","IPv4","dns[5]:route","zapret-ru-domains","DIRECT","DIRECT","DNS/A","1785483079407003","1"
"russia","lenta","dns","api.lenta.ru","hmac-sha256:477981296d7828149cfa736ee5b5a7ab","IPv4","dns[5]:route","zapret-ru-domains","DIRECT","DIRECT","DNS/A","1785483079407003","1"
"russia","lenta","dns","ext.clickstream.sberbank.ru","","","dns[2]:predefined","ru-adlist-hardcoded,geosite-ads,geosite-malware,geosite-phishing,geosite-cryptominers","BLOCK","BLOCK","DNS/HTTPS","1785483079407003","8"
"russia","lenta","dns","ext.clickstream.sberbank.ru","","","dns[2]:predefined","ru-adlist-hardcoded,geosite-ads,geosite-malware,geosite-phishing,geosite-cryptominers","BLOCK","BLOCK","DNS/AAAA","1785483079407003","16"
"russia","lenta","dns","ext.clickstream.sberbank.ru","","","dns[2]:predefined","ru-adlist-hardcoded,geosite-ads,geosite-malware,geosite-phishing,geosite-cryptominers","BLOCK","BLOCK","DNS/A","1785483079407003","16"
"russia","ru_public_exit","dns","2ip.ru","","","dns[5]:route","zapret-ru-domains","DIRECT","DIRECT","DNS/AAAA","1785493225999745","2"
"russia","ru_public_exit","dns","2ip.ru","","","dns[5]:route","zapret-ru-domains","DIRECT","DIRECT","DNS/HTTPS","1785493225999745","1"
"russia","ru_public_exit","dns","2ip.ru","hmac-sha256:f907c0c057e8ef35417c973611d50584","IPv4","dns[5]:route","zapret-ru-domains","DIRECT","DIRECT","DNS/A","1785493225999745","2"
"russia","ru_public_exit","route","2ip.ru","hmac-sha256:f907c0c057e8ef35417c973611d50584","IPv4","route[8]:route","zapret-ru-domains","DIRECT","DIRECT","TLS/TCP","1785493225999745","1"
"russia","global_public_exit","dns","ipinfo.io","","","dns[6]:route","","VPN","REMOTE","DNS/AAAA","1785493225999745","2"
"russia","global_public_exit","dns","ipinfo.io","","","dns[6]:route","","VPN","REMOTE","DNS/HTTPS","1785493225999745","1"
"russia","global_public_exit","dns","ipinfo.io","hmac-sha256:401079787fb5daba00679237dd565757","IPv4","dns[6]:route","","VPN","REMOTE","DNS/A","1785493225999745","2"
"russia","global_public_exit","route","ipinfo.io","hmac-sha256:401079787fb5daba00679237dd565757","IPv4","final","","VPN","REMOTE","QUIC/UDP","1785493225999745","1"
"russia","global_public_exit","dns","website-cdn.assets.ipinfo.io","hmac-sha256:95acff981b20e4695992e1a2dc5e3b19","IPv4","dns[6]:route","","VPN","REMOTE","DNS/HTTPS","1785493225999745","1"
"russia","global_public_exit","dns","website-cdn.assets.ipinfo.io","hmac-sha256:e418bcd4cc212c00db949eb4bcdf7403","IPv4","dns[6]:route","","VPN","REMOTE","DNS/HTTPS","1785493225999745","1"
"russia","global_public_exit","dns","website-cdn.assets.ipinfo.io","hmac-sha256:8b1ca6e1f4379906228c67dde6b4a0b2","IPv6","dns[6]:route","","VPN","REMOTE","DNS/HTTPS","1785493225999745","1"
"russia","global_public_exit","dns","website-cdn.assets.ipinfo.io","hmac-sha256:97d9f5f9b004d802bbe228c7867d64ff","IPv6","dns[6]:route","","VPN","REMOTE","DNS/HTTPS","1785493225999745","1"
"russia","global_public_exit","dns","website-cdn.assets.ipinfo.io","hmac-sha256:97d9f5f9b004d802bbe228c7867d64ff","IPv6","dns[6]:route","","VPN","REMOTE","DNS/AAAA","1785493225999745","1"
"russia","global_public_exit","dns","website-cdn.assets.ipinfo.io","hmac-sha256:95acff981b20e4695992e1a2dc5e3b19","IPv4","dns[6]:route","","VPN","REMOTE","DNS/A","1785493225999745","1"
"russia","global_public_exit","dns","website-cdn.assets.ipinfo.io","hmac-sha256:8b1ca6e1f4379906228c67dde6b4a0b2","IPv6","dns[6]:route","","VPN","REMOTE","DNS/AAAA","1785493225999745","1"
"russia","global_public_exit","dns","website-cdn.assets.ipinfo.io","hmac-sha256:e418bcd4cc212c00db949eb4bcdf7403","IPv4","dns[6]:route","","VPN","REMOTE","DNS/A","1785493225999745","1"
"russia","global_public_exit","route","website-cdn.assets.ipinfo.io","hmac-sha256:97d9f5f9b004d802bbe228c7867d64ff","IPv6","final","","VPN","REMOTE","TLS/TCP","1785493225999745","6"
"russia","global_public_exit","dns","cdn.assets.ipinfo.io","hmac-sha256:e418bcd4cc212c00db949eb4bcdf7403","IPv4","dns[6]:route","","VPN","REMOTE","DNS/A","1785493225999745","1"
"russia","global_public_exit","dns","cdn.assets.ipinfo.io","hmac-sha256:8b1ca6e1f4379906228c67dde6b4a0b2","IPv6","dns[6]:route","","VPN","REMOTE","DNS/AAAA","1785493225999745","1"
"russia","global_public_exit","dns","cdn.assets.ipinfo.io","hmac-sha256:95acff981b20e4695992e1a2dc5e3b19","IPv4","dns[6]:route","","VPN","REMOTE","DNS/A","1785493225999745","1"
"russia","global_public_exit","dns","cdn.assets.ipinfo.io","hmac-sha256:97d9f5f9b004d802bbe228c7867d64ff","IPv6","dns[6]:route","","VPN","REMOTE","DNS/AAAA","1785493225999745","1"
"russia","global_public_exit","dns","cdn.assets.ipinfo.io","hmac-sha256:95acff981b20e4695992e1a2dc5e3b19","IPv4","dns[6]:route","","VPN","REMOTE","DNS/HTTPS","1785493225999745","1"
"russia","global_public_exit","dns","cdn.assets.ipinfo.io","hmac-sha256:e418bcd4cc212c00db949eb4bcdf7403","IPv4","dns[6]:route","","VPN","REMOTE","DNS/HTTPS","1785493225999745","1"
"russia","global_public_exit","dns","cdn.assets.ipinfo.io","hmac-sha256:8b1ca6e1f4379906228c67dde6b4a0b2","IPv6","dns[6]:route","","VPN","REMOTE","DNS/HTTPS","1785493225999745","1"
"russia","global_public_exit","dns","cdn.assets.ipinfo.io","hmac-sha256:97d9f5f9b004d802bbe228c7867d64ff","IPv6","dns[6]:route","","VPN","REMOTE","DNS/HTTPS","1785493225999745","1"
"russia","global_public_exit","route","cdn.assets.ipinfo.io","hmac-sha256:8b1ca6e1f4379906228c67dde6b4a0b2","IPv6","final","","VPN","REMOTE","TLS/TCP","1785493225999745","2"
"russia","ipv6","dns","test-ipv6.com","","","dns[6]:route","","VPN","REMOTE","DNS/AAAA","1785493225999745","2"
"russia","ipv6","dns","test-ipv6.com","","","dns[6]:route","","VPN","REMOTE","DNS/HTTPS","1785493225999745","1"
"russia","ipv6","dns","test-ipv6.com","hmac-sha256:70da41b7b240761cb45839faec3ca590","IPv4","dns[6]:route","","VPN","REMOTE","DNS/A","1785493225999745","2"
"russia","ipv6","route","test-ipv6.com","hmac-sha256:70da41b7b240761cb45839faec3ca590","IPv4","final","","VPN","REMOTE","TLS/TCP","1785493225999745","2"
"russia","ipv6","dns","ipv6.lookup.test-ipv6.com","","","dns[6]:route","","VPN","REMOTE","DNS/A","1785493225999745","1"
"russia","ipv6","dns","ipv6.lookup.test-ipv6.com","hmac-sha256:6b67ab20b3f2a801259b9365004d4b2a","IPv6","dns[6]:route","","VPN","REMOTE","DNS/AAAA","1785493225999745","1"
"russia","ipv6","dns","ipv4.singapore.test-ipv6.com","","","dns[6]:route","","VPN","REMOTE","DNS/AAAA","1785493225999745","1"
"russia","ipv6","dns","ipv4.lookup.test-ipv6.com","","","dns[6]:route","","VPN","REMOTE","DNS/HTTPS","1785493225999745","1"
"russia","ipv6","dns","ipv6.lookup.test-ipv6.com","","","dns[6]:route","","VPN","REMOTE","DNS/HTTPS","1785493225999745","1"
"russia","ipv6","dns","ipv4.lookup.test-ipv6.com","hmac-sha256:5000fbd6cf61e0c86bf602864b2290d4","IPv4","dns[6]:route","","VPN","REMOTE","DNS/A","1785493225999745","1"
"russia","ipv6","dns","ipv6.singapore.test-ipv6.com","","","dns[6]:route","","VPN","REMOTE","DNS/HTTPS","1785493225999745","1"
"russia","ipv6","dns","ds.singapore.test-ipv6.com","hmac-sha256:1b4236b7ec77200cda49bf4650696c7a","IPv6","dns[6]:route","","VPN","REMOTE","DNS/AAAA","1785493225999745","1"
"russia","ipv6","dns","ipv4.singapore.test-ipv6.com","hmac-sha256:b30ad4c67b99f5a1b8fa8809c327fe93","IPv4","dns[6]:route","","VPN","REMOTE","DNS/A","1785493225999745","1"
"russia","ipv6","dns","ipv4.singapore.test-ipv6.com","","","dns[6]:route","","VPN","REMOTE","DNS/HTTPS","1785493225999745","1"
"russia","ipv6","dns","ipv4.lookup.test-ipv6.com","","","dns[6]:route","","VPN","REMOTE","DNS/AAAA","1785493225999745","1"
"russia","ipv6","dns","ipv6.singapore.test-ipv6.com","hmac-sha256:1b4236b7ec77200cda49bf4650696c7a","IPv6","dns[6]:route","","VPN","REMOTE","DNS/AAAA","1785493225999745","1"
"russia","ipv6","route","ipv4.lookup.test-ipv6.com","hmac-sha256:5000fbd6cf61e0c86bf602864b2290d4","IPv4","final","","VPN","REMOTE","TLS/TCP","1785493225999745","1"
"russia","ipv6","route","ipv4.singapore.test-ipv6.com","hmac-sha256:b30ad4c67b99f5a1b8fa8809c327fe93","IPv4","final","","VPN","REMOTE","TLS/TCP","1785493225999745","1"
"russia","ipv6","route","ipv6.lookup.test-ipv6.com","hmac-sha256:6b67ab20b3f2a801259b9365004d4b2a","IPv6","final","","VPN","REMOTE","TLS/TCP","1785493225999745","2"
"russia","ipv6","dns","ds.singapore.test-ipv6.com","hmac-sha256:b30ad4c67b99f5a1b8fa8809c327fe93","IPv4","dns[6]:route","","VPN","REMOTE","DNS/A","1785493225999745","1"
"russia","ipv6","dns","ds.singapore.test-ipv6.com","","","dns[6]:route","","VPN","REMOTE","DNS/HTTPS","1785493225999745","1"
"russia","ipv6","dns","mtu1280.singapore.test-ipv6.com","","","dns[6]:route","","VPN","REMOTE","DNS/HTTPS","1785493225999745","1"
"russia","ipv6","dns","mtu1280.singapore.test-ipv6.com","hmac-sha256:e39e1458b12083f1c64f817955613180","IPv6","dns[6]:route","","VPN","REMOTE","DNS/AAAA","1785493225999745","1"
"russia","ipv6","route","ds.singapore.test-ipv6.com","hmac-sha256:1b4236b7ec77200cda49bf4650696c7a","IPv6","final","","VPN","REMOTE","TLS/TCP","1785493225999745","8"
"russia","ipv6","dns","ipv6.singapore.test-ipv6.com","","","dns[6]:route","","VPN","REMOTE","DNS/A","1785493225999745","1"
"russia","ipv6","route","ipv6.singapore.test-ipv6.com","hmac-sha256:1b4236b7ec77200cda49bf4650696c7a","IPv6","final","","VPN","REMOTE","TLS/TCP","1785493225999745","4"
"russia","ipv6","dns","ds.v6ns.singapore.test-ipv6.com","","","dns[6]:route","","VPN","REMOTE","DNS/HTTPS","1785493225999745","1"
"russia","ipv6","dns","mtu1280.singapore.test-ipv6.com","","","dns[6]:route","","VPN","REMOTE","DNS/A","1785493225999745","1"
"russia","ipv6","route","mtu1280.singapore.test-ipv6.com","hmac-sha256:e39e1458b12083f1c64f817955613180","IPv6","final","","VPN","REMOTE","TLS/TCP","1785493225999745","4"
"russia","ipv6","dns","ds.v6ns.singapore.test-ipv6.com","hmac-sha256:1b4236b7ec77200cda49bf4650696c7a","IPv6","dns[6]:route","","VPN","REMOTE","DNS/AAAA","1785493225999745","1"
"russia","ipv6","dns","ds.v6ns.singapore.test-ipv6.com","hmac-sha256:b30ad4c67b99f5a1b8fa8809c327fe93","IPv4","dns[6]:route","","VPN","REMOTE","DNS/A","1785493225999745","1"
"russia","ipv6","route","ds.v6ns.singapore.test-ipv6.com","hmac-sha256:1b4236b7ec77200cda49bf4650696c7a","IPv6","final","","VPN","REMOTE","TLS/TCP","1785493225999745","4"
"russia","dns_region","dns","browserleaks.com","hmac-sha256:14a5570af44904eaaca25ba55b63fc5d","IPv4","dns[6]:route","","VPN","REMOTE","DNS/A","1785493225999745","2"
"russia","dns_region","dns","browserleaks.com","","","dns[6]:route","","VPN","REMOTE","DNS/AAAA","1785493225999745","2"
"russia","dns_region","dns","browserleaks.com","","","dns[6]:route","","VPN","REMOTE","DNS/HTTPS","1785493225999745","1"
"russia","dns_region","route","browserleaks.com","hmac-sha256:14a5570af44904eaaca25ba55b63fc5d","IPv4","final","","VPN","REMOTE","TLS/TCP","1785493225999745","1"
"russia","webrtc","dns","browserleaks.com","","","dns[6]:route","","VPN","REMOTE","DNS/AAAA","1785493225999745","2"
"russia","webrtc","dns","browserleaks.com","hmac-sha256:14a5570af44904eaaca25ba55b63fc5d","IPv4","dns[6]:route","","VPN","REMOTE","DNS/A","1785493225999745","2"
"russia","webrtc","dns","browserleaks.com","","","dns[6]:route","","VPN","REMOTE","DNS/HTTPS","1785493225999745","1"
"russia","webrtc","route","browserleaks.com","hmac-sha256:14a5570af44904eaaca25ba55b63fc5d","IPv4","final","","VPN","REMOTE","TLS/TCP","1785493225999745","1"
"russia","browser_consistency","dns","browserleaks.com","","","dns[6]:route","","VPN","REMOTE","DNS/HTTPS","1785493225999745","1"
"russia","browser_consistency","dns","browserleaks.com","","","dns[6]:route","","VPN","REMOTE","DNS/AAAA","1785493225999745","2"
"russia","browser_consistency","dns","browserleaks.com","hmac-sha256:14a5570af44904eaaca25ba55b63fc5d","IPv4","dns[6]:route","","VPN","REMOTE","DNS/A","1785493225999745","2"
"russia","browser_consistency","route","browserleaks.com","hmac-sha256:14a5570af44904eaaca25ba55b63fc5d","IPv4","final","","VPN","REMOTE","TLS/TCP","1785493225999745","1"
"russia","su_suffix","dns","ripn.su","","","dns[5]:route","zapret-ru-domains","DIRECT","DIRECT","DNS/AAAA","1785483079407003","4"
"russia","su_suffix","dns","ripn.su","","","dns[5]:route","zapret-ru-domains","DIRECT","DIRECT","DNS/HTTPS","1785483079407003","1"
"russia","su_suffix","dns","ripn.su","hmac-sha256:1e480530aa93c1d113eb4b2a357334b1","IPv4","dns[5]:route","zapret-ru-domains","DIRECT","DIRECT","DNS/A","1785483079407003","4"
"russia","su_suffix","route","ripn.su","hmac-sha256:1e480530aa93c1d113eb4b2a357334b1","IPv4","route[8]:route","zapret-ru-domains","DIRECT","DIRECT","TLS/TCP","1785483079407003","1"
"russia","su_suffix","dns","captcha-api.yandex.ru","","","dns[3]:route","zeon-ru-yandex","DIRECT","DIRECT","DNS/AAAA","1785483079407003","4"
"russia","su_suffix","dns","captcha-api.yandex.ru","hmac-sha256:df4d11166c8c14a51bb530393ed86052","IPv4","dns[3]:route","zeon-ru-yandex","DIRECT","DIRECT","DNS/A","1785483079407003","4"
"russia","su_suffix","dns","captcha-api.yandex.ru","","","dns[3]:route","zeon-ru-yandex","DIRECT","DIRECT","DNS/HTTPS","1785483079407003","2"
"russia","su_suffix","route","captcha-api.yandex.ru","hmac-sha256:df4d11166c8c14a51bb530393ed86052","IPv4","route[6]:route","zeon-ru-yandex","DIRECT","DIRECT","TLS/TCP","1785483079407003","2"
"russia","su_suffix","dns","mc.yandex.ru","","","dns[2]:predefined","ru-adlist-hardcoded,geosite-ads,geosite-malware,geosite-phishing,geosite-cryptominers","BLOCK","BLOCK","DNS/HTTPS","1785483079407003","8"
"russia","su_suffix","dns","mc.yandex.ru","","","dns[2]:predefined","ru-adlist-hardcoded,geosite-ads,geosite-malware,geosite-phishing,geosite-cryptominers","BLOCK","BLOCK","DNS/A","1785483079407003","16"
"russia","su_suffix","dns","mc.yandex.ru","","","dns[2]:predefined","ru-adlist-hardcoded,geosite-ads,geosite-malware,geosite-phishing,geosite-cryptominers","BLOCK","BLOCK","DNS/AAAA","1785483079407003","16"
"russia","su_suffix","dns","yastatic.net","","","dns[3]:route","zeon-ru-yandex","DIRECT","DIRECT","DNS/HTTPS","1785483079407003","1"
"russia","su_suffix","dns","yastatic.net","","","dns[3]:route","zeon-ru-yandex","DIRECT","DIRECT","DNS/AAAA","1785483079407003","1"
"russia","su_suffix","dns","yastatic.net","hmac-sha256:97a22d4efb59331b7da73906ccc4eddd","IPv4","dns[3]:route","zeon-ru-yandex","DIRECT","DIRECT","DNS/A","1785483079407003","1"
"russia","su_suffix","route","yastatic.net","hmac-sha256:97a22d4efb59331b7da73906ccc4eddd","IPv4","route[6]:route","zeon-ru-yandex","DIRECT","DIRECT","TLS/TCP","1785483079407003","1"
"russia","rf_suffix","dns","xn--80aa3ak5a.xn--p1ai","","","dns[5]:route","zapret-ru-domains","DIRECT","DIRECT","DNS/AAAA","1785483079407003","2"
"russia","rf_suffix","dns","xn--80aa3ak5a.xn--p1ai","","","dns[5]:route","zapret-ru-domains","DIRECT","DIRECT","DNS/HTTPS","1785483079407003","1"
"russia","rf_suffix","dns","xn--80aa3ak5a.xn--p1ai","hmac-sha256:2990fdba15630b1dcc38e22375109bc1","IPv4","dns[5]:route","zapret-ru-domains","DIRECT","DIRECT","DNS/A","1785483079407003","2"
"russia","rf_suffix","route","xn--80aa3ak5a.xn--p1ai","hmac-sha256:2990fdba15630b1dcc38e22375109bc1","IPv4","route[8]:route","zapret-ru-domains","DIRECT","DIRECT","TLS/TCP","1785483079407003","2"
"russia","rf_suffix","dns","mc.yandex.ru","","","dns[2]:predefined","ru-adlist-hardcoded,geosite-ads,geosite-malware,geosite-phishing,geosite-cryptominers","BLOCK","BLOCK","DNS/HTTPS","1785483079407003","4"
"russia","rf_suffix","dns","mc.yandex.ru","","","dns[2]:predefined","ru-adlist-hardcoded,geosite-ads,geosite-malware,geosite-phishing,geosite-cryptominers","BLOCK","BLOCK","DNS/A","1785483079407003","8"
"russia","rf_suffix","dns","mc.yandex.ru","","","dns[2]:predefined","ru-adlist-hardcoded,geosite-ads,geosite-malware,geosite-phishing,geosite-cryptominers","BLOCK","BLOCK","DNS/AAAA","1785483079407003","8"
"russia","rf_suffix","dns","top-fwz1.mail.ru","","","dns[2]:predefined","ru-adlist-hardcoded,geosite-ads,geosite-malware,geosite-phishing,geosite-cryptominers","BLOCK","BLOCK","DNS/A","1785483079407003","8"
"russia","rf_suffix","dns","top-fwz1.mail.ru","","","dns[2]:predefined","ru-adlist-hardcoded,geosite-ads,geosite-malware,geosite-phishing,geosite-cryptominers","BLOCK","BLOCK","DNS/AAAA","1785483079407003","8"
"russia","rf_suffix","dns","top-fwz1.mail.ru","","","dns[2]:predefined","ru-adlist-hardcoded,geosite-ads,geosite-malware,geosite-phishing,geosite-cryptominers","BLOCK","BLOCK","DNS/HTTPS","1785483079407003","4"
"russia","rf_suffix","route","cbr.ru","hmac-sha256:e2494572cce0735628ecc3886e8e812a","IPv4","route[8]:route","zapret-ru-domains","DIRECT","DIRECT","TLS/TCP","1785483079407003","1"
"global","gosuslugi","dns","report.appmetrica.yandex.net","","","dns[2]:predefined","ru-adlist-hardcoded,geosite-ads,geosite-malware,geosite-phishing,geosite-cryptominers","BLOCK","BLOCK","DNS/AAAA","1785483079407005","2"
"global","gosuslugi","dns","report.appmetrica.yandex.net","","","dns[2]:predefined","ru-adlist-hardcoded,geosite-ads,geosite-malware,geosite-phishing,geosite-cryptominers","BLOCK","BLOCK","DNS/A","1785483079407005","2"
"global","gosuslugi","dns","www.sberbank.ru","","","dns[3]:route","","VPN","REMOTE","DNS/AAAA","1785483079407005","4"
"global","gosuslugi","dns","www.sberbank.ru","","","dns[3]:route","","VPN","REMOTE","DNS/HTTPS","1785483079407005","1"
"global","gosuslugi","dns","www.sberbank.ru","hmac-sha256:8908d5a743c7c9e2755d8c7649940c98","IPv4","dns[3]:route","","VPN","REMOTE","DNS/A","1785483079407005","4"
"global","gosuslugi","route","www.sberbank.ru","hmac-sha256:8908d5a743c7c9e2755d8c7649940c98","IPv4","final","","VPN","REMOTE","TLS/TCP","1785483079407005","2"
"global","gosuslugi","dns","mc.yandex.ru","","","dns[2]:predefined","ru-adlist-hardcoded,geosite-ads,geosite-malware,geosite-phishing,geosite-cryptominers","BLOCK","BLOCK","DNS/HTTPS","1785483079407005","18"
"global","gosuslugi","dns","mc.yandex.ru","","","dns[2]:predefined","ru-adlist-hardcoded,geosite-ads,geosite-malware,geosite-phishing,geosite-cryptominers","BLOCK","BLOCK","DNS/AAAA","1785483079407005","36"
"global","gosuslugi","dns","mc.yandex.ru","","","dns[2]:predefined","ru-adlist-hardcoded,geosite-ads,geosite-malware,geosite-phishing,geosite-cryptominers","BLOCK","BLOCK","DNS/A","1785483079407005","36"
"global","gosuslugi","dns","ext.clickstream.sberbank.ru","","","dns[2]:predefined","ru-adlist-hardcoded,geosite-ads,geosite-malware,geosite-phishing,geosite-cryptominers","BLOCK","BLOCK","DNS/AAAA","1785483079407005","32"
"global","gosuslugi","dns","ext.clickstream.sberbank.ru","","","dns[2]:predefined","ru-adlist-hardcoded,geosite-ads,geosite-malware,geosite-phishing,geosite-cryptominers","BLOCK","BLOCK","DNS/HTTPS","1785483079407005","16"
"global","gosuslugi","dns","ext.clickstream.sberbank.ru","","","dns[2]:predefined","ru-adlist-hardcoded,geosite-ads,geosite-malware,geosite-phishing,geosite-cryptominers","BLOCK","BLOCK","DNS/A","1785483079407005","32"
"global","gosuslugi","dns","cms-res-web.online.sberbank.ru","hmac-sha256:206752a83141726ed2d81ba84f2d7254","IPv4","dns[3]:route","","VPN","REMOTE","DNS/A","1785483079407005","1"
"global","gosuslugi","dns","id.sber.ru","","","dns[3]:route","","VPN","REMOTE","DNS/HTTPS","1785483079407005","2"
"global","gosuslugi","dns","id.sber.ru","","","dns[3]:route","","VPN","REMOTE","DNS/AAAA","1785483079407005","3"
"global","gosuslugi","dns","cms-res-web.online.sberbank.ru","","","dns[3]:route","","VPN","REMOTE","DNS/HTTPS","1785483079407005","1"
"global","gosuslugi","dns","cms-res-web.online.sberbank.ru","","","dns[3]:route","","VPN","REMOTE","DNS/AAAA","1785483079407005","1"
"global","gosuslugi","dns","id.sber.ru","hmac-sha256:e350c1ba442133ff8df458190ff2b7cb","IPv4","dns[3]:route","","VPN","REMOTE","DNS/A","1785483079407005","3"
"global","gosuslugi","route","id.sber.ru","hmac-sha256:e350c1ba442133ff8df458190ff2b7cb","IPv4","final","","VPN","REMOTE","TLS/TCP","1785483079407005","3"
"global","gosuslugi","route","cms-res-web.online.sberbank.ru","hmac-sha256:206752a83141726ed2d81ba84f2d7254","IPv4","final","","VPN","REMOTE","TLS/TCP","1785483079407005","1"
"global","gosuslugi","dns","vk.com","hmac-sha256:cb80de3009db15e5e9ea02bc4e3ca287","IPv4","dns[3]:route","","VPN","REMOTE","DNS/A","1785483079407005","1"
"global","gosuslugi","dns","vk.com","hmac-sha256:ce5591aef86ca8963b851b08ba6f7ca9","IPv4","dns[3]:route","","VPN","REMOTE","DNS/A","1785483079407005","1"
"global","gosuslugi","dns","vk.com","hmac-sha256:d2d4339f5be3d9bca7134724463b3a5b","IPv4","dns[3]:route","","VPN","REMOTE","DNS/A","1785483079407005","1"
"global","gosuslugi","dns","vk.com","hmac-sha256:517d688a8b4129e5f9563199be420f1a","IPv4","dns[3]:route","","VPN","REMOTE","DNS/A","1785483079407005","1"
"global","gosuslugi","dns","vk.com","hmac-sha256:3936444b20e96f651dbe366a46881bbb","IPv4","dns[3]:route","","VPN","REMOTE","DNS/A","1785483079407005","1"
"global","gosuslugi","dns","vk.com","hmac-sha256:16cab3b11487410c23ad45a6550c67b7","IPv4","dns[3]:route","","VPN","REMOTE","DNS/A","1785483079407005","1"
"global","gosuslugi","dns","vk.com","","","dns[3]:route","","VPN","REMOTE","DNS/HTTPS","1785483079407005","1"
"global","gosuslugi","dns","vk.com","","","dns[3]:route","","VPN","REMOTE","DNS/AAAA","1785483079407005","1"
"global","gosuslugi","route","vk.com","hmac-sha256:cb80de3009db15e5e9ea02bc4e3ca287","IPv4","final","","VPN","REMOTE","TLS/TCP","1785483079407005","1"
"global","gosuslugi","dns","top-fwz1.mail.ru","","","dns[2]:predefined","ru-adlist-hardcoded,geosite-ads,geosite-malware,geosite-phishing,geosite-cryptominers","BLOCK","BLOCK","DNS/AAAA","1785483079407005","24"
"global","gosuslugi","dns","top-fwz1.mail.ru","","","dns[2]:predefined","ru-adlist-hardcoded,geosite-ads,geosite-malware,geosite-phishing,geosite-cryptominers","BLOCK","BLOCK","DNS/A","1785483079407005","24"
"global","gosuslugi","dns","top-fwz1.mail.ru","","","dns[2]:predefined","ru-adlist-hardcoded,geosite-ads,geosite-malware,geosite-phishing,geosite-cryptominers","BLOCK","BLOCK","DNS/HTTPS","1785483079407005","12"
"global","gosuslugi","dns","www.gosuslugi.ru","","","dns[3]:route","","VPN","REMOTE","DNS/HTTPS","1785483079407005","1"
"global","gosuslugi","dns","www.gosuslugi.ru","hmac-sha256:4ea893b0e1359450991f49cf9f02ed68","IPv4","dns[3]:route","","VPN","REMOTE","DNS/A","1785483079407005","2"
"global","gosuslugi","dns","www.gosuslugi.ru","hmac-sha256:19686c83be555a53a46b5bf5f7e7d61e","IPv4","dns[3]:route","","VPN","REMOTE","DNS/A","1785483079407005","2"
"global","gosuslugi","dns","www.gosuslugi.ru","","","dns[3]:route","","VPN","REMOTE","DNS/AAAA","1785483079407005","2"
"global","gosuslugi","route","www.gosuslugi.ru","hmac-sha256:4ea893b0e1359450991f49cf9f02ed68","IPv4","final","","VPN","REMOTE","TLS/TCP","1785483079407005","2"
"global","esia","dns","ext.clickstream.sberbank.ru","","","dns[2]:predefined","ru-adlist-hardcoded,geosite-ads,geosite-malware,geosite-phishing,geosite-cryptominers","BLOCK","BLOCK","DNS/HTTPS","1785483079407005","7"
"global","esia","dns","ext.clickstream.sberbank.ru","","","dns[2]:predefined","ru-adlist-hardcoded,geosite-ads,geosite-malware,geosite-phishing,geosite-cryptominers","BLOCK","BLOCK","DNS/AAAA","1785483079407005","15"
"global","esia","dns","ext.clickstream.sberbank.ru","","","dns[2]:predefined","ru-adlist-hardcoded,geosite-ads,geosite-malware,geosite-phishing,geosite-cryptominers","BLOCK","BLOCK","DNS/A","1785483079407005","16"
"global","esia","dns","esia.gosuslugi.ru","","","dns[3]:route","","VPN","REMOTE","DNS/AAAA","1785483079407005","2"
"global","esia","dns","esia.gosuslugi.ru","","","dns[3]:route","","VPN","REMOTE","DNS/HTTPS","1785483079407005","1"
"global","esia","dns","esia.gosuslugi.ru","hmac-sha256:3139ffc61cf971bf7f59f93a259b8a67","IPv4","dns[3]:route","","VPN","REMOTE","DNS/A","1785483079407005","2"
"global","esia","dns","esia.gosuslugi.ru","hmac-sha256:7942b37ddf74a57efe894674926fd104","IPv4","dns[3]:route","","VPN","REMOTE","DNS/A","1785483079407005","2"
"global","esia","route","esia.gosuslugi.ru","hmac-sha256:3139ffc61cf971bf7f59f93a259b8a67","IPv4","final","","VPN","REMOTE","TLS/TCP","1785483079407005","2"
"global","esia","dns","top-fwz1.mail.ru","","","dns[2]:predefined","ru-adlist-hardcoded,geosite-ads,geosite-malware,geosite-phishing,geosite-cryptominers","BLOCK","BLOCK","DNS/AAAA","1785483079407005","12"
"global","esia","dns","top-fwz1.mail.ru","","","dns[2]:predefined","ru-adlist-hardcoded,geosite-ads,geosite-malware,geosite-phishing,geosite-cryptominers","BLOCK","BLOCK","DNS/A","1785483079407005","12"
"global","esia","dns","top-fwz1.mail.ru","","","dns[2]:predefined","ru-adlist-hardcoded,geosite-ads,geosite-malware,geosite-phishing,geosite-cryptominers","BLOCK","BLOCK","DNS/HTTPS","1785483079407005","6"
"global","goskey","dns","ext.clickstream.sberbank.ru","","","dns[2]:predefined","ru-adlist-hardcoded,geosite-ads,geosite-malware,geosite-phishing,geosite-cryptominers","BLOCK","BLOCK","DNS/A","1785483079407005","16"
"global","goskey","dns","ext.clickstream.sberbank.ru","","","dns[2]:predefined","ru-adlist-hardcoded,geosite-ads,geosite-malware,geosite-phishing,geosite-cryptominers","BLOCK","BLOCK","DNS/HTTPS","1785483079407005","8"
"global","goskey","dns","ext.clickstream.sberbank.ru","","","dns[2]:predefined","ru-adlist-hardcoded,geosite-ads,geosite-malware,geosite-phishing,geosite-cryptominers","BLOCK","BLOCK","DNS/AAAA","1785483079407005","16"
"global","goskey","dns","goskey.ru","hmac-sha256:884a9212bd1976085d6e0f6dc98d6068","IPv4","dns[3]:route","","VPN","REMOTE","DNS/A","1785483079407005","2"
"global","goskey","dns","goskey.ru","","","dns[3]:route","","VPN","REMOTE","DNS/AAAA","1785483079407005","2"
"global","goskey","dns","goskey.ru","","","dns[3]:route","","VPN","REMOTE","DNS/HTTPS","1785483079407005","1"
"global","goskey","route","goskey.ru","hmac-sha256:884a9212bd1976085d6e0f6dc98d6068","IPv4","final","","VPN","REMOTE","TLS/TCP","1785483079407005","2"
"global","goskey","dns","mc.yandex.ru","","","dns[2]:predefined","ru-adlist-hardcoded,geosite-ads,geosite-malware,geosite-phishing,geosite-cryptominers","BLOCK","BLOCK","DNS/A","1785483079407005","8"
"global","goskey","dns","mc.yandex.ru","","","dns[2]:predefined","ru-adlist-hardcoded,geosite-ads,geosite-malware,geosite-phishing,geosite-cryptominers","BLOCK","BLOCK","DNS/HTTPS","1785483079407005","4"
"global","goskey","dns","mc.yandex.ru","","","dns[2]:predefined","ru-adlist-hardcoded,geosite-ads,geosite-malware,geosite-phishing,geosite-cryptominers","BLOCK","BLOCK","DNS/AAAA","1785483079407005","8"
"global","nalog","dns","ext.clickstream.sberbank.ru","","","dns[2]:predefined","ru-adlist-hardcoded,geosite-ads,geosite-malware,geosite-phishing,geosite-cryptominers","BLOCK","BLOCK","DNS/HTTPS","1785483079407005","4"
"global","nalog","dns","ext.clickstream.sberbank.ru","","","dns[2]:predefined","ru-adlist-hardcoded,geosite-ads,geosite-malware,geosite-phishing,geosite-cryptominers","BLOCK","BLOCK","DNS/A","1785483079407005","8"
"global","nalog","dns","ext.clickstream.sberbank.ru","","","dns[2]:predefined","ru-adlist-hardcoded,geosite-ads,geosite-malware,geosite-phishing,geosite-cryptominers","BLOCK","BLOCK","DNS/AAAA","1785483079407005","8"
"global","nalog","dns","www.nalog.gov.ru","","","dns[3]:route","","VPN","REMOTE","DNS/HTTPS","1785483079407005","1"
"global","nalog","dns","www.nalog.gov.ru","hmac-sha256:4abf95e7d218f1e24e0e8057d7af3c95","IPv4","dns[3]:route","","VPN","REMOTE","DNS/A","1785483079407005","2"
"global","nalog","dns","www.nalog.gov.ru","","","dns[3]:route","","VPN","REMOTE","DNS/AAAA","1785483079407005","2"
"global","nalog","dns","www.nalog.gov.ru","hmac-sha256:95252b6a8529e40bb986b72266af1da2","IPv4","dns[3]:route","","VPN","REMOTE","DNS/A","1785483079407005","2"
"global","nalog","route","www.nalog.gov.ru","hmac-sha256:4abf95e7d218f1e24e0e8057d7af3c95","IPv4","final","","VPN","REMOTE","TLS/TCP","1785483079407005","2"
"global","nalog","dns","pos.gosuslugi.ru","","","dns[3]:route","","VPN","REMOTE","DNS/AAAA","1785483079407005","1"
"global","nalog","dns","data.nalog.ru","","","dns[3]:route","","VPN","REMOTE","DNS/HTTPS","1785483079407005","1"
"global","nalog","dns","data.nalog.ru","hmac-sha256:95252b6a8529e40bb986b72266af1da2","IPv4","dns[3]:route","","VPN","REMOTE","DNS/A","1785483079407005","1"
"global","nalog","dns","data.nalog.ru","hmac-sha256:4abf95e7d218f1e24e0e8057d7af3c95","IPv4","dns[3]:route","","VPN","REMOTE","DNS/A","1785483079407005","1"
"global","nalog","dns","data.nalog.ru","","","dns[3]:route","","VPN","REMOTE","DNS/AAAA","1785483079407005","1"
"global","nalog","dns","pos.gosuslugi.ru","hmac-sha256:31e0c0a6314119f9fc039757df20d100","IPv4","dns[3]:route","","VPN","REMOTE","DNS/A","1785483079407005","1"
"global","nalog","dns","pos.gosuslugi.ru","","","dns[3]:route","","VPN","REMOTE","DNS/HTTPS","1785483079407005","1"
"global","nalog","dns","chat-bot.nalog.ru","","","dns[3]:route","","VPN","REMOTE","DNS/AAAA","1785483079407005","1"
"global","nalog","dns","chat-bot.nalog.ru","","","dns[3]:route","","VPN","REMOTE","DNS/HTTPS","1785483079407005","1"
"global","nalog","dns","chat-bot.nalog.ru","hmac-sha256:dc59f8cc1077987a2cb0f283092b567e","IPv4","dns[3]:route","","VPN","REMOTE","DNS/A","1785483079407005","1"
"global","nalog","route","pos.gosuslugi.ru","hmac-sha256:31e0c0a6314119f9fc039757df20d100","IPv4","final","","VPN","REMOTE","TLS/TCP","1785483079407005","2"
"global","nalog","route","data.nalog.ru","hmac-sha256:95252b6a8529e40bb986b72266af1da2","IPv4","final","","VPN","REMOTE","TLS/TCP","1785483079407005","6"
"global","nalog","route","chat-bot.nalog.ru","hmac-sha256:dc59f8cc1077987a2cb0f283092b567e","IPv4","final","","VPN","REMOTE","TLS/TCP","1785483079407005","3"
"global","nalog","dns","mc.yandex.ru","","","dns[2]:predefined","ru-adlist-hardcoded,geosite-ads,geosite-malware,geosite-phishing,geosite-cryptominers","BLOCK","BLOCK","DNS/AAAA","1785483079407005","24"
"global","nalog","dns","mc.yandex.ru","","","dns[2]:predefined","ru-adlist-hardcoded,geosite-ads,geosite-malware,geosite-phishing,geosite-cryptominers","BLOCK","BLOCK","DNS/A","1785483079407005","24"
"global","nalog","dns","mc.yandex.ru","","","dns[2]:predefined","ru-adlist-hardcoded,geosite-ads,geosite-malware,geosite-phishing,geosite-cryptominers","BLOCK","BLOCK","DNS/HTTPS","1785483079407005","12"
"global","mos","dns","report.appmetrica.yandex.net","","","dns[2]:predefined","ru-adlist-hardcoded,geosite-ads,geosite-malware,geosite-phishing,geosite-cryptominers","BLOCK","BLOCK","DNS/AAAA","1785483079407005","2"
"global","mos","dns","report.appmetrica.yandex.net","","","dns[2]:predefined","ru-adlist-hardcoded,geosite-ads,geosite-malware,geosite-phishing,geosite-cryptominers","BLOCK","BLOCK","DNS/A","1785483079407005","2"
"global","mos","dns","www.sberbank.ru","","","dns[3]:route","","VPN","REMOTE","DNS/HTTPS","1785483079407005","1"
"global","mos","dns","www.sberbank.ru","","","dns[3]:route","","VPN","REMOTE","DNS/AAAA","1785483079407005","4"
"global","mos","dns","www.sberbank.ru","hmac-sha256:8908d5a743c7c9e2755d8c7649940c98","IPv4","dns[3]:route","","VPN","REMOTE","DNS/A","1785483079407005","4"
"global","mos","route","www.sberbank.ru","hmac-sha256:8908d5a743c7c9e2755d8c7649940c98","IPv4","final","","VPN","REMOTE","TLS/TCP","1785483079407005","2"
"global","mos","dns","mc.yandex.ru","","","dns[2]:predefined","ru-adlist-hardcoded,geosite-ads,geosite-malware,geosite-phishing,geosite-cryptominers","BLOCK","BLOCK","DNS/HTTPS","1785483079407005","18"
"global","mos","dns","mc.yandex.ru","","","dns[2]:predefined","ru-adlist-hardcoded,geosite-ads,geosite-malware,geosite-phishing,geosite-cryptominers","BLOCK","BLOCK","DNS/AAAA","1785483079407005","36"
"global","mos","dns","mc.yandex.ru","","","dns[2]:predefined","ru-adlist-hardcoded,geosite-ads,geosite-malware,geosite-phishing,geosite-cryptominers","BLOCK","BLOCK","DNS/A","1785483079407005","36"
"global","mos","dns","vk.com","","","dns[3]:route","","VPN","REMOTE","DNS/HTTPS","1785483079407005","1"
"global","mos","dns","vk.com","","","dns[3]:route","","VPN","REMOTE","DNS/AAAA","1785483079407005","1"
"global","mos","dns","vk.com","hmac-sha256:cb80de3009db15e5e9ea02bc4e3ca287","IPv4","dns[3]:route","","VPN","REMOTE","DNS/A","1785483079407005","1"
"global","mos","dns","vk.com","hmac-sha256:ce5591aef86ca8963b851b08ba6f7ca9","IPv4","dns[3]:route","","VPN","REMOTE","DNS/A","1785483079407005","1"
"global","mos","dns","vk.com","hmac-sha256:d2d4339f5be3d9bca7134724463b3a5b","IPv4","dns[3]:route","","VPN","REMOTE","DNS/A","1785483079407005","1"
"global","mos","dns","vk.com","hmac-sha256:517d688a8b4129e5f9563199be420f1a","IPv4","dns[3]:route","","VPN","REMOTE","DNS/A","1785483079407005","1"
"global","mos","dns","vk.com","hmac-sha256:3936444b20e96f651dbe366a46881bbb","IPv4","dns[3]:route","","VPN","REMOTE","DNS/A","1785483079407005","1"
"global","mos","dns","vk.com","hmac-sha256:16cab3b11487410c23ad45a6550c67b7","IPv4","dns[3]:route","","VPN","REMOTE","DNS/A","1785483079407005","1"
"global","mos","route","vk.com","hmac-sha256:cb80de3009db15e5e9ea02bc4e3ca287","IPv4","final","","VPN","REMOTE","TLS/TCP","1785483079407005","1"
"global","mos","dns","top-fwz1.mail.ru","","","dns[2]:predefined","ru-adlist-hardcoded,geosite-ads,geosite-malware,geosite-phishing,geosite-cryptominers","BLOCK","BLOCK","DNS/A","1785483079407005","36"
"global","mos","dns","top-fwz1.mail.ru","","","dns[2]:predefined","ru-adlist-hardcoded,geosite-ads,geosite-malware,geosite-phishing,geosite-cryptominers","BLOCK","BLOCK","DNS/HTTPS","1785483079407005","18"
"global","mos","dns","top-fwz1.mail.ru","","","dns[2]:predefined","ru-adlist-hardcoded,geosite-ads,geosite-malware,geosite-phishing,geosite-cryptominers","BLOCK","BLOCK","DNS/AAAA","1785483079407005","36"
"global","mos","dns","ext.clickstream.sberbank.ru","","","dns[2]:predefined","ru-adlist-hardcoded,geosite-ads,geosite-malware,geosite-phishing,geosite-cryptominers","BLOCK","BLOCK","DNS/HTTPS","1785483079407005","30"
"global","mos","dns","ext.clickstream.sberbank.ru","","","dns[2]:predefined","ru-adlist-hardcoded,geosite-ads,geosite-malware,geosite-phishing,geosite-cryptominers","BLOCK","BLOCK","DNS/AAAA","1785483079407005","60"
"global","mos","dns","ext.clickstream.sberbank.ru","","","dns[2]:predefined","ru-adlist-hardcoded,geosite-ads,geosite-malware,geosite-phishing,geosite-cryptominers","BLOCK","BLOCK","DNS/A","1785483079407005","60"
"global","mos","dns","id.sber.ru","","","dns[3]:route","","VPN","REMOTE","DNS/HTTPS","1785483079407005","2"
"global","mos","dns","id.sber.ru","hmac-sha256:e350c1ba442133ff8df458190ff2b7cb","IPv4","dns[3]:route","","VPN","REMOTE","DNS/A","1785483079407005","3"
"global","mos","dns","cms-res-web.online.sberbank.ru","","","dns[3]:route","","VPN","REMOTE","DNS/AAAA","1785483079407005","1"
"global","mos","dns","id.sber.ru","","","dns[3]:route","","VPN","REMOTE","DNS/AAAA","1785483079407005","3"
"global","mos","dns","cms-res-web.online.sberbank.ru","hmac-sha256:206752a83141726ed2d81ba84f2d7254","IPv4","dns[3]:route","","VPN","REMOTE","DNS/A","1785483079407005","1"
"global","mos","dns","cms-res-web.online.sberbank.ru","","","dns[3]:route","","VPN","REMOTE","DNS/HTTPS","1785483079407005","1"
"global","mos","route","id.sber.ru","hmac-sha256:e350c1ba442133ff8df458190ff2b7cb","IPv4","final","","VPN","REMOTE","TLS/TCP","1785483079407005","3"
"global","mos","route","cms-res-web.online.sberbank.ru","hmac-sha256:206752a83141726ed2d81ba84f2d7254","IPv4","final","","VPN","REMOTE","TLS/TCP","1785483079407005","1"
"global","mos","dns","www.mos.ru","","","dns[3]:route","","VPN","REMOTE","DNS/AAAA","1785483079407005","3"
"global","mos","dns","www.mos.ru","hmac-sha256:48ab57b03967e839a86154a7d1a3d581","IPv4","dns[3]:route","","VPN","REMOTE","DNS/A","1785483079407005","3"
"global","mos","dns","www.mos.ru","","","dns[3]:route","","VPN","REMOTE","DNS/HTTPS","1785483079407005","1"
"global","mos","route","www.mos.ru","hmac-sha256:48ab57b03967e839a86154a7d1a3d581","IPv4","final","","VPN","REMOTE","TLS/TCP","1785483079407005","2"
"global","mos","dns","static3.mos.ru","","","dns[3]:route","","VPN","REMOTE","DNS/HTTPS","1785483079407005","1"
"global","mos","dns","static3.mos.ru","hmac-sha256:cdcdca04fce9a54574ec31c80d57f8dd","IPv4","dns[3]:route","","VPN","REMOTE","DNS/A","1785483079407005","1"
"global","mos","dns","static3.mos.ru","hmac-sha256:a51a99cb8f558c47931a3fd1e22ac5f7","IPv4","dns[3]:route","","VPN","REMOTE","DNS/A","1785483079407005","1"
"global","mos","dns","static3.mos.ru","hmac-sha256:48ab57b03967e839a86154a7d1a3d581","IPv4","dns[3]:route","","VPN","REMOTE","DNS/A","1785483079407005","1"
"global","mos","dns","static3.mos.ru","hmac-sha256:df5899ba23b215d88b0d95b8616728a7","IPv4","dns[3]:route","","VPN","REMOTE","DNS/A","1785483079407005","1"
"global","mos","dns","static3.mos.ru","","","dns[3]:route","","VPN","REMOTE","DNS/AAAA","1785483079407005","1"
"global","mos","dns","static3.mos.ru","hmac-sha256:975e438a028348fadff09bc92a25f428","IPv4","dns[3]:route","","VPN","REMOTE","DNS/A","1785483079407005","1"
"global","mos","dns","static3.mos.ru","hmac-sha256:a7a168373b256a2290892b5e659602e0","IPv4","dns[3]:route","","VPN","REMOTE","DNS/A","1785483079407005","1"
"global","mos","route","static3.mos.ru","hmac-sha256:cdcdca04fce9a54574ec31c80d57f8dd","IPv4","final","","VPN","REMOTE","TLS/TCP","1785483079407005","2"
"global","cbr","dns","ext.clickstream.sberbank.ru","","","dns[2]:predefined","ru-adlist-hardcoded,geosite-ads,geosite-malware,geosite-phishing,geosite-cryptominers","BLOCK","BLOCK","DNS/HTTPS","1785483079407005","10"
"global","cbr","dns","ext.clickstream.sberbank.ru","","","dns[2]:predefined","ru-adlist-hardcoded,geosite-ads,geosite-malware,geosite-phishing,geosite-cryptominers","BLOCK","BLOCK","DNS/A","1785483079407005","20"
"global","cbr","dns","ext.clickstream.sberbank.ru","","","dns[2]:predefined","ru-adlist-hardcoded,geosite-ads,geosite-malware,geosite-phishing,geosite-cryptominers","BLOCK","BLOCK","DNS/AAAA","1785483079407005","19"
"global","cbr","dns","cbr.ru","hmac-sha256:ad12a0d05392564dee6c82aef17f91f5","IPv4","dns[3]:route","","VPN","REMOTE","DNS/A","1785483079407005","2"
"global","cbr","dns","cbr.ru","","","dns[3]:route","","VPN","REMOTE","DNS/AAAA","1785483079407005","2"
"global","cbr","dns","cbr.ru","","","dns[3]:route","","VPN","REMOTE","DNS/HTTPS","1785483079407005","1"
"global","cbr","route","cbr.ru","hmac-sha256:ad12a0d05392564dee6c82aef17f91f5","IPv4","final","","VPN","REMOTE","TLS/TCP","1785483079407005","1"
"global","cbr","dns","mc.yandex.ru","","","dns[2]:predefined","ru-adlist-hardcoded,geosite-ads,geosite-malware,geosite-phishing,geosite-cryptominers","BLOCK","BLOCK","DNS/A","1785483079407005","24"
"global","cbr","dns","mc.yandex.ru","","","dns[2]:predefined","ru-adlist-hardcoded,geosite-ads,geosite-malware,geosite-phishing,geosite-cryptominers","BLOCK","BLOCK","DNS/HTTPS","1785483079407005","12"
"global","cbr","dns","mc.yandex.ru","","","dns[2]:predefined","ru-adlist-hardcoded,geosite-ads,geosite-malware,geosite-phishing,geosite-cryptominers","BLOCK","BLOCK","DNS/AAAA","1785483079407005","24"
"global","sbp","dns","ext.clickstream.sberbank.ru","","","dns[2]:predefined","ru-adlist-hardcoded,geosite-ads,geosite-malware,geosite-phishing,geosite-cryptominers","BLOCK","BLOCK","DNS/HTTPS","1785483079407005","6"
"global","sbp","dns","ext.clickstream.sberbank.ru","","","dns[2]:predefined","ru-adlist-hardcoded,geosite-ads,geosite-malware,geosite-phishing,geosite-cryptominers","BLOCK","BLOCK","DNS/AAAA","1785483079407005","12"
"global","sbp","dns","ext.clickstream.sberbank.ru","","","dns[2]:predefined","ru-adlist-hardcoded,geosite-ads,geosite-malware,geosite-phishing,geosite-cryptominers","BLOCK","BLOCK","DNS/A","1785483079407005","12"
"global","sbp","dns","sbp.nspk.ru","","","dns[3]:route","","VPN","REMOTE","DNS/HTTPS","1785483079407005","1"
"global","sbp","dns","sbp.nspk.ru","","","dns[3]:route","","VPN","REMOTE","DNS/AAAA","1785483079407005","2"
"global","sbp","dns","sbp.nspk.ru","hmac-sha256:31ed0abcbf567e5ab84f17c99ffbd13c","IPv4","dns[3]:route","","VPN","REMOTE","DNS/A","1785483079407005","2"
"global","sbp","route","sbp.nspk.ru","hmac-sha256:31ed0abcbf567e5ab84f17c99ffbd13c","IPv4","final","","VPN","REMOTE","TLS/TCP","1785483079407005","1"
"global","sbp","dns","vk.com","hmac-sha256:cb80de3009db15e5e9ea02bc4e3ca287","IPv4","dns[3]:route","","VPN","REMOTE","DNS/A","1785483079407005","1"
"global","sbp","dns","vk.com","hmac-sha256:ce5591aef86ca8963b851b08ba6f7ca9","IPv4","dns[3]:route","","VPN","REMOTE","DNS/A","1785483079407005","1"
"global","sbp","dns","vk.com","hmac-sha256:d2d4339f5be3d9bca7134724463b3a5b","IPv4","dns[3]:route","","VPN","REMOTE","DNS/A","1785483079407005","1"
"global","sbp","dns","vk.com","hmac-sha256:517d688a8b4129e5f9563199be420f1a","IPv4","dns[3]:route","","VPN","REMOTE","DNS/A","1785483079407005","1"
"global","sbp","dns","vk.com","hmac-sha256:3936444b20e96f651dbe366a46881bbb","IPv4","dns[3]:route","","VPN","REMOTE","DNS/A","1785483079407005","1"
"global","sbp","dns","vk.com","hmac-sha256:16cab3b11487410c23ad45a6550c67b7","IPv4","dns[3]:route","","VPN","REMOTE","DNS/A","1785483079407005","1"
"global","sbp","dns","vk.com","","","dns[3]:route","","VPN","REMOTE","DNS/HTTPS","1785483079407005","1"
"global","sbp","dns","vk.com","","","dns[3]:route","","VPN","REMOTE","DNS/AAAA","1785483079407005","1"
"global","sbp","route","vk.com","hmac-sha256:cb80de3009db15e5e9ea02bc4e3ca287","IPv4","final","","VPN","REMOTE","TLS/TCP","1785483079407005","1"
"global","sbp","dns","mc.yandex.ru","","","dns[2]:predefined","ru-adlist-hardcoded,geosite-ads,geosite-malware,geosite-phishing,geosite-cryptominers","BLOCK","BLOCK","DNS/AAAA","1785483079407005","24"
"global","sbp","dns","mc.yandex.ru","","","dns[2]:predefined","ru-adlist-hardcoded,geosite-ads,geosite-malware,geosite-phishing,geosite-cryptominers","BLOCK","BLOCK","DNS/A","1785483079407005","24"
"global","sbp","dns","mc.yandex.ru","","","dns[2]:predefined","ru-adlist-hardcoded,geosite-ads,geosite-malware,geosite-phishing,geosite-cryptominers","BLOCK","BLOCK","DNS/HTTPS","1785483079407005","12"
"global","sbp","dns","top-fwz1.mail.ru","","","dns[2]:predefined","ru-adlist-hardcoded,geosite-ads,geosite-malware,geosite-phishing,geosite-cryptominers","BLOCK","BLOCK","DNS/A","1785483079407005","20"
"global","sbp","dns","top-fwz1.mail.ru","","","dns[2]:predefined","ru-adlist-hardcoded,geosite-ads,geosite-malware,geosite-phishing,geosite-cryptominers","BLOCK","BLOCK","DNS/AAAA","1785483079407005","20"
"global","sbp","dns","top-fwz1.mail.ru","","","dns[2]:predefined","ru-adlist-hardcoded,geosite-ads,geosite-malware,geosite-phishing,geosite-cryptominers","BLOCK","BLOCK","DNS/HTTPS","1785483079407005","10"
"global","sber","dns","www.sberbank.ru","hmac-sha256:e208102be35e69fba603be5b01054ef9","IPv4","dns[3]:route","","VPN","REMOTE","DNS/A","1785493225999748","5"
"global","sber","dns","www.sberbank.ru","","","dns[3]:route","","VPN","REMOTE","DNS/HTTPS","1785493225999748","1"
"global","sber","dns","www.sberbank.ru","","","dns[3]:route","","VPN","REMOTE","DNS/AAAA","1785493225999748","5"
"global","sber","route","www.sberbank.ru","hmac-sha256:e208102be35e69fba603be5b01054ef9","IPv4","final","","VPN","REMOTE","TLS/TCP","1785493225999748","1"
"global","sber","dns","mc.yandex.ru","","","dns[2]:predefined","ru-adlist-hardcoded,geosite-ads,geosite-malware,geosite-phishing,geosite-cryptominers","BLOCK","BLOCK","DNS/AAAA","1785493225999748","12"
"global","sber","dns","mc.yandex.ru","","","dns[2]:predefined","ru-adlist-hardcoded,geosite-ads,geosite-malware,geosite-phishing,geosite-cryptominers","BLOCK","BLOCK","DNS/HTTPS","1785493225999748","6"
"global","sber","dns","mc.yandex.ru","","","dns[2]:predefined","ru-adlist-hardcoded,geosite-ads,geosite-malware,geosite-phishing,geosite-cryptominers","BLOCK","BLOCK","DNS/A","1785493225999748","12"
"global","sber","dns","top-fwz1.mail.ru","","","dns[2]:predefined","ru-adlist-hardcoded,geosite-ads,geosite-malware,geosite-phishing,geosite-cryptominers","BLOCK","BLOCK","DNS/AAAA","1785493225999748","16"
"global","sber","dns","top-fwz1.mail.ru","","","dns[2]:predefined","ru-adlist-hardcoded,geosite-ads,geosite-malware,geosite-phishing,geosite-cryptominers","BLOCK","BLOCK","DNS/HTTPS","1785493225999748","8"
"global","sber","dns","top-fwz1.mail.ru","","","dns[2]:predefined","ru-adlist-hardcoded,geosite-ads,geosite-malware,geosite-phishing,geosite-cryptominers","BLOCK","BLOCK","DNS/A","1785493225999748","16"
"global","sber","dns","vk.com","","","dns[3]:route","","VPN","REMOTE","DNS/HTTPS","1785493225999748","1"
"global","sber","dns","vk.com","","","dns[3]:route","","VPN","REMOTE","DNS/AAAA","1785493225999748","1"
"global","sber","dns","vk.com","hmac-sha256:b4a9a7f8ed20b50a7b342fe571d78442","IPv4","dns[3]:route","","VPN","REMOTE","DNS/A","1785493225999748","1"
"global","sber","dns","vk.com","hmac-sha256:3ad4364754274790ef5355ef572ccbe3","IPv4","dns[3]:route","","VPN","REMOTE","DNS/A","1785493225999748","1"
"global","sber","dns","vk.com","hmac-sha256:2a1c7684fe3f9cff91a0449be19c76aa","IPv4","dns[3]:route","","VPN","REMOTE","DNS/A","1785493225999748","1"
"global","sber","dns","vk.com","hmac-sha256:f2cd44162937a7fb29a5204561e36dd2","IPv4","dns[3]:route","","VPN","REMOTE","DNS/A","1785493225999748","1"
"global","sber","dns","vk.com","hmac-sha256:22cec307550a8b6f8bbd7887ca1fe29c","IPv4","dns[3]:route","","VPN","REMOTE","DNS/A","1785493225999748","1"
"global","sber","dns","vk.com","hmac-sha256:f5957ee7db85606d644c587c68a25d98","IPv4","dns[3]:route","","VPN","REMOTE","DNS/A","1785493225999748","1"
"global","sber","route","vk.com","hmac-sha256:b4a9a7f8ed20b50a7b342fe571d78442","IPv4","final","","VPN","REMOTE","TLS/TCP","1785493225999748","1"
"global","sber","dns","ext.clickstream.sberbank.ru","","","dns[2]:predefined","ru-adlist-hardcoded,geosite-ads,geosite-malware,geosite-phishing,geosite-cryptominers","BLOCK","BLOCK","DNS/AAAA","1785493225999748","39"
"global","sber","dns","ext.clickstream.sberbank.ru","","","dns[2]:predefined","ru-adlist-hardcoded,geosite-ads,geosite-malware,geosite-phishing,geosite-cryptominers","BLOCK","BLOCK","DNS/HTTPS","1785493225999748","20"
"global","sber","dns","ext.clickstream.sberbank.ru","","","dns[2]:predefined","ru-adlist-hardcoded,geosite-ads,geosite-malware,geosite-phishing,geosite-cryptominers","BLOCK","BLOCK","DNS/A","1785493225999748","40"
"global","sber","dns","cms-res-web.online.sberbank.ru","","","dns[3]:route","","VPN","REMOTE","DNS/AAAA","1785493225999748","1"
"global","sber","dns","id.sber.ru","hmac-sha256:90ee965f78e88091e96b1c772d938783","IPv4","dns[3]:route","","VPN","REMOTE","DNS/A","1785493225999748","3"
"global","sber","dns","cms-res-web.online.sberbank.ru","","","dns[3]:route","","VPN","REMOTE","DNS/HTTPS","1785493225999748","1"
"global","sber","dns","id.sber.ru","","","dns[3]:route","","VPN","REMOTE","DNS/HTTPS","1785493225999748","2"
"global","sber","dns","cms-res-web.online.sberbank.ru","hmac-sha256:c51b00e47130d9690b47d0776c35ccb6","IPv4","dns[3]:route","","VPN","REMOTE","DNS/A","1785493225999748","1"
"global","sber","route","cms-res-web.online.sberbank.ru","hmac-sha256:c51b00e47130d9690b47d0776c35ccb6","IPv4","final","","VPN","REMOTE","TLS/TCP","1785493225999748","1"
"global","sber","dns","id.sber.ru","","","dns[3]:route","","VPN","REMOTE","DNS/AAAA","1785493225999748","5"
"global","sber","route","id.sber.ru","hmac-sha256:90ee965f78e88091e96b1c772d938783","IPv4","final","","VPN","REMOTE","TLS/TCP","1785493225999748","3"
"global","tbank","dns","ext.clickstream.sberbank.ru","","","dns[2]:predefined","ru-adlist-hardcoded,geosite-ads,geosite-malware,geosite-phishing,geosite-cryptominers","BLOCK","BLOCK","DNS/HTTPS","1785483079407005","6"
"global","tbank","dns","ext.clickstream.sberbank.ru","","","dns[2]:predefined","ru-adlist-hardcoded,geosite-ads,geosite-malware,geosite-phishing,geosite-cryptominers","BLOCK","BLOCK","DNS/A","1785483079407005","12"
"global","tbank","dns","ext.clickstream.sberbank.ru","","","dns[2]:predefined","ru-adlist-hardcoded,geosite-ads,geosite-malware,geosite-phishing,geosite-cryptominers","BLOCK","BLOCK","DNS/AAAA","1785483079407005","12"
"global","tbank","dns","cdn.tbank.ru","","","dns[3]:route","","VPN","REMOTE","DNS/HTTPS","1785483079407005","2"
"global","tbank","dns","www.tbank.ru","","","dns[3]:route","","VPN","REMOTE","DNS/HTTPS","1785483079407005","2"
"global","tbank","dns","www.tbank.ru","","","dns[3]:route","","VPN","REMOTE","DNS/AAAA","1785483079407005","10"
"global","tbank","dns","www.tbank.ru","hmac-sha256:f9b513cbee532cca7f36241d2b3045a5","IPv4","dns[3]:route","","VPN","REMOTE","DNS/A","1785483079407005","10"
"global","tbank","route","www.tbank.ru","hmac-sha256:f9b513cbee532cca7f36241d2b3045a5","IPv4","final","","VPN","REMOTE","TLS/TCP","1785483079407005","1"
"global","tbank","dns","cdn.tbank.ru","hmac-sha256:5e536ee5770e70386b89b8574cd45f61","IPv4","dns[3]:route","","VPN","REMOTE","DNS/A","1785483079407005","5"
"global","tbank","dns","cdn.tbank.ru","","","dns[3]:route","","VPN","REMOTE","DNS/AAAA","1785483079407005","5"
"global","tbank","route","cdn.tbank.ru","hmac-sha256:5e536ee5770e70386b89b8574cd45f61","IPv4","final","","VPN","REMOTE","TLS/TCP","1785483079407005","2"
"global","tbank","dns","freessl.tbank.ru","","","dns[3]:route","","VPN","REMOTE","DNS/HTTPS","1785483079407005","2"
"global","tbank","dns","mddc.tbank.ru","hmac-sha256:b97856914438d00b6c7314cbe02da586","IPv4","dns[3]:route","","VPN","REMOTE","DNS/A","1785483079407005","3"
"global","tbank","dns","hrc.tbank.ru","","","dns[3]:route","","VPN","REMOTE","DNS/HTTPS","1785483079407005","2"
"global","tbank","dns","le.tbank.ru","","","dns[3]:route","","VPN","REMOTE","DNS/HTTPS","1785483079407005","2"
"global","tbank","dns","le.tbank.ru","","","dns[3]:route","","VPN","REMOTE","DNS/AAAA","1785483079407005","3"
"global","tbank","dns","hrc.tbank.ru","hmac-sha256:b97856914438d00b6c7314cbe02da586","IPv4","dns[3]:route","","VPN","REMOTE","DNS/A","1785483079407005","3"
"global","tbank","dns","mddc.tbank.ru","","","dns[3]:route","","VPN","REMOTE","DNS/AAAA","1785483079407005","3"
"global","tbank","dns","le.tbank.ru","hmac-sha256:b97856914438d00b6c7314cbe02da586","IPv4","dns[3]:route","","VPN","REMOTE","DNS/A","1785483079407005","3"
"global","tbank","dns","freessl.tbank.ru","","","dns[3]:route","","VPN","REMOTE","DNS/AAAA","1785483079407005","3"
"global","tbank","route","mddc.tbank.ru","hmac-sha256:b97856914438d00b6c7314cbe02da586","IPv4","final","","VPN","REMOTE","TLS/TCP","1785483079407005","1"
"global","tbank","route","le.tbank.ru","hmac-sha256:b97856914438d00b6c7314cbe02da586","IPv4","final","","VPN","REMOTE","TLS/TCP","1785483079407005","1"
"global","tbank","dns","mddc.tbank.ru","","","dns[3]:route","","VPN","REMOTE","DNS/HTTPS","1785483079407005","2"
"global","tbank","dns","id.tbank.ru","","","dns[3]:route","","VPN","REMOTE","DNS/HTTPS","1785483079407005","2"
"global","tbank","dns","hrc.tbank.ru","","","dns[3]:route","","VPN","REMOTE","DNS/AAAA","1785483079407005","3"
"global","tbank","dns","mddc.tinkoff.ru","hmac-sha256:b97856914438d00b6c7314cbe02da586","IPv4","dns[3]:route","","VPN","REMOTE","DNS/A","1785483079407005","3"
"global","tbank","dns","id.tbank.ru","hmac-sha256:6766cc75cc227a0c9ac8b706966a8e0a","IPv4","dns[3]:route","","VPN","REMOTE","DNS/A","1785483079407005","5"
"global","tbank","dns","freessl.tbank.ru","hmac-sha256:f9b513cbee532cca7f36241d2b3045a5","IPv4","dns[3]:route","","VPN","REMOTE","DNS/A","1785483079407005","3"
"global","tbank","dns","api.tbank.ru","hmac-sha256:1a895bf5ca966df3cafba72866c3d7ff","IPv4","dns[3]:route","","VPN","REMOTE","DNS/A","1785483079407005","3"
"global","tbank","route","hrc.tbank.ru","hmac-sha256:b97856914438d00b6c7314cbe02da586","IPv4","final","","VPN","REMOTE","TLS/TCP","1785483079407005","1"
"global","tbank","route","freessl.tbank.ru","hmac-sha256:f9b513cbee532cca7f36241d2b3045a5","IPv4","final","","VPN","REMOTE","TLS/TCP","1785483079407005","1"
"global","tbank","dns","cobrowsing.tbank.ru","hmac-sha256:1b46a5a4238769daedcfce76264c7813","IPv4","dns[3]:route","","VPN","REMOTE","DNS/A","1785483079407005","3"
"global","tbank","dns","cobrowsing.tbank.ru","","","dns[3]:route","","VPN","REMOTE","DNS/AAAA","1785483079407005","3"
"global","tbank","route","cobrowsing.tbank.ru","hmac-sha256:1b46a5a4238769daedcfce76264c7813","IPv4","final","","VPN","REMOTE","TLS/TCP","1785483079407005","1"
"global","tbank","dns","mf-platform-production.t-static.ru","hmac-sha256:5e536ee5770e70386b89b8574cd45f61","IPv4","dns[3]:route","","VPN","REMOTE","DNS/A","1785483079407005","3"
"global","tbank","dns","confucius-public-configs.t-static.ru","hmac-sha256:5e536ee5770e70386b89b8574cd45f61","IPv4","dns[3]:route","","VPN","REMOTE","DNS/A","1785483079407005","3"
"global","tbank","dns","api.tbank.ru","","","dns[3]:route","","VPN","REMOTE","DNS/AAAA","1785483079407005","3"
"global","tbank","dns","mddc.tinkoff.ru","","","dns[3]:route","","VPN","REMOTE","DNS/AAAA","1785483079407005","3"
"global","tbank","dns","confucius-public-configs.t-static.ru","","","dns[3]:route","","VPN","REMOTE","DNS/HTTPS","1785483079407005","2"
"global","tbank","route","api.tbank.ru","hmac-sha256:1a895bf5ca966df3cafba72866c3d7ff","IPv4","final","","VPN","REMOTE","TLS/TCP","1785483079407005","1"
"global","tbank","route","mddc.tinkoff.ru","hmac-sha256:b97856914438d00b6c7314cbe02da586","IPv4","final","","VPN","REMOTE","TLS/TCP","1785483079407005","1"
"global","tbank","dns","api.tbank.ru","","","dns[3]:route","","VPN","REMOTE","DNS/HTTPS","1785483079407005","2"
"global","tbank","dns","cobrowsing.tbank.ru","","","dns[3]:route","","VPN","REMOTE","DNS/HTTPS","1785483079407005","2"
"global","tbank","dns","mf-platform-production.t-static.ru","","","dns[3]:route","","VPN","REMOTE","DNS/HTTPS","1785483079407005","2"
"global","tbank","dns","id.tbank.ru","","","dns[3]:route","","VPN","REMOTE","DNS/AAAA","1785483079407005","5"
"global","tbank","dns","confucius-public-configs.t-static.ru","","","dns[3]:route","","VPN","REMOTE","DNS/AAAA","1785483079407005","3"
"global","tbank","dns","mf-platform-production.t-static.ru","","","dns[3]:route","","VPN","REMOTE","DNS/AAAA","1785483079407005","3"
"global","tbank","route","id.tbank.ru","hmac-sha256:6766cc75cc227a0c9ac8b706966a8e0a","IPv4","final","","VPN","REMOTE","TLS/TCP","1785483079407005","2"
"global","tbank","route","mf-platform-production.t-static.ru","hmac-sha256:5e536ee5770e70386b89b8574cd45f61","IPv4","final","","VPN","REMOTE","TLS/TCP","1785483079407005","1"
"global","tbank","route","confucius-public-configs.t-static.ru","hmac-sha256:5e536ee5770e70386b89b8574cd45f61","IPv4","final","","VPN","REMOTE","TLS/TCP","1785483079407005","1"
"global","tbank","dns","mddc.tinkoff.ru","","","dns[3]:route","","VPN","REMOTE","DNS/HTTPS","1785483079407005","2"
"global","tbank","dns","sso-forms-prod.t-static.ru","","","dns[3]:route","","VPN","REMOTE","DNS/AAAA","1785483079407005","3"
"global","tbank","dns","sso-forms-prod.t-static.ru","hmac-sha256:5e536ee5770e70386b89b8574cd45f61","IPv4","dns[3]:route","","VPN","REMOTE","DNS/A","1785483079407005","3"
"global","tbank","route","sso-forms-prod.t-static.ru","hmac-sha256:5e536ee5770e70386b89b8574cd45f61","IPv4","final","","VPN","REMOTE","TLS/TCP","1785483079407005","1"
"global","tbank","dns","mc.yandex.ru","","","dns[2]:predefined","ru-adlist-hardcoded,geosite-ads,geosite-malware,geosite-phishing,geosite-cryptominers","BLOCK","BLOCK","DNS/HTTPS","1785483079407005","12"
"global","tbank","dns","mc.yandex.ru","","","dns[2]:predefined","ru-adlist-hardcoded,geosite-ads,geosite-malware,geosite-phishing,geosite-cryptominers","BLOCK","BLOCK","DNS/AAAA","1785483079407005","24"
"global","tbank","dns","mc.yandex.ru","","","dns[2]:predefined","ru-adlist-hardcoded,geosite-ads,geosite-malware,geosite-phishing,geosite-cryptominers","BLOCK","BLOCK","DNS/A","1785483079407005","24"
"global","tbank","dns","sso-forms-prod.t-static.ru","","","dns[3]:route","","VPN","REMOTE","DNS/HTTPS","1785483079407005","2"
"global","tbank","dns","top-fwz1.mail.ru","","","dns[2]:predefined","ru-adlist-hardcoded,geosite-ads,geosite-malware,geosite-phishing,geosite-cryptominers","BLOCK","BLOCK","DNS/A","1785483079407005","20"
"global","tbank","dns","top-fwz1.mail.ru","","","dns[2]:predefined","ru-adlist-hardcoded,geosite-ads,geosite-malware,geosite-phishing,geosite-cryptominers","BLOCK","BLOCK","DNS/HTTPS","1785483079407005","10"
"global","tbank","dns","top-fwz1.mail.ru","","","dns[2]:predefined","ru-adlist-hardcoded,geosite-ads,geosite-malware,geosite-phishing,geosite-cryptominers","BLOCK","BLOCK","DNS/AAAA","1785483079407005","20"
"global","tbank","dns","web2web.tbank.ru","","","dns[3]:route","","VPN","REMOTE","DNS/AAAA","1785483079407005","3"
"global","tbank","dns","web2web.tbank.ru","","","dns[3]:route","","VPN","REMOTE","DNS/HTTPS","1785483079407005","2"
"global","tbank","dns","web2web.tbank.ru","hmac-sha256:c5850c4b834586670ef643fc39916bb3","IPv4","dns[3]:route","","VPN","REMOTE","DNS/A","1785483079407005","3"
"global","tbank","route","web2web.tbank.ru","hmac-sha256:c5850c4b834586670ef643fc39916bb3","IPv4","final","","VPN","REMOTE","TLS/TCP","1785483079407005","2"
"global","tbank","dns","api-common.tinkoff.ru","hmac-sha256:1a77eae5ad43fe64b612b27d3c59ae3b","IPv4","dns[3]:route","","VPN","REMOTE","DNS/A","1785483079407005","3"
"global","tbank","dns","api-common.tinkoff.ru","","","dns[3]:route","","VPN","REMOTE","DNS/HTTPS","1785483079407005","2"
"global","tbank","dns","api-common.tinkoff.ru","","","dns[3]:route","","VPN","REMOTE","DNS/AAAA","1785483079407005","3"
"global","tbank","route","api-common.tinkoff.ru","hmac-sha256:1a77eae5ad43fe64b612b27d3c59ae3b","IPv4","final","","VPN","REMOTE","TLS/TCP","1785483079407005","1"
"global","tbank","dns","api-statist.tinkoff.ru","","","dns[2]:predefined","ru-adlist-hardcoded,geosite-ads,geosite-malware,geosite-phishing,geosite-cryptominers","BLOCK","BLOCK","DNS/AAAA","1785483079407005","16"
"global","tbank","dns","api-statist.tinkoff.ru","","","dns[2]:predefined","ru-adlist-hardcoded,geosite-ads,geosite-malware,geosite-phishing,geosite-cryptominers","BLOCK","BLOCK","DNS/HTTPS","1785483079407005","8"
"global","tbank","dns","api-statist.tinkoff.ru","","","dns[2]:predefined","ru-adlist-hardcoded,geosite-ads,geosite-malware,geosite-phishing,geosite-cryptominers","BLOCK","BLOCK","DNS/A","1785483079407005","16"
"global","alfa","dns","ext.clickstream.sberbank.ru","","","dns[2]:predefined","ru-adlist-hardcoded,geosite-ads,geosite-malware,geosite-phishing,geosite-cryptominers","BLOCK","BLOCK","DNS/AAAA","1785483079407005","12"
"global","alfa","dns","ext.clickstream.sberbank.ru","","","dns[2]:predefined","ru-adlist-hardcoded,geosite-ads,geosite-malware,geosite-phishing,geosite-cryptominers","BLOCK","BLOCK","DNS/HTTPS","1785483079407005","6"
"global","alfa","dns","ext.clickstream.sberbank.ru","","","dns[2]:predefined","ru-adlist-hardcoded,geosite-ads,geosite-malware,geosite-phishing,geosite-cryptominers","BLOCK","BLOCK","DNS/A","1785483079407005","11"
"global","alfa","dns","alfabank.ru","","","dns[3]:route","","VPN","REMOTE","DNS/AAAA","1785483079407005","5"
"global","alfa","dns","alfabank.ru","hmac-sha256:435ee5af96a4b5c125461ffbf947e7b0","IPv4","dns[3]:route","","VPN","REMOTE","DNS/A","1785483079407005","5"
"global","alfa","route","alfabank.ru","hmac-sha256:435ee5af96a4b5c125461ffbf947e7b0","IPv4","final","","VPN","REMOTE","TLS/TCP","1785483079407005","2"
"global","alfa","dns","alfabank.ru","","","dns[3]:route","","VPN","REMOTE","DNS/HTTPS","1785483079407005","2"
"global","vtb","dns","ext.clickstream.sberbank.ru","","","dns[2]:predefined","ru-adlist-hardcoded,geosite-ads,geosite-malware,geosite-phishing,geosite-cryptominers","BLOCK","BLOCK","DNS/A","1785483079407005","12"
"global","vtb","dns","ext.clickstream.sberbank.ru","","","dns[2]:predefined","ru-adlist-hardcoded,geosite-ads,geosite-malware,geosite-phishing,geosite-cryptominers","BLOCK","BLOCK","DNS/HTTPS","1785483079407005","6"
"global","vtb","dns","ext.clickstream.sberbank.ru","","","dns[2]:predefined","ru-adlist-hardcoded,geosite-ads,geosite-malware,geosite-phishing,geosite-cryptominers","BLOCK","BLOCK","DNS/AAAA","1785483079407005","11"
"global","vtb","dns","www.vtb.ru","hmac-sha256:67fdbef214be74f6b15cfe43de9fa67c","IPv4","dns[3]:route","","VPN","REMOTE","DNS/A","1785483079407005","5"
"global","vtb","dns","www.vtb.ru","","","dns[3]:route","","VPN","REMOTE","DNS/HTTPS","1785483079407005","2"
"global","vtb","dns","www.vtb.ru","","","dns[3]:route","","VPN","REMOTE","DNS/AAAA","1785483079407005","6"
"global","vtb","route","www.vtb.ru","hmac-sha256:67fdbef214be74f6b15cfe43de9fa67c","IPv4","final","","VPN","REMOTE","TLS/TCP","1785483079407005","7"
"global","vtb","dns","mc.yandex.ru","","","dns[2]:predefined","ru-adlist-hardcoded,geosite-ads,geosite-malware,geosite-phishing,geosite-cryptominers","BLOCK","BLOCK","DNS/HTTPS","1785483079407005","18"
"global","vtb","dns","mc.yandex.ru","","","dns[2]:predefined","ru-adlist-hardcoded,geosite-ads,geosite-malware,geosite-phishing,geosite-cryptominers","BLOCK","BLOCK","DNS/A","1785483079407005","36"
"global","vtb","dns","mc.yandex.ru","","","dns[2]:predefined","ru-adlist-hardcoded,geosite-ads,geosite-malware,geosite-phishing,geosite-cryptominers","BLOCK","BLOCK","DNS/AAAA","1785483079407005","36"
"global","vtb","dns","onlinesales.vtb.ru","","","dns[3]:route","","VPN","REMOTE","DNS/HTTPS","1785483079407005","2"
"global","vtb","dns","chat3.vtb.ru","hmac-sha256:8089d0af0df6b09611df38dc7eb7db01","IPv4","dns[3]:route","","VPN","REMOTE","DNS/A","1785483079407005","3"
"global","vtb","dns","chat3.vtb.ru","","","dns[3]:route","","VPN","REMOTE","DNS/AAAA","1785483079407005","3"
"global","vtb","route","chat3.vtb.ru","hmac-sha256:8089d0af0df6b09611df38dc7eb7db01","IPv4","final","","VPN","REMOTE","TLS/TCP","1785483079407005","1"
"global","vtb","dns","chat3.vtb.ru","","","dns[3]:route","","VPN","REMOTE","DNS/HTTPS","1785483079407005","2"
"global","vtb","dns","onlinesales.vtb.ru","hmac-sha256:033b7516df447c586ce0208ec2b9f1ba","IPv4","dns[3]:route","","VPN","REMOTE","DNS/A","1785483079407005","3"
"global","vtb","dns","onlinesales.vtb.ru","","","dns[3]:route","","VPN","REMOTE","DNS/AAAA","1785483079407005","3"
"global","vtb","route","onlinesales.vtb.ru","hmac-sha256:033b7516df447c586ce0208ec2b9f1ba","IPv4","final","","VPN","REMOTE","TLS/TCP","1785483079407005","2"
"global","vtb","dns","vk.com","","","dns[3]:route","","VPN","REMOTE","DNS/HTTPS","1785483079407005","1"
"global","vtb","dns","vk.com","","","dns[3]:route","","VPN","REMOTE","DNS/AAAA","1785483079407005","1"
"global","vtb","dns","vk.com","hmac-sha256:cb80de3009db15e5e9ea02bc4e3ca287","IPv4","dns[3]:route","","VPN","REMOTE","DNS/A","1785483079407005","1"
"global","vtb","dns","vk.com","hmac-sha256:ce5591aef86ca8963b851b08ba6f7ca9","IPv4","dns[3]:route","","VPN","REMOTE","DNS/A","1785483079407005","1"
"global","vtb","dns","vk.com","hmac-sha256:d2d4339f5be3d9bca7134724463b3a5b","IPv4","dns[3]:route","","VPN","REMOTE","DNS/A","1785483079407005","1"
"global","vtb","dns","vk.com","hmac-sha256:517d688a8b4129e5f9563199be420f1a","IPv4","dns[3]:route","","VPN","REMOTE","DNS/A","1785483079407005","1"
"global","vtb","dns","vk.com","hmac-sha256:3936444b20e96f651dbe366a46881bbb","IPv4","dns[3]:route","","VPN","REMOTE","DNS/A","1785483079407005","1"
"global","vtb","dns","vk.com","hmac-sha256:16cab3b11487410c23ad45a6550c67b7","IPv4","dns[3]:route","","VPN","REMOTE","DNS/A","1785483079407005","1"
"global","vtb","route","vk.com","hmac-sha256:cb80de3009db15e5e9ea02bc4e3ca287","IPv4","final","","VPN","REMOTE","TLS/TCP","1785483079407005","1"
"global","vtb","dns","top-fwz1.mail.ru","","","dns[2]:predefined","ru-adlist-hardcoded,geosite-ads,geosite-malware,geosite-phishing,geosite-cryptominers","BLOCK","BLOCK","DNS/HTTPS","1785483079407005","10"
"global","vtb","dns","top-fwz1.mail.ru","","","dns[2]:predefined","ru-adlist-hardcoded,geosite-ads,geosite-malware,geosite-phishing,geosite-cryptominers","BLOCK","BLOCK","DNS/A","1785483079407005","19"
"global","vtb","dns","top-fwz1.mail.ru","","","dns[2]:predefined","ru-adlist-hardcoded,geosite-ads,geosite-malware,geosite-phishing,geosite-cryptominers","BLOCK","BLOCK","DNS/AAAA","1785483079407005","20"
"global","gazprombank","dns","ext.clickstream.sberbank.ru","","","dns[2]:predefined","ru-adlist-hardcoded,geosite-ads,geosite-malware,geosite-phishing,geosite-cryptominers","BLOCK","BLOCK","DNS/A","1785483079407005","12"
"global","gazprombank","dns","ext.clickstream.sberbank.ru","","","dns[2]:predefined","ru-adlist-hardcoded,geosite-ads,geosite-malware,geosite-phishing,geosite-cryptominers","BLOCK","BLOCK","DNS/AAAA","1785483079407005","11"
"global","gazprombank","dns","ext.clickstream.sberbank.ru","","","dns[2]:predefined","ru-adlist-hardcoded,geosite-ads,geosite-malware,geosite-phishing,geosite-cryptominers","BLOCK","BLOCK","DNS/HTTPS","1785483079407005","5"
"global","gazprombank","dns","mc.yandex.ru","","","dns[2]:predefined","ru-adlist-hardcoded,geosite-ads,geosite-malware,geosite-phishing,geosite-cryptominers","BLOCK","BLOCK","DNS/A","1785483079407005","32"
"global","gazprombank","dns","mc.yandex.ru","","","dns[2]:predefined","ru-adlist-hardcoded,geosite-ads,geosite-malware,geosite-phishing,geosite-cryptominers","BLOCK","BLOCK","DNS/HTTPS","1785483079407005","15"
"global","gazprombank","dns","mc.yandex.ru","","","dns[2]:predefined","ru-adlist-hardcoded,geosite-ads,geosite-malware,geosite-phishing,geosite-cryptominers","BLOCK","BLOCK","DNS/AAAA","1785483079407005","31"
"global","gazprombank","dns","www.gazprombank.ru","","","dns[3]:route","","VPN","REMOTE","DNS/AAAA","1785483079407005","5"
"global","gazprombank","dns","cdn.gpb.ru","hmac-sha256:402fdf7b5bff43afa40f88551d00432a","IPv4","dns[3]:route","","VPN","REMOTE","DNS/A","1785483079407005","3"
"global","gazprombank","dns","www.gazprombank.ru","hmac-sha256:7debcde964323d5b0b3031d29ef3b2ac","IPv4","dns[3]:route","","VPN","REMOTE","DNS/A","1785483079407005","5"
"global","gazprombank","dns","cdn.gpb.ru","","","dns[3]:route","","VPN","REMOTE","DNS/HTTPS","1785483079407005","2"
"global","gazprombank","dns","cdn.gpb.ru","","","dns[3]:route","","VPN","REMOTE","DNS/AAAA","1785483079407005","3"
"global","gazprombank","route","www.gazprombank.ru","hmac-sha256:7debcde964323d5b0b3031d29ef3b2ac","IPv4","final","","VPN","REMOTE","TLS/TCP","1785483079407005","2"
"global","gazprombank","route","cdn.gpb.ru","hmac-sha256:402fdf7b5bff43afa40f88551d00432a","IPv4","final","","VPN","REMOTE","TLS/TCP","1785483079407005","1"
"global","gazprombank","dns","www.gazprombank.ru","","","dns[3]:route","","VPN","REMOTE","DNS/HTTPS","1785483079407005","2"
"global","gazprombank","dns","vk.com","","","dns[3]:route","","VPN","REMOTE","DNS/AAAA","1785483079407005","1"
"global","gazprombank","dns","vk.com","","","dns[3]:route","","VPN","REMOTE","DNS/HTTPS","1785483079407005","1"
"global","gazprombank","dns","vk.com","hmac-sha256:cb80de3009db15e5e9ea02bc4e3ca287","IPv4","dns[3]:route","","VPN","REMOTE","DNS/A","1785483079407005","1"
"global","gazprombank","dns","vk.com","hmac-sha256:ce5591aef86ca8963b851b08ba6f7ca9","IPv4","dns[3]:route","","VPN","REMOTE","DNS/A","1785483079407005","1"
"global","gazprombank","dns","vk.com","hmac-sha256:d2d4339f5be3d9bca7134724463b3a5b","IPv4","dns[3]:route","","VPN","REMOTE","DNS/A","1785483079407005","1"
"global","gazprombank","dns","vk.com","hmac-sha256:517d688a8b4129e5f9563199be420f1a","IPv4","dns[3]:route","","VPN","REMOTE","DNS/A","1785483079407005","1"
"global","gazprombank","dns","vk.com","hmac-sha256:3936444b20e96f651dbe366a46881bbb","IPv4","dns[3]:route","","VPN","REMOTE","DNS/A","1785483079407005","1"
"global","gazprombank","dns","vk.com","hmac-sha256:16cab3b11487410c23ad45a6550c67b7","IPv4","dns[3]:route","","VPN","REMOTE","DNS/A","1785483079407005","1"
"global","gazprombank","route","vk.com","hmac-sha256:cb80de3009db15e5e9ea02bc4e3ca287","IPv4","final","","VPN","REMOTE","TLS/TCP","1785483079407005","1"
"global","gazprombank","dns","top-fwz1.mail.ru","","","dns[2]:predefined","ru-adlist-hardcoded,geosite-ads,geosite-malware,geosite-phishing,geosite-cryptominers","BLOCK","BLOCK","DNS/AAAA","1785483079407005","35"
"global","gazprombank","dns","top-fwz1.mail.ru","","","dns[2]:predefined","ru-adlist-hardcoded,geosite-ads,geosite-malware,geosite-phishing,geosite-cryptominers","BLOCK","BLOCK","DNS/HTTPS","1785483079407005","18"
"global","gazprombank","dns","top-fwz1.mail.ru","","","dns[2]:predefined","ru-adlist-hardcoded,geosite-ads,geosite-malware,geosite-phishing,geosite-cryptominers","BLOCK","BLOCK","DNS/A","1785483079407005","36"
"global","raiffeisen","dns","ext.clickstream.sberbank.ru","","","dns[2]:predefined","ru-adlist-hardcoded,geosite-ads,geosite-malware,geosite-phishing,geosite-cryptominers","BLOCK","BLOCK","DNS/AAAA","1785483079407005","12"
"global","raiffeisen","dns","ext.clickstream.sberbank.ru","","","dns[2]:predefined","ru-adlist-hardcoded,geosite-ads,geosite-malware,geosite-phishing,geosite-cryptominers","BLOCK","BLOCK","DNS/A","1785483079407005","12"
"global","raiffeisen","dns","ext.clickstream.sberbank.ru","","","dns[2]:predefined","ru-adlist-hardcoded,geosite-ads,geosite-malware,geosite-phishing,geosite-cryptominers","BLOCK","BLOCK","DNS/HTTPS","1785483079407005","6"
"global","raiffeisen","dns","r-chat.raiffeisen.ru","hmac-sha256:ade6a6d79069d9ee6f55882fb370eb9c","IPv4","dns[3]:route","","VPN","REMOTE","DNS/A","1785483079407005","3"
"global","raiffeisen","dns","www.raiffeisen.ru","","","dns[3]:route","","VPN","REMOTE","DNS/AAAA","1785483079407005","6"
"global","raiffeisen","dns","www.raiffeisen.ru","hmac-sha256:f03cf09cca9a508777da7600a7511638","IPv4","dns[3]:route","","VPN","REMOTE","DNS/A","1785483079407005","6"
"global","raiffeisen","dns","r-chat.raiffeisen.ru","","","dns[3]:route","","VPN","REMOTE","DNS/HTTPS","1785483079407005","2"
"global","raiffeisen","dns","www.raiffeisen.ru","","","dns[3]:route","","VPN","REMOTE","DNS/HTTPS","1785483079407005","2"
"global","raiffeisen","route","www.raiffeisen.ru","hmac-sha256:f03cf09cca9a508777da7600a7511638","IPv4","final","","VPN","REMOTE","TLS/TCP","1785483079407005","4"
"global","raiffeisen","dns","r-chat.raiffeisen.ru","","","dns[3]:route","","VPN","REMOTE","DNS/AAAA","1785483079407005","3"
"global","raiffeisen","route","r-chat.raiffeisen.ru","hmac-sha256:ade6a6d79069d9ee6f55882fb370eb9c","IPv4","final","","VPN","REMOTE","TLS/TCP","1785483079407005","1"
"global","raiffeisen","dns","cdn-rf.raiffeisen.ru","hmac-sha256:e9b89750961f0b594666517531a0ef5f","IPv4","dns[3]:route","","VPN","REMOTE","DNS/A","1785483079407005","3"
"global","raiffeisen","dns","cdn-rf.raiffeisen.ru","","","dns[3]:route","","VPN","REMOTE","DNS/HTTPS","1785483079407005","2"
"global","raiffeisen","dns","cdn-rf.raiffeisen.ru","","","dns[3]:route","","VPN","REMOTE","DNS/AAAA","1785483079407005","3"
"global","raiffeisen","route","cdn-rf.raiffeisen.ru","hmac-sha256:e9b89750961f0b594666517531a0ef5f","IPv4","final","","VPN","REMOTE","TLS/TCP","1785483079407005","1"
"global","raiffeisen","dns","oapi.raiffeisen.ru","hmac-sha256:c61cc485ad517c606fa2afca997cf380","IPv4","dns[3]:route","","VPN","REMOTE","DNS/A","1785483079407005","3"
"global","raiffeisen","dns","oapi.raiffeisen.ru","","","dns[3]:route","","VPN","REMOTE","DNS/HTTPS","1785483079407005","2"
"global","raiffeisen","dns","oapi.raiffeisen.ru","","","dns[3]:route","","VPN","REMOTE","DNS/AAAA","1785483079407005","3"
"global","raiffeisen","route","oapi.raiffeisen.ru","hmac-sha256:c61cc485ad517c606fa2afca997cf380","IPv4","final","","VPN","REMOTE","TLS/TCP","1785483079407005","1"
"global","raiffeisen","dns","mc.yandex.ru","","","dns[2]:predefined","ru-adlist-hardcoded,geosite-ads,geosite-malware,geosite-phishing,geosite-cryptominers","BLOCK","BLOCK","DNS/HTTPS","1785483079407005","12"
"global","raiffeisen","dns","mc.yandex.ru","","","dns[2]:predefined","ru-adlist-hardcoded,geosite-ads,geosite-malware,geosite-phishing,geosite-cryptominers","BLOCK","BLOCK","DNS/AAAA","1785483079407005","24"
"global","raiffeisen","dns","mc.yandex.ru","","","dns[2]:predefined","ru-adlist-hardcoded,geosite-ads,geosite-malware,geosite-phishing,geosite-cryptominers","BLOCK","BLOCK","DNS/A","1785483079407005","24"
"global","sovcombank","dns","ext.clickstream.sberbank.ru","","","dns[2]:predefined","ru-adlist-hardcoded,geosite-ads,geosite-malware,geosite-phishing,geosite-cryptominers","BLOCK","BLOCK","DNS/A","1785483079407005","12"
"global","sovcombank","dns","ext.clickstream.sberbank.ru","","","dns[2]:predefined","ru-adlist-hardcoded,geosite-ads,geosite-malware,geosite-phishing,geosite-cryptominers","BLOCK","BLOCK","DNS/AAAA","1785483079407005","12"
"global","sovcombank","dns","ext.clickstream.sberbank.ru","","","dns[2]:predefined","ru-adlist-hardcoded,geosite-ads,geosite-malware,geosite-phishing,geosite-cryptominers","BLOCK","BLOCK","DNS/HTTPS","1785483079407005","6"
"global","sovcombank","dns","sovcombank.ru","","","dns[3]:route","","VPN","REMOTE","DNS/AAAA","1785483079407005","5"
"global","sovcombank","dns","sovcombank.ru","","","dns[3]:route","","VPN","REMOTE","DNS/HTTPS","1785483079407005","2"
"global","sovcombank","dns","sovcombank.ru","hmac-sha256:b5d58e241a2863f3030f0fb6d2997a79","IPv4","dns[3]:route","","VPN","REMOTE","DNS/A","1785483079407005","5"
"global","sovcombank","route","sovcombank.ru","hmac-sha256:b5d58e241a2863f3030f0fb6d2997a79","IPv4","final","","VPN","REMOTE","TLS/TCP","1785483079407005","2"
"global","sovcombank","dns","mc.sovcombank.ru","hmac-sha256:049311069639814ad4eca2c34473a77f","IPv4","dns[3]:route","","VPN","REMOTE","DNS/A","1785483079407005","3"
"global","sovcombank","dns","prod-api.sovcombank.ru","","","dns[3]:route","","VPN","REMOTE","DNS/HTTPS","1785483079407005","2"
"global","sovcombank","dns","mc.sovcombank.ru","","","dns[3]:route","","VPN","REMOTE","DNS/HTTPS","1785483079407005","2"
"global","sovcombank","dns","mc.sovcombank.ru","","","dns[3]:route","","VPN","REMOTE","DNS/AAAA","1785483079407005","3"
"global","sovcombank","route","mc.sovcombank.ru","hmac-sha256:049311069639814ad4eca2c34473a77f","IPv4","final","","VPN","REMOTE","TLS/TCP","1785483079407005","1"
"global","sovcombank","dns","prod-api.sovcombank.ru","hmac-sha256:b5d58e241a2863f3030f0fb6d2997a79","IPv4","dns[3]:route","","VPN","REMOTE","DNS/A","1785483079407005","3"
"global","sovcombank","dns","prod-api.sovcombank.ru","","","dns[3]:route","","VPN","REMOTE","DNS/AAAA","1785483079407005","3"
"global","sovcombank","route","prod-api.sovcombank.ru","hmac-sha256:b5d58e241a2863f3030f0fb6d2997a79","IPv4","final","","VPN","REMOTE","TLS/TCP","1785483079407005","1"
"global","sovcombank","dns","top-fwz1.mail.ru","","","dns[2]:predefined","ru-adlist-hardcoded,geosite-ads,geosite-malware,geosite-phishing,geosite-cryptominers","BLOCK","BLOCK","DNS/AAAA","1785483079407005","28"
"global","sovcombank","dns","top-fwz1.mail.ru","","","dns[2]:predefined","ru-adlist-hardcoded,geosite-ads,geosite-malware,geosite-phishing,geosite-cryptominers","BLOCK","BLOCK","DNS/HTTPS","1785483079407005","14"
"global","sovcombank","dns","top-fwz1.mail.ru","","","dns[2]:predefined","ru-adlist-hardcoded,geosite-ads,geosite-malware,geosite-phishing,geosite-cryptominers","BLOCK","BLOCK","DNS/A","1785483079407005","28"
"global","sovcombank","dns","mc.yandex.ru","","","dns[2]:predefined","ru-adlist-hardcoded,geosite-ads,geosite-malware,geosite-phishing,geosite-cryptominers","BLOCK","BLOCK","DNS/A","1785483079407005","24"
"global","sovcombank","dns","mc.yandex.ru","","","dns[2]:predefined","ru-adlist-hardcoded,geosite-ads,geosite-malware,geosite-phishing,geosite-cryptominers","BLOCK","BLOCK","DNS/HTTPS","1785483079407005","12"
"global","sovcombank","dns","mc.yandex.ru","","","dns[2]:predefined","ru-adlist-hardcoded,geosite-ads,geosite-malware,geosite-phishing,geosite-cryptominers","BLOCK","BLOCK","DNS/AAAA","1785483079407005","24"
"global","sovcombank","dns","api-app.sovcombank.ru","","","dns[3]:route","","VPN","REMOTE","DNS/AAAA","1785483079407005","3"
"global","sovcombank","dns","api-app.sovcombank.ru","hmac-sha256:ef9710d58218e0b35fb6e4a962340e2a","IPv4","dns[3]:route","","VPN","REMOTE","DNS/A","1785483079407005","3"
"global","sovcombank","route","api-app.sovcombank.ru","hmac-sha256:ef9710d58218e0b35fb6e4a962340e2a","IPv4","final","","VPN","REMOTE","TLS/TCP","1785483079407005","2"
"global","sovcombank","dns","api-app.sovcombank.ru","","","dns[3]:route","","VPN","REMOTE","DNS/HTTPS","1785483079407005","2"
"global","yandex","dns","ext.clickstream.sberbank.ru","","","dns[2]:predefined","ru-adlist-hardcoded,geosite-ads,geosite-malware,geosite-phishing,geosite-cryptominers","BLOCK","BLOCK","DNS/HTTPS","1785483079407005","6"
"global","yandex","dns","ext.clickstream.sberbank.ru","","","dns[2]:predefined","ru-adlist-hardcoded,geosite-ads,geosite-malware,geosite-phishing,geosite-cryptominers","BLOCK","BLOCK","DNS/AAAA","1785483079407005","12"
"global","yandex","dns","ext.clickstream.sberbank.ru","","","dns[2]:predefined","ru-adlist-hardcoded,geosite-ads,geosite-malware,geosite-phishing,geosite-cryptominers","BLOCK","BLOCK","DNS/A","1785483079407005","12"
"global","yandex","dns","yandex.ru","hmac-sha256:0c0e00545e06dd44fe125a866c9b5c40","IPv4","dns[3]:route","","VPN","REMOTE","DNS/A","1785483079407005","5"
"global","yandex","dns","yandex.ru","hmac-sha256:a37eb1db85f1e7eb890f2895a24f3587","IPv4","dns[3]:route","","VPN","REMOTE","DNS/A","1785483079407005","5"
"global","yandex","dns","yandex.ru","hmac-sha256:4a1e5e0eaaf6eb2bd25d2a213405ced0","IPv4","dns[3]:route","","VPN","REMOTE","DNS/A","1785483079407005","5"
"global","yandex","dns","yandex.ru","hmac-sha256:bc907a410e60158ff593fb4e14e1ab62","IPv6","dns[3]:route","","VPN","REMOTE","DNS/AAAA","1785483079407005","5"
"global","yandex","dns","yandex.ru","","","dns[3]:route","","VPN","REMOTE","DNS/HTTPS","1785483079407005","2"
"global","yandex","dns","dzen.ru","","","dns[3]:route","","VPN","REMOTE","DNS/HTTPS","1785483079407005","2"
"global","yandex","dns","dzen.ru","hmac-sha256:be03d0242e46f364dbd5f932360ccdb0","IPv4","dns[3]:route","","VPN","REMOTE","DNS/A","1785483079407005","5"
"global","yandex","dns","dzen.ru","hmac-sha256:eb47607ba9696d91150bd9bd73787dc9","IPv6","dns[3]:route","","VPN","REMOTE","DNS/AAAA","1785483079407005","5"
"global","yandex","dns","dzen.ru","hmac-sha256:3234c16acc2ec5061ceda6cb793d4a42","IPv4","dns[3]:route","","VPN","REMOTE","DNS/A","1785483079407005","5"
"global","yandex","dns","dzen.ru","hmac-sha256:806fd4390bdc63d3472dafe595daf208","IPv4","dns[3]:route","","VPN","REMOTE","DNS/A","1785483079407005","5"
"global","yandex","dns","dzen.ru","hmac-sha256:52573567bf84bfdd06b409dad236fe25","IPv4","dns[3]:route","","VPN","REMOTE","DNS/A","1785483079407005","5"
"global","yandex","route","yandex.ru","hmac-sha256:bc907a410e60158ff593fb4e14e1ab62","IPv6","final","","VPN","REMOTE","TLS/TCP","1785483079407005","2"
"global","yandex","route","dzen.ru","hmac-sha256:eb47607ba9696d91150bd9bd73787dc9","IPv6","final","","VPN","REMOTE","TLS/TCP","1785483079407005","6"
"global","yandex","dns","yastatic.net","","","dns[3]:route","","VPN","REMOTE","DNS/HTTPS","1785483079407005","2"
"global","yandex","dns","yastatic.net","hmac-sha256:d311f0b8b5da23f6d160bc4f75de0744","IPv6","dns[3]:route","","VPN","REMOTE","DNS/AAAA","1785483079407005","3"
"global","yandex","dns","an.yandex.ru","","","dns[2]:predefined","ru-adlist-hardcoded,geosite-ads,geosite-malware,geosite-phishing,geosite-cryptominers","BLOCK","BLOCK","DNS/A","1785483079407005","4"
"global","yandex","dns","an.yandex.ru","","","dns[2]:predefined","ru-adlist-hardcoded,geosite-ads,geosite-malware,geosite-phishing,geosite-cryptominers","BLOCK","BLOCK","DNS/AAAA","1785483079407005","4"
"global","yandex","dns","an.yandex.ru","","","dns[2]:predefined","ru-adlist-hardcoded,geosite-ads,geosite-malware,geosite-phishing,geosite-cryptominers","BLOCK","BLOCK","DNS/HTTPS","1785483079407005","2"
"global","yandex","dns","yastatic.net","hmac-sha256:c63b0e8c2ba1f0c49a5006635aa1c942","IPv4","dns[3]:route","","VPN","REMOTE","DNS/A","1785483079407005","3"
"global","yandex","route","yastatic.net","hmac-sha256:d311f0b8b5da23f6d160bc4f75de0744","IPv6","final","","VPN","REMOTE","TLS/TCP","1785483079407005","2"
"global","yandex_search","dns","ext.clickstream.sberbank.ru","","","dns[2]:predefined","ru-adlist-hardcoded,geosite-ads,geosite-malware,geosite-phishing,geosite-cryptominers","BLOCK","BLOCK","DNS/AAAA","1785483079407005","12"
"global","yandex_search","dns","ext.clickstream.sberbank.ru","","","dns[2]:predefined","ru-adlist-hardcoded,geosite-ads,geosite-malware,geosite-phishing,geosite-cryptominers","BLOCK","BLOCK","DNS/HTTPS","1785483079407005","6"
"global","yandex_search","dns","ext.clickstream.sberbank.ru","","","dns[2]:predefined","ru-adlist-hardcoded,geosite-ads,geosite-malware,geosite-phishing,geosite-cryptominers","BLOCK","BLOCK","DNS/A","1785483079407005","11"
"global","yandex_search","route","yandex.ru","hmac-sha256:bc907a410e60158ff593fb4e14e1ab62","IPv6","final","","VPN","REMOTE","TLS/TCP","1785483079407005","4"
"global","yandex_search","dns","yandex.ru","hmac-sha256:0c0e00545e06dd44fe125a866c9b5c40","IPv4","dns[3]:route","","VPN","REMOTE","DNS/A","1785483079407005","2"
"global","yandex_search","dns","yandex.ru","hmac-sha256:bc907a410e60158ff593fb4e14e1ab62","IPv6","dns[3]:route","","VPN","REMOTE","DNS/AAAA","1785483079407005","2"
"global","yandex_search","dns","yandex.ru","hmac-sha256:a37eb1db85f1e7eb890f2895a24f3587","IPv4","dns[3]:route","","VPN","REMOTE","DNS/A","1785483079407005","2"
"global","yandex_search","dns","yandex.ru","hmac-sha256:4a1e5e0eaaf6eb2bd25d2a213405ced0","IPv4","dns[3]:route","","VPN","REMOTE","DNS/A","1785483079407005","2"
"global","yandex_maps","dns","ext.clickstream.sberbank.ru","","","dns[2]:predefined","ru-adlist-hardcoded,geosite-ads,geosite-malware,geosite-phishing,geosite-cryptominers","BLOCK","BLOCK","DNS/HTTPS","1785483079407005","6"
"global","yandex_maps","dns","ext.clickstream.sberbank.ru","","","dns[2]:predefined","ru-adlist-hardcoded,geosite-ads,geosite-malware,geosite-phishing,geosite-cryptominers","BLOCK","BLOCK","DNS/AAAA","1785483079407005","12"
"global","yandex_maps","dns","ext.clickstream.sberbank.ru","","","dns[2]:predefined","ru-adlist-hardcoded,geosite-ads,geosite-malware,geosite-phishing,geosite-cryptominers","BLOCK","BLOCK","DNS/A","1785483079407005","12"
"global","yandex_maps","route","yandex.ru","hmac-sha256:bc907a410e60158ff593fb4e14e1ab62","IPv6","final","","VPN","REMOTE","TLS/TCP","1785483079407005","4"
"global","yandex_maps","dns","yandex.ru","hmac-sha256:0c0e00545e06dd44fe125a866c9b5c40","IPv4","dns[3]:route","","VPN","REMOTE","DNS/A","1785483079407005","2"
"global","yandex_maps","dns","yandex.ru","hmac-sha256:a37eb1db85f1e7eb890f2895a24f3587","IPv4","dns[3]:route","","VPN","REMOTE","DNS/A","1785483079407005","2"
"global","yandex_maps","dns","yandex.ru","hmac-sha256:4a1e5e0eaaf6eb2bd25d2a213405ced0","IPv4","dns[3]:route","","VPN","REMOTE","DNS/A","1785483079407005","2"
"global","yandex_maps","dns","yandex.ru","hmac-sha256:bc907a410e60158ff593fb4e14e1ab62","IPv6","dns[3]:route","","VPN","REMOTE","DNS/AAAA","1785483079407005","2"
"global","yandex_music","dns","ext.clickstream.sberbank.ru","","","dns[2]:predefined","ru-adlist-hardcoded,geosite-ads,geosite-malware,geosite-phishing,geosite-cryptominers","BLOCK","BLOCK","DNS/AAAA","1785483079407005","12"
"global","yandex_music","dns","ext.clickstream.sberbank.ru","","","dns[2]:predefined","ru-adlist-hardcoded,geosite-ads,geosite-malware,geosite-phishing,geosite-cryptominers","BLOCK","BLOCK","DNS/HTTPS","1785483079407005","6"
"global","yandex_music","dns","ext.clickstream.sberbank.ru","","","dns[2]:predefined","ru-adlist-hardcoded,geosite-ads,geosite-malware,geosite-phishing,geosite-cryptominers","BLOCK","BLOCK","DNS/A","1785483079407005","12"
"global","yandex_music","dns","music.yandex.ru","hmac-sha256:b5fe2333b0a6d7b0ac679ec430accdcd","IPv6","dns[3]:route","","VPN","REMOTE","DNS/AAAA","1785483079407005","6"
"global","yandex_music","dns","music.yandex.ru","","","dns[3]:route","","VPN","REMOTE","DNS/HTTPS","1785483079407005","2"
"global","yandex_music","dns","music.yandex.ru","hmac-sha256:18b82c1a72c49dee149285c8d0d8cce4","IPv4","dns[3]:route","","VPN","REMOTE","DNS/A","1785483079407005","6"
"global","yandex_music","route","music.yandex.ru","hmac-sha256:b5fe2333b0a6d7b0ac679ec430accdcd","IPv6","final","","VPN","REMOTE","TLS/TCP","1785483079407005","8"
"global","kinopoisk","dns","ext.clickstream.sberbank.ru","","","dns[2]:predefined","ru-adlist-hardcoded,geosite-ads,geosite-malware,geosite-phishing,geosite-cryptominers","BLOCK","BLOCK","DNS/A","1785483079407005","12"
"global","kinopoisk","dns","ext.clickstream.sberbank.ru","","","dns[2]:predefined","ru-adlist-hardcoded,geosite-ads,geosite-malware,geosite-phishing,geosite-cryptominers","BLOCK","BLOCK","DNS/AAAA","1785483079407005","12"
"global","kinopoisk","dns","ext.clickstream.sberbank.ru","","","dns[2]:predefined","ru-adlist-hardcoded,geosite-ads,geosite-malware,geosite-phishing,geosite-cryptominers","BLOCK","BLOCK","DNS/HTTPS","1785483079407005","6"
"global","kinopoisk","dns","yastatic.net","hmac-sha256:d311f0b8b5da23f6d160bc4f75de0744","IPv6","dns[3]:route","","VPN","REMOTE","DNS/AAAA","1785483079407005","1"
"global","kinopoisk","dns","yastatic.net","","","dns[3]:route","","VPN","REMOTE","DNS/HTTPS","1785483079407005","1"
"global","kinopoisk","dns","yastatic.net","hmac-sha256:c63b0e8c2ba1f0c49a5006635aa1c942","IPv4","dns[3]:route","","VPN","REMOTE","DNS/A","1785483079407005","1"
"global","kinopoisk","dns","yandex.ru","hmac-sha256:bc907a410e60158ff593fb4e14e1ab62","IPv6","dns[3]:route","","VPN","REMOTE","DNS/AAAA","1785483079407005","1"
"global","kinopoisk","dns","yandex.ru","hmac-sha256:0c0e00545e06dd44fe125a866c9b5c40","IPv4","dns[3]:route","","VPN","REMOTE","DNS/A","1785483079407005","1"
"global","kinopoisk","dns","yandex.ru","hmac-sha256:a37eb1db85f1e7eb890f2895a24f3587","IPv4","dns[3]:route","","VPN","REMOTE","DNS/A","1785483079407005","1"
"global","kinopoisk","dns","yandex.ru","hmac-sha256:4a1e5e0eaaf6eb2bd25d2a213405ced0","IPv4","dns[3]:route","","VPN","REMOTE","DNS/A","1785483079407005","1"
"global","kinopoisk","dns","yandex.ru","","","dns[3]:route","","VPN","REMOTE","DNS/HTTPS","1785483079407005","1"
"global","kinopoisk","dns","an.yandex.ru","","","dns[2]:predefined","ru-adlist-hardcoded,geosite-ads,geosite-malware,geosite-phishing,geosite-cryptominers","BLOCK","BLOCK","DNS/AAAA","1785483079407005","8"
"global","kinopoisk","dns","an.yandex.ru","","","dns[2]:predefined","ru-adlist-hardcoded,geosite-ads,geosite-malware,geosite-phishing,geosite-cryptominers","BLOCK","BLOCK","DNS/A","1785483079407005","8"
"global","kinopoisk","dns","an.yandex.ru","","","dns[2]:predefined","ru-adlist-hardcoded,geosite-ads,geosite-malware,geosite-phishing,geosite-cryptominers","BLOCK","BLOCK","DNS/HTTPS","1785483079407005","4"
"global","kinopoisk","dns","www.kinopoisk.ru","hmac-sha256:c4a365dde1803fd0a66b13e083fac8e5","IPv6","dns[3]:route","","VPN","REMOTE","DNS/AAAA","1785483079407005","6"
"global","kinopoisk","dns","www.kinopoisk.ru","hmac-sha256:8d00a30778eb224259b04b0cbb079dea","IPv4","dns[3]:route","","VPN","REMOTE","DNS/A","1785483079407005","6"
"global","kinopoisk","route","www.kinopoisk.ru","hmac-sha256:c4a365dde1803fd0a66b13e083fac8e5","IPv6","final","","VPN","REMOTE","TLS/TCP","1785483079407005","4"
"global","kinopoisk","dns","www.kinopoisk.ru","","","dns[3]:route","","VPN","REMOTE","DNS/HTTPS","1785483079407005","2"
"global","wildberries","dns","ext.clickstream.sberbank.ru","","","dns[2]:predefined","ru-adlist-hardcoded,geosite-ads,geosite-malware,geosite-phishing,geosite-cryptominers","BLOCK","BLOCK","DNS/AAAA","1785483079407005","12"
"global","wildberries","dns","ext.clickstream.sberbank.ru","","","dns[2]:predefined","ru-adlist-hardcoded,geosite-ads,geosite-malware,geosite-phishing,geosite-cryptominers","BLOCK","BLOCK","DNS/HTTPS","1785483079407005","6"
"global","wildberries","dns","ext.clickstream.sberbank.ru","","","dns[2]:predefined","ru-adlist-hardcoded,geosite-ads,geosite-malware,geosite-phishing,geosite-cryptominers","BLOCK","BLOCK","DNS/A","1785483079407005","12"
"global","wildberries","dns","www.wildberries.ru","","","dns[3]:route","","VPN","REMOTE","DNS/HTTPS","1785483079407005","2"
"global","wildberries","dns","www.wildberries.ru","hmac-sha256:85f45656c65c21d3965f739c63cac8c6","IPv6","dns[3]:route","","VPN","REMOTE","DNS/AAAA","1785483079407005","5"
"global","wildberries","dns","static-basket-01.wbbasket.ru","","","dns[3]:route","","VPN","REMOTE","DNS/HTTPS","1785483079407005","2"
"global","wildberries","dns","static-basket-01.wbbasket.ru","hmac-sha256:84b583929ff6585ac6af67ea96f65450","IPv4","dns[3]:route","","VPN","REMOTE","DNS/A","1785483079407005","3"
"global","wildberries","dns","www.wildberries.ru","hmac-sha256:deb6685e3b10862aaea092c6fc308693","IPv4","dns[3]:route","","VPN","REMOTE","DNS/A","1785483079407005","5"
"global","wildberries","dns","static-basket-01.wbbasket.ru","hmac-sha256:6b25284f2b92861006a014acbe5d484e","IPv4","dns[3]:route","","VPN","REMOTE","DNS/A","1785483079407005","3"
"global","wildberries","dns","static-basket-01.wbbasket.ru","hmac-sha256:a025daf4b9bf0273b80eaee3b0316630","IPv4","dns[3]:route","","VPN","REMOTE","DNS/A","1785483079407005","3"
"global","wildberries","dns","static-basket-01.wbbasket.ru","","","dns[3]:route","","VPN","REMOTE","DNS/AAAA","1785483079407005","3"
"global","wildberries","route","www.wildberries.ru","hmac-sha256:deb6685e3b10862aaea092c6fc308693","IPv4","final","","VPN","REMOTE","QUIC/UDP","1785483079407005","2"
"global","wildberries","route","static-basket-01.wbbasket.ru","hmac-sha256:84b583929ff6585ac6af67ea96f65450","IPv4","final","","VPN","REMOTE","QUIC/UDP","1785483079407005","2"
"global","wildberries","route","www.wildberries.ru","hmac-sha256:85f45656c65c21d3965f739c63cac8c6","IPv6","final","","VPN","REMOTE","TLS/TCP","1785483079407005","4"
"global","wildberries","dns","splitter.wb.ru","hmac-sha256:039c4221cbaeddb387c00bc16111dfc2","IPv4","dns[3]:route","","VPN","REMOTE","DNS/A","1785483079407005","3"
"global","wildberries","dns","splitter.wb.ru","hmac-sha256:c7319dfb893a96a6a7d7a101f580e631","IPv4","dns[3]:route","","VPN","REMOTE","DNS/A","1785483079407005","3"
"global","wildberries","dns","splitter.wb.ru","hmac-sha256:56de7b202f4060468e969990cd020810","IPv4","dns[3]:route","","VPN","REMOTE","DNS/A","1785483079407005","3"
"global","wildberries","dns","splitter.wb.ru","hmac-sha256:229d81829c1e42ac5c82d7611a00fea8","IPv4","dns[3]:route","","VPN","REMOTE","DNS/A","1785483079407005","3"
"global","wildberries","dns","splitter.wb.ru","","","dns[3]:route","","VPN","REMOTE","DNS/AAAA","1785483079407005","3"
"global","wildberries","dns","splitter.wb.ru","","","dns[3]:route","","VPN","REMOTE","DNS/HTTPS","1785483079407005","2"
"global","wildberries","route","splitter.wb.ru","hmac-sha256:039c4221cbaeddb387c00bc16111dfc2","IPv4","final","","VPN","REMOTE","TLS/TCP","1785483079407005","1"
"global","wildberries","dns","antibot.wildberries.ru","","","dns[3]:route","","VPN","REMOTE","DNS/AAAA","1785483079407005","3"
"global","wildberries","dns","antibot.wildberries.ru","hmac-sha256:9b852f61e12ed73cd912150689986091","IPv4","dns[3]:route","","VPN","REMOTE","DNS/A","1785483079407005","3"
"global","wildberries","route","antibot.wildberries.ru","hmac-sha256:9b852f61e12ed73cd912150689986091","IPv4","final","","VPN","REMOTE","TLS/TCP","1785483079407005","1"
"global","wildberries","dns","antibot.wildberries.ru","","","dns[3]:route","","VPN","REMOTE","DNS/HTTPS","1785483079407005","2"
"global","wildberries","dns","a.wb.ru","","","dns[2]:predefined","ru-adlist-hardcoded,geosite-ads,geosite-malware,geosite-phishing,geosite-cryptominers","BLOCK","BLOCK","DNS/A","1785483079407005","56"
"global","wildberries","dns","a.wb.ru","","","dns[2]:predefined","ru-adlist-hardcoded,geosite-ads,geosite-malware,geosite-phishing,geosite-cryptominers","BLOCK","BLOCK","DNS/AAAA","1785483079407005","56"
"global","wildberries","dns","a.wb.ru","","","dns[2]:predefined","ru-adlist-hardcoded,geosite-ads,geosite-malware,geosite-phishing,geosite-cryptominers","BLOCK","BLOCK","DNS/HTTPS","1785483079407005","20"
"global","wildberries","dns","marketplace-sentry.wb.ru","","","dns[3]:route","","VPN","REMOTE","DNS/AAAA","1785483079407005","3"
"global","wildberries","dns","marketplace-sentry.wb.ru","","","dns[3]:route","","VPN","REMOTE","DNS/HTTPS","1785483079407005","2"
"global","wildberries","dns","marketplace-sentry.wb.ru","hmac-sha256:6b80b7b5750b483d853a742af81a6922","IPv4","dns[3]:route","","VPN","REMOTE","DNS/A","1785483079407005","3"
"global","wildberries","route","marketplace-sentry.wb.ru","hmac-sha256:6b80b7b5750b483d853a742af81a6922","IPv4","final","","VPN","REMOTE","TLS/TCP","1785483079407005","1"
"global","wildberries","dns","banners-website.wildberries.ru","hmac-sha256:31530dbf3223f16b1cb97a1be6eae954","IPv4","dns[3]:route","","VPN","REMOTE","DNS/A","1785483079407005","3"
"global","wildberries","dns","banners-website.wildberries.ru","","","dns[3]:route","","VPN","REMOTE","DNS/HTTPS","1785483079407005","2"
"global","wildberries","dns","marketing-info.wildberries.ru","","","dns[3]:route","","VPN","REMOTE","DNS/AAAA","1785483079407005","3"
"global","wildberries","dns","banners-website.wildberries.ru","","","dns[3]:route","","VPN","REMOTE","DNS/AAAA","1785483079407005","3"
"global","wildberries","route","banners-website.wildberries.ru","hmac-sha256:31530dbf3223f16b1cb97a1be6eae954","IPv4","final","","VPN","REMOTE","TLS/TCP","1785483079407005","1"
"global","wildberries","dns","marketing-info.wildberries.ru","hmac-sha256:968d4b09d41fd81ce07872f3ac51b41e","IPv4","dns[3]:route","","VPN","REMOTE","DNS/A","1785483079407005","3"
"global","wildberries","dns","marketing-info.wildberries.ru","hmac-sha256:2e88bf73c7316361a3a9bbe8ae9b9cab","IPv4","dns[3]:route","","VPN","REMOTE","DNS/A","1785483079407005","3"
"global","wildberries","dns","marketing-info.wildberries.ru","hmac-sha256:b797f41fd0e829c2f3f3a3ecee80cb30","IPv4","dns[3]:route","","VPN","REMOTE","DNS/A","1785483079407005","3"
"global","wildberries","route","marketing-info.wildberries.ru","hmac-sha256:968d4b09d41fd81ce07872f3ac51b41e","IPv4","final","","VPN","REMOTE","TLS/TCP","1785483079407005","1"
"global","wildberries","dns","chat-prod.wildberries.ru","hmac-sha256:6b80b7b5750b483d853a742af81a6922","IPv4","dns[3]:route","","VPN","REMOTE","DNS/A","1785483079407005","3"
"global","wildberries","dns","marketing-info.wildberries.ru","","","dns[3]:route","","VPN","REMOTE","DNS/HTTPS","1785483079407005","2"
"global","wildberries","dns","chat-prod.wildberries.ru","","","dns[3]:route","","VPN","REMOTE","DNS/AAAA","1785483079407005","3"
"global","wildberries","route","chat-prod.wildberries.ru","hmac-sha256:6b80b7b5750b483d853a742af81a6922","IPv4","final","","VPN","REMOTE","TLS/TCP","1785483079407005","2"
"global","wildberries","dns","chat-prod.wildberries.ru","","","dns[3]:route","","VPN","REMOTE","DNS/HTTPS","1785483079407005","2"
"global","wildberries","dns","basket-36.wbbasket.ru","","","dns[3]:route","","VPN","REMOTE","DNS/AAAA","1785483079407005","3"
"global","wildberries","dns","basket-23.wbbasket.ru","hmac-sha256:cbd96a23413e273f4a5f473e33efa74e","IPv4","dns[3]:route","","VPN","REMOTE","DNS/A","1785483079407005","3"
"global","wildberries","dns","basket-23.wbbasket.ru","hmac-sha256:8fa1667fe1eb5e3aaacf7c7205cfeeb2","IPv4","dns[3]:route","","VPN","REMOTE","DNS/A","1785483079407005","3"
"global","wildberries","dns","basket-23.wbbasket.ru","hmac-sha256:87221584ac0ae153cb5ccae11cccb926","IPv4","dns[3]:route","","VPN","REMOTE","DNS/A","1785483079407005","3"
"global","wildberries","dns","basket-21.wbbasket.ru","","","dns[3]:route","","VPN","REMOTE","DNS/HTTPS","1785483079407005","2"
"global","wildberries","dns","basket-35.wbbasket.ru","hmac-sha256:c289b5a1eee30a29dc7ca5fcad33e3bc","IPv4","dns[3]:route","","VPN","REMOTE","DNS/A","1785483079407005","3"
"global","wildberries","dns","basket-35.wbbasket.ru","hmac-sha256:1eaca8cf1b663dac1d2ab535e52fa777","IPv4","dns[3]:route","","VPN","REMOTE","DNS/A","1785483079407005","3"
"global","wildberries","dns","basket-35.wbbasket.ru","hmac-sha256:308bd21eae0f4105deba873cc0a29bd2","IPv4","dns[3]:route","","VPN","REMOTE","DNS/A","1785483079407005","3"
"global","wildberries","dns","basket-12.wbbasket.ru","","","dns[3]:route","","VPN","REMOTE","DNS/AAAA","1785483079407005","3"
"global","wildberries","dns","basket-23.wbbasket.ru","","","dns[3]:route","","VPN","REMOTE","DNS/AAAA","1785483079407005","3"
"global","wildberries","route","basket-23.wbbasket.ru","hmac-sha256:cbd96a23413e273f4a5f473e33efa74e","IPv4","final","","VPN","REMOTE","QUIC/UDP","1785483079407005","1"
"global","wildberries","route","basket-23.wbbasket.ru","hmac-sha256:cbd96a23413e273f4a5f473e33efa74e","IPv4","final","","VPN","REMOTE","TLS/TCP","1785483079407005","1"
"global","wildberries","dns","basket-43.wbbasket.ru","","","dns[3]:route","","VPN","REMOTE","DNS/HTTPS","1785483079407005","2"
"global","wildberries","dns","basket-16.wbbasket.ru","","","dns[3]:route","","VPN","REMOTE","DNS/AAAA","1785483079407005","3"
"global","wildberries","dns","basket-35.wbbasket.ru","","","dns[3]:route","","VPN","REMOTE","DNS/HTTPS","1785483079407005","2"
"global","wildberries","dns","basket-40.wbbasket.ru","","","dns[3]:route","","VPN","REMOTE","DNS/AAAA","1785483079407005","3"
"global","wildberries","dns","basket-21.wbbasket.ru","","","dns[3]:route","","VPN","REMOTE","DNS/AAAA","1785483079407005","3"
"global","wildberries","dns","basket-24.wbbasket.ru","hmac-sha256:9f0cbb1ced8db972f77b22536748c349","IPv4","dns[3]:route","","VPN","REMOTE","DNS/A","1785483079407005","3"
"global","wildberries","dns","basket-24.wbbasket.ru","hmac-sha256:e9d9f4d06c9d4a52aa835d04055017dd","IPv4","dns[3]:route","","VPN","REMOTE","DNS/A","1785483079407005","3"
"global","wildberries","dns","basket-40.wbbasket.ru","hmac-sha256:d77eaf1e325c5063f662a29aeba009ba","IPv4","dns[3]:route","","VPN","REMOTE","DNS/A","1785483079407005","3"
"global","wildberries","dns","basket-24.wbbasket.ru","hmac-sha256:ccc5fee67bd75df417c94ee653f65e1f","IPv4","dns[3]:route","","VPN","REMOTE","DNS/A","1785483079407005","3"
"global","wildberries","dns","basket-40.wbbasket.ru","hmac-sha256:bb3d8a73a1ed2f99cdb1db7bc3533b88","IPv4","dns[3]:route","","VPN","REMOTE","DNS/A","1785483079407005","3"
"global","wildberries","dns","basket-40.wbbasket.ru","hmac-sha256:32b7bdcd3b487cdaf05dca1f1cce2f59","IPv4","dns[3]:route","","VPN","REMOTE","DNS/A","1785483079407005","3"
"global","wildberries","dns","basket-23.wbbasket.ru","","","dns[3]:route","","VPN","REMOTE","DNS/HTTPS","1785483079407005","2"
"global","wildberries","dns","basket-36.wbbasket.ru","","","dns[3]:route","","VPN","REMOTE","DNS/HTTPS","1785483079407005","2"
"global","wildberries","dns","basket-10.wbbasket.ru","hmac-sha256:1280fb1ff927c3a86f804340f9f32b52","IPv4","dns[3]:route","","VPN","REMOTE","DNS/A","1785483079407005","3"
"global","wildberries","dns","basket-10.wbbasket.ru","hmac-sha256:47b97d7adb6c23bf1aaa25d81dd1a8d0","IPv4","dns[3]:route","","VPN","REMOTE","DNS/A","1785483079407005","3"
"global","wildberries","dns","basket-10.wbbasket.ru","hmac-sha256:64aeae9bd6e6f984bc4d728b50017c8f","IPv4","dns[3]:route","","VPN","REMOTE","DNS/A","1785483079407005","3"
"global","wildberries","dns","basket-40.wbbasket.ru","","","dns[3]:route","","VPN","REMOTE","DNS/HTTPS","1785483079407005","2"
"global","wildberries","dns","basket-43.wbbasket.ru","hmac-sha256:2c5eb1244649461393a2738ae27ed61e","IPv4","dns[3]:route","","VPN","REMOTE","DNS/A","1785483079407005","3"
"global","wildberries","dns","basket-43.wbbasket.ru","hmac-sha256:6aded7a589af77134843a40d16a74f1b","IPv4","dns[3]:route","","VPN","REMOTE","DNS/A","1785483079407005","3"
"global","wildberries","dns","basket-43.wbbasket.ru","hmac-sha256:bcb2454aee7e72184a51f8accaafe1d6","IPv4","dns[3]:route","","VPN","REMOTE","DNS/A","1785483079407005","3"
"global","wildberries","dns","basket-16.wbbasket.ru","","","dns[3]:route","","VPN","REMOTE","DNS/HTTPS","1785483079407005","2"
"global","wildberries","route","basket-40.wbbasket.ru","hmac-sha256:d77eaf1e325c5063f662a29aeba009ba","IPv4","final","","VPN","REMOTE","TLS/TCP","1785483079407005","1"
"global","wildberries","dns","basket-15.wbbasket.ru","","","dns[3]:route","","VPN","REMOTE","DNS/AAAA","1785483079407005","3"
"global","wildberries","dns","basket-15.wbbasket.ru","hmac-sha256:176793e7df757635d507c5e0b9254470","IPv4","dns[3]:route","","VPN","REMOTE","DNS/A","1785483079407005","3"
"global","wildberries","dns","basket-15.wbbasket.ru","hmac-sha256:74ade8a5c7b4fc5e4ea14ac57f0ce11b","IPv4","dns[3]:route","","VPN","REMOTE","DNS/A","1785483079407005","3"
"global","wildberries","dns","basket-15.wbbasket.ru","hmac-sha256:3aecbd4a4ec85ea062ec2c0b920c78bb","IPv4","dns[3]:route","","VPN","REMOTE","DNS/A","1785483079407005","3"
"global","wildberries","route","basket-15.wbbasket.ru","hmac-sha256:176793e7df757635d507c5e0b9254470","IPv4","final","","VPN","REMOTE","TLS/TCP","1785483079407005","1"
"global","wildberries","dns","basket-35.wbbasket.ru","","","dns[3]:route","","VPN","REMOTE","DNS/AAAA","1785483079407005","3"
"global","wildberries","dns","basket-12.wbbasket.ru","hmac-sha256:c070022f3f5398a8432838555f9e903e","IPv4","dns[3]:route","","VPN","REMOTE","DNS/A","1785483079407005","3"
"global","wildberries","dns","basket-12.wbbasket.ru","hmac-sha256:da5689a27fe2ca6db6b0316113ac36ea","IPv4","dns[3]:route","","VPN","REMOTE","DNS/A","1785483079407005","3"
"global","wildberries","dns","basket-12.wbbasket.ru","","","dns[3]:route","","VPN","REMOTE","DNS/HTTPS","1785483079407005","2"
"global","wildberries","dns","basket-12.wbbasket.ru","hmac-sha256:ce5f0953c91fd2ffd7f189d86fdd2152","IPv4","dns[3]:route","","VPN","REMOTE","DNS/A","1785483079407005","3"
"global","wildberries","dns","basket-27.wbbasket.ru","","","dns[3]:route","","VPN","REMOTE","DNS/AAAA","1785483079407005","3"
"global","wildberries","route","basket-12.wbbasket.ru","hmac-sha256:c070022f3f5398a8432838555f9e903e","IPv4","final","","VPN","REMOTE","QUIC/UDP","1785483079407005","1"
"global","wildberries","route","basket-35.wbbasket.ru","hmac-sha256:c289b5a1eee30a29dc7ca5fcad33e3bc","IPv4","final","","VPN","REMOTE","TLS/TCP","1785483079407005","1"
"global","wildberries","dns","basket-27.wbbasket.ru","","","dns[3]:route","","VPN","REMOTE","DNS/HTTPS","1785483079407005","2"
"global","wildberries","dns","basket-16.wbbasket.ru","hmac-sha256:5c3061f5092f3caa23ebd822f6da4cd6","IPv4","dns[3]:route","","VPN","REMOTE","DNS/A","1785483079407005","3"
"global","wildberries","dns","basket-16.wbbasket.ru","hmac-sha256:0184a2e80985aec3a967ebd6db55c31d","IPv4","dns[3]:route","","VPN","REMOTE","DNS/A","1785483079407005","3"
"global","wildberries","dns","basket-16.wbbasket.ru","hmac-sha256:447201c0647b75ea0771b19e4a0962a1","IPv4","dns[3]:route","","VPN","REMOTE","DNS/A","1785483079407005","3"
"global","wildberries","dns","basket-27.wbbasket.ru","hmac-sha256:9f4f2c55741e0e3f8818639c7dab516f","IPv4","dns[3]:route","","VPN","REMOTE","DNS/A","1785483079407005","3"
"global","wildberries","dns","basket-36.wbbasket.ru","hmac-sha256:0d359e6a9b5e7316da747e8293277518","IPv4","dns[3]:route","","VPN","REMOTE","DNS/A","1785483079407005","3"
"global","wildberries","dns","basket-36.wbbasket.ru","hmac-sha256:7866df86c1080d814d9d6200e9dd8f7a","IPv4","dns[3]:route","","VPN","REMOTE","DNS/A","1785483079407005","3"
"global","wildberries","dns","basket-27.wbbasket.ru","hmac-sha256:04b15e608b2693fe5aff59cf96d1efb3","IPv4","dns[3]:route","","VPN","REMOTE","DNS/A","1785483079407005","3"
"global","wildberries","dns","basket-36.wbbasket.ru","hmac-sha256:f678b5272daa9d09585aad222d8d9629","IPv4","dns[3]:route","","VPN","REMOTE","DNS/A","1785483079407005","3"
"global","wildberries","dns","basket-27.wbbasket.ru","hmac-sha256:44153a4f99aa902b32809b2d3f1b8194","IPv4","dns[3]:route","","VPN","REMOTE","DNS/A","1785483079407005","3"
"global","wildberries","dns","basket-24.wbbasket.ru","","","dns[3]:route","","VPN","REMOTE","DNS/HTTPS","1785483079407005","2"
"global","wildberries","dns","basket-10.wbbasket.ru","","","dns[3]:route","","VPN","REMOTE","DNS/HTTPS","1785483079407005","2"
"global","wildberries","route","basket-27.wbbasket.ru","hmac-sha256:9f4f2c55741e0e3f8818639c7dab516f","IPv4","final","","VPN","REMOTE","TLS/TCP","1785483079407005","1"
"global","wildberries","route","basket-36.wbbasket.ru","hmac-sha256:0d359e6a9b5e7316da747e8293277518","IPv4","final","","VPN","REMOTE","TLS/TCP","1785483079407005","1"
"global","wildberries","route","basket-16.wbbasket.ru","hmac-sha256:5c3061f5092f3caa23ebd822f6da4cd6","IPv4","final","","VPN","REMOTE","TLS/TCP","1785483079407005","1"
"global","wildberries","dns","basket-43.wbbasket.ru","","","dns[3]:route","","VPN","REMOTE","DNS/AAAA","1785483079407005","3"
"global","wildberries","dns","basket-21.wbbasket.ru","hmac-sha256:85074eafd50047eae5c807ec069c9093","IPv4","dns[3]:route","","VPN","REMOTE","DNS/A","1785483079407005","3"
"global","wildberries","dns","basket-21.wbbasket.ru","hmac-sha256:7885395b1bda6bff55e23c25d773f3aa","IPv4","dns[3]:route","","VPN","REMOTE","DNS/A","1785483079407005","3"
"global","wildberries","dns","basket-21.wbbasket.ru","hmac-sha256:f6484da57ded5985bb45d67cf0f32301","IPv4","dns[3]:route","","VPN","REMOTE","DNS/A","1785483079407005","3"
"global","wildberries","dns","basket-10.wbbasket.ru","","","dns[3]:route","","VPN","REMOTE","DNS/AAAA","1785483079407005","3"
"global","wildberries","route","basket-21.wbbasket.ru","hmac-sha256:85074eafd50047eae5c807ec069c9093","IPv4","final","","VPN","REMOTE","TLS/TCP","1785483079407005","2"
"global","wildberries","route","basket-43.wbbasket.ru","hmac-sha256:2c5eb1244649461393a2738ae27ed61e","IPv4","final","","VPN","REMOTE","TLS/TCP","1785483079407005","1"
"global","wildberries","route","basket-10.wbbasket.ru","hmac-sha256:1280fb1ff927c3a86f804340f9f32b52","IPv4","final","","VPN","REMOTE","TLS/TCP","1785483079407005","1"
"global","wildberries","dns","videonme-basket-06.wbbasket.ru","","","dns[3]:route","","VPN","REMOTE","DNS/AAAA","1785483079407005","3"
"global","wildberries","route","basket-12.wbbasket.ru","hmac-sha256:c070022f3f5398a8432838555f9e903e","IPv4","final","","VPN","REMOTE","TLS/TCP","1785483079407005","1"
"global","wildberries","dns","basket-15.wbbasket.ru","","","dns[3]:route","","VPN","REMOTE","DNS/HTTPS","1785483079407005","2"
"global","wildberries","dns","basket-24.wbbasket.ru","","","dns[3]:route","","VPN","REMOTE","DNS/AAAA","1785483079407005","3"
"global","wildberries","dns","videonme-basket-06.wbbasket.ru","","","dns[3]:route","","VPN","REMOTE","DNS/HTTPS","1785483079407005","2"
"global","wildberries","route","basket-24.wbbasket.ru","hmac-sha256:9f0cbb1ced8db972f77b22536748c349","IPv4","final","","VPN","REMOTE","TLS/TCP","1785483079407005","1"
"global","wildberries","dns","videonme-basket-06.wbbasket.ru","hmac-sha256:379df9d01667d9d123dc0be0bf2f9f67","IPv4","dns[3]:route","","VPN","REMOTE","DNS/A","1785483079407005","3"
"global","wildberries","dns","videonme-basket-06.wbbasket.ru","hmac-sha256:aae61131e1ab2daeb74f6677a8f3c893","IPv4","dns[3]:route","","VPN","REMOTE","DNS/A","1785483079407005","3"
"global","wildberries","dns","videonme-basket-06.wbbasket.ru","hmac-sha256:4379aa0558fa964e2008beb942154b3f","IPv4","dns[3]:route","","VPN","REMOTE","DNS/A","1785483079407005","3"
"global","wildberries","route","videonme-basket-06.wbbasket.ru","hmac-sha256:379df9d01667d9d123dc0be0bf2f9f67","IPv4","final","","VPN","REMOTE","TLS/TCP","1785483079407005","2"
"global","wildberries","dns","data-checker.wildberries.ru","","","dns[3]:route","","VPN","REMOTE","DNS/AAAA","1785483079407005","1"
"global","wildberries","dns","data-checker.wildberries.ru","hmac-sha256:2e88bf73c7316361a3a9bbe8ae9b9cab","IPv4","dns[3]:route","","VPN","REMOTE","DNS/A","1785483079407005","1"
"global","wildberries","dns","data-checker.wildberries.ru","hmac-sha256:968d4b09d41fd81ce07872f3ac51b41e","IPv4","dns[3]:route","","VPN","REMOTE","DNS/A","1785483079407005","1"
"global","wildberries","dns","data-checker.wildberries.ru","hmac-sha256:b797f41fd0e829c2f3f3a3ecee80cb30","IPv4","dns[3]:route","","VPN","REMOTE","DNS/A","1785483079407005","1"
"global","wildberries","route","data-checker.wildberries.ru","hmac-sha256:2e88bf73c7316361a3a9bbe8ae9b9cab","IPv4","final","","VPN","REMOTE","TLS/TCP","1785483079407005","1"
"global","wildberries","dns","journal-bt.wildberries.ru","","","dns[2]:predefined","ru-adlist-hardcoded,geosite-ads,geosite-malware,geosite-phishing,geosite-cryptominers","BLOCK","BLOCK","DNS/A","1785483079407005","4"
"global","wildberries","dns","journal-bt.wildberries.ru","","","dns[2]:predefined","ru-adlist-hardcoded,geosite-ads,geosite-malware,geosite-phishing,geosite-cryptominers","BLOCK","BLOCK","DNS/AAAA","1785483079407005","4"
"global","wildberries","dns","cdn.wbbasket.ru","","","dns[3]:route","","VPN","REMOTE","DNS/AAAA","1785483079407005","1"
"global","wildberries","dns","cdn.wbbasket.ru","hmac-sha256:29aebcc01c8aaab8619871c8f01dd900","IPv4","dns[3]:route","","VPN","REMOTE","DNS/A","1785483079407005","1"
"global","wildberries","dns","cdn.wbbasket.ru","hmac-sha256:8d5913e6466ca9ee0050f93dbc688900","IPv4","dns[3]:route","","VPN","REMOTE","DNS/A","1785483079407005","1"
"global","wildberries","dns","cdn.wbbasket.ru","hmac-sha256:1e2f4390718ab31d20a4046cbae1128f","IPv4","dns[3]:route","","VPN","REMOTE","DNS/A","1785483079407005","1"
"global","wildberries","route","cdn.wbbasket.ru","hmac-sha256:29aebcc01c8aaab8619871c8f01dd900","IPv4","final","","VPN","REMOTE","TLS/TCP","1785483079407005","1"
"global","wildberries","dns","acollector.wb.ru","","","dns[2]:predefined","ru-adlist-hardcoded,geosite-ads,geosite-malware,geosite-phishing,geosite-cryptominers","BLOCK","BLOCK","DNS/AAAA","1785483079407005","4"
"global","wildberries","dns","acollector.wb.ru","","","dns[2]:predefined","ru-adlist-hardcoded,geosite-ads,geosite-malware,geosite-phishing,geosite-cryptominers","BLOCK","BLOCK","DNS/A","1785483079407005","4"
"global","ozon","dns","ext.clickstream.sberbank.ru","","","dns[2]:predefined","ru-adlist-hardcoded,geosite-ads,geosite-malware,geosite-phishing,geosite-cryptominers","BLOCK","BLOCK","DNS/AAAA","1785483079407005","6"
"global","ozon","dns","ext.clickstream.sberbank.ru","","","dns[2]:predefined","ru-adlist-hardcoded,geosite-ads,geosite-malware,geosite-phishing,geosite-cryptominers","BLOCK","BLOCK","DNS/A","1785483079407005","6"
"global","ozon","dns","www.ozon.ru","","","dns[3]:route","","VPN","REMOTE","DNS/AAAA","1785483079407005","1"
"global","ozon","dns","www.ozon.ru","hmac-sha256:25999d26283a9f19c0997752fef12875","IPv4","dns[3]:route","","VPN","REMOTE","DNS/A","1785483079407005","1"
"global","ozon","dns","www.ozon.ru","hmac-sha256:a72f36b44bc25e8e2ea6732bd274b1ed","IPv4","dns[3]:route","","VPN","REMOTE","DNS/A","1785483079407005","1"
"global","ozon","route","www.ozon.ru","hmac-sha256:25999d26283a9f19c0997752fef12875","IPv4","final","","VPN","REMOTE","QUIC/UDP","1785483079407005","1"
"global","ozon","dns","cdn1.ozonusercontent.com","hmac-sha256:426a02d0ce02c54ef147c887f7f077da","IPv4","dns[3]:route","","VPN","REMOTE","DNS/A","1785483079407005","1"
"global","ozon","dns","cdn1.ozonusercontent.com","hmac-sha256:b5e317eb75ee31b1ca66804249528ee4","IPv4","dns[3]:route","","VPN","REMOTE","DNS/A","1785483079407005","1"
"global","ozon","dns","xapi.ozon.ru","","","dns[3]:route","","VPN","REMOTE","DNS/AAAA","1785483079407005","1"
"global","ozon","dns","cdn1.ozonusercontent.com","","","dns[3]:route","","VPN","REMOTE","DNS/AAAA","1785483079407005","1"
"global","ozon","route","cdn1.ozonusercontent.com","hmac-sha256:426a02d0ce02c54ef147c887f7f077da","IPv4","final","","VPN","REMOTE","QUIC/UDP","1785483079407005","1"
"global","ozon","dns","xapi.ozon.ru","hmac-sha256:699f4e3e7c05fc2afa103771e9be3239","IPv4","dns[3]:route","","VPN","REMOTE","DNS/A","1785483079407005","1"
"global","ozon","dns","xapi.ozon.ru","hmac-sha256:8cf45fe1d8caf1daaa64042e818defa5","IPv4","dns[3]:route","","VPN","REMOTE","DNS/A","1785483079407005","1"
"global","ozon","route","xapi.ozon.ru","hmac-sha256:699f4e3e7c05fc2afa103771e9be3239","IPv4","final","","VPN","REMOTE","QUIC/UDP","1785483079407005","1"
"global","ozon","route","www.ozon.ru","hmac-sha256:25999d26283a9f19c0997752fef12875","IPv4","final","","VPN","REMOTE","TLS/TCP","1785483079407005","1"
"global","ozon","route","xapi.ozon.ru","hmac-sha256:699f4e3e7c05fc2afa103771e9be3239","IPv4","final","","VPN","REMOTE","TLS/TCP","1785483079407005","1"
"global","ozon","dns","nel.wb.ru","","","dns[2]:predefined","ru-adlist-hardcoded,geosite-ads,geosite-malware,geosite-phishing,geosite-cryptominers","BLOCK","BLOCK","DNS/AAAA","1785483079407005","4"
"global","ozon","dns","nel.wb.ru","","","dns[2]:predefined","ru-adlist-hardcoded,geosite-ads,geosite-malware,geosite-phishing,geosite-cryptominers","BLOCK","BLOCK","DNS/A","1785483079407005","4"
"global","ozon","route","banners-website.wildberries.ru","hmac-sha256:31530dbf3223f16b1cb97a1be6eae954","IPv4","final","","VPN","REMOTE","TLS/TCP","1785483079407005","1"
"global","avito","dns","ext.clickstream.sberbank.ru","","","dns[2]:predefined","ru-adlist-hardcoded,geosite-ads,geosite-malware,geosite-phishing,geosite-cryptominers","BLOCK","BLOCK","DNS/AAAA","1785483079407005","6"
"global","avito","dns","ext.clickstream.sberbank.ru","","","dns[2]:predefined","ru-adlist-hardcoded,geosite-ads,geosite-malware,geosite-phishing,geosite-cryptominers","BLOCK","BLOCK","DNS/A","1785483079407005","6"
"global","avito","dns","an.yandex.ru","","","dns[2]:predefined","ru-adlist-hardcoded,geosite-ads,geosite-malware,geosite-phishing,geosite-cryptominers","BLOCK","BLOCK","DNS/AAAA","1785483079407005","4"
"global","avito","dns","an.yandex.ru","","","dns[2]:predefined","ru-adlist-hardcoded,geosite-ads,geosite-malware,geosite-phishing,geosite-cryptominers","BLOCK","BLOCK","DNS/A","1785483079407005","4"
"global","avito","dns","www.avito.ru","hmac-sha256:2f9546c04aa4c4b396bf462c601f3485","IPv4","dns[3]:route","","VPN","REMOTE","DNS/A","1785483079407005","1"
"global","avito","dns","www.avito.ru","hmac-sha256:28311c90f663786ba9c4aa1c51f8c24f","IPv4","dns[3]:route","","VPN","REMOTE","DNS/A","1785483079407005","1"
"global","avito","dns","www.avito.ru","hmac-sha256:6cc66c35ee2b62796422e95941f373c2","IPv4","dns[3]:route","","VPN","REMOTE","DNS/A","1785483079407005","1"
"global","avito","dns","www.avito.ru","","","dns[3]:route","","VPN","REMOTE","DNS/AAAA","1785483079407005","1"
"global","avito","route","www.avito.ru","hmac-sha256:2f9546c04aa4c4b396bf462c601f3485","IPv4","final","","VPN","REMOTE","TLS/TCP","1785483079407005","1"
"global","avito","route","yastatic.net","hmac-sha256:d311f0b8b5da23f6d160bc4f75de0744","IPv6","final","","VPN","REMOTE","TLS/TCP","1785483079407005","4"
"global","avito","dns","www.avito.st","","","dns[3]:route","","VPN","REMOTE","DNS/AAAA","1785483079407005","1"
"global","avito","dns","www.avito.st","hmac-sha256:695502e01817bad9af0189dc9220fe16","IPv4","dns[3]:route","","VPN","REMOTE","DNS/A","1785483079407005","1"
"global","avito","route","www.avito.st","hmac-sha256:695502e01817bad9af0189dc9220fe16","IPv4","final","","VPN","REMOTE","TLS/TCP","1785483079407005","2"
"global","avito","dns","m.avito.ru","hmac-sha256:b4a5d8bef719d55a2ca1fa8d10e0f78d","IPv4","dns[3]:route","","VPN","REMOTE","DNS/A","1785483079407005","1"
"global","avito","dns","m.avito.ru","hmac-sha256:4e487485b297549e0bea9b42559b9bc2","IPv4","dns[3]:route","","VPN","REMOTE","DNS/A","1785483079407005","1"
"global","avito","dns","m.avito.ru","hmac-sha256:3b59207d9f505578f2a4d75757284464","IPv4","dns[3]:route","","VPN","REMOTE","DNS/A","1785483079407005","1"
"global","avito","dns","m.avito.ru","","","dns[3]:route","","VPN","REMOTE","DNS/AAAA","1785483079407005","1"
"global","avito","route","m.avito.ru","hmac-sha256:b4a5d8bef719d55a2ca1fa8d10e0f78d","IPv4","final","","VPN","REMOTE","TLS/TCP","1785483079407005","1"
"global","avito","dns","stats.avito.ru","","","dns[2]:predefined","ru-adlist-hardcoded,geosite-ads,geosite-malware,geosite-phishing,geosite-cryptominers","BLOCK","BLOCK","DNS/AAAA","1785483079407005","88"
"global","avito","dns","stats.avito.ru","","","dns[2]:predefined","ru-adlist-hardcoded,geosite-ads,geosite-malware,geosite-phishing,geosite-cryptominers","BLOCK","BLOCK","DNS/A","1785483079407005","88"
"global","avito","dns","90.img.avito.st","","","dns[3]:route","","VPN","REMOTE","DNS/AAAA","1785483079407005","1"
"global","avito","dns","90.img.avito.st","hmac-sha256:695502e01817bad9af0189dc9220fe16","IPv4","dns[3]:route","","VPN","REMOTE","DNS/A","1785483079407005","1"
"global","avito","route","90.img.avito.st","hmac-sha256:695502e01817bad9af0189dc9220fe16","IPv4","final","","VPN","REMOTE","QUIC/UDP","1785483079407005","1"
"global","avito","dns","80.img.avito.st","","","dns[3]:route","","VPN","REMOTE","DNS/AAAA","1785483079407005","1"
"global","avito","dns","core-renderer-tiles.maps.yandex.net","hmac-sha256:ca684658e54a09381c7ae15ecba4c358","IPv6","dns[3]:route","","VPN","REMOTE","DNS/AAAA","1785483079407005","1"
"global","avito","dns","core-renderer-tiles.maps.yandex.net","hmac-sha256:82982ab15ee463a856d3b788bfa74690","IPv4","dns[3]:route","","VPN","REMOTE","DNS/A","1785483079407005","1"
"global","avito","route","core-renderer-tiles.maps.yandex.net","hmac-sha256:ca684658e54a09381c7ae15ecba4c358","IPv6","final","","VPN","REMOTE","TLS/TCP","1785483079407005","2"
"global","avito","dns","80.img.avito.st","hmac-sha256:cfa544cdb0412b50c0a2f8f9a6917764","IPv4","dns[3]:route","","VPN","REMOTE","DNS/A","1785483079407005","1"
"global","avito","route","80.img.avito.st","hmac-sha256:cfa544cdb0412b50c0a2f8f9a6917764","IPv4","final","","VPN","REMOTE","QUIC/UDP","1785483079407005","1"
"global","avito","dns","70.img.avito.st","hmac-sha256:b6443ff90c08bdb00128896c0abae397","IPv4","dns[3]:route","","VPN","REMOTE","DNS/A","1785483079407005","1"
"global","avito","dns","00.img.avito.st","","","dns[3]:route","","VPN","REMOTE","DNS/AAAA","1785483079407005","1"
"global","avito","dns","00.img.avito.st","hmac-sha256:a79c67a2b03f5ce6aec93babd231dc10","IPv4","dns[3]:route","","VPN","REMOTE","DNS/A","1785483079407005","1"
"global","avito","route","00.img.avito.st","hmac-sha256:a79c67a2b03f5ce6aec93babd231dc10","IPv4","final","","VPN","REMOTE","TLS/TCP","1785483079407005","1"
"global","avito","route","90.img.avito.st","hmac-sha256:695502e01817bad9af0189dc9220fe16","IPv4","final","","VPN","REMOTE","TLS/TCP","1785483079407005","1"
"global","avito","dns","50.img.avito.st","","","dns[3]:route","","VPN","REMOTE","DNS/AAAA","1785483079407005","1"
"global","avito","dns","30.img.avito.st","","","dns[3]:route","","VPN","REMOTE","DNS/AAAA","1785483079407005","1"
"global","avito","dns","30.img.avito.st","hmac-sha256:d1206fed54e7260713f0527909f2a1a0","IPv4","dns[3]:route","","VPN","REMOTE","DNS/A","1785483079407005","1"
"global","avito","route","30.img.avito.st","hmac-sha256:d1206fed54e7260713f0527909f2a1a0","IPv4","final","","VPN","REMOTE","TLS/TCP","1785483079407005","1"
"global","avito","dns","10.img.avito.st","hmac-sha256:b6443ff90c08bdb00128896c0abae397","IPv4","dns[3]:route","","VPN","REMOTE","DNS/A","1785483079407005","1"
"global","avito","dns","70.img.avito.st","","","dns[3]:route","","VPN","REMOTE","DNS/AAAA","1785483079407005","1"
"global","avito","route","70.img.avito.st","hmac-sha256:b6443ff90c08bdb00128896c0abae397","IPv4","final","","VPN","REMOTE","QUIC/UDP","1785483079407005","1"
"global","avito","dns","50.img.avito.st","hmac-sha256:b6443ff90c08bdb00128896c0abae397","IPv4","dns[3]:route","","VPN","REMOTE","DNS/A","1785483079407005","1"
"global","avito","route","50.img.avito.st","hmac-sha256:b6443ff90c08bdb00128896c0abae397","IPv4","final","","VPN","REMOTE","QUIC/UDP","1785483079407005","1"
"global","avito","dns","60.img.avito.st","","","dns[3]:route","","VPN","REMOTE","DNS/AAAA","1785483079407005","1"
"global","avito","dns","60.img.avito.st","hmac-sha256:b6443ff90c08bdb00128896c0abae397","IPv4","dns[3]:route","","VPN","REMOTE","DNS/A","1785483079407005","1"
"global","avito","route","50.img.avito.st","hmac-sha256:b6443ff90c08bdb00128896c0abae397","IPv4","final","","VPN","REMOTE","TLS/TCP","1785483079407005","2"
"global","avito","dns","10.img.avito.st","","","dns[3]:route","","VPN","REMOTE","DNS/AAAA","1785483079407005","1"
"global","avito","route","10.img.avito.st","hmac-sha256:b6443ff90c08bdb00128896c0abae397","IPv4","final","","VPN","REMOTE","QUIC/UDP","1785483079407005","1"
"global","avito","route","60.img.avito.st","hmac-sha256:b6443ff90c08bdb00128896c0abae397","IPv4","final","","VPN","REMOTE","QUIC/UDP","1785483079407005","1"
"global","avito","dns","40.img.avito.st","","","dns[3]:route","","VPN","REMOTE","DNS/AAAA","1785483079407005","1"
"global","avito","dns","sntr.avito.ru","hmac-sha256:8a2d9fe88739555d4b458b7e2dd9d085","IPv4","dns[3]:route","","VPN","REMOTE","DNS/A","1785483079407005","1"
"global","avito","dns","sntr.avito.ru","hmac-sha256:b6254171966306b72af20c416d686638","IPv4","dns[3]:route","","VPN","REMOTE","DNS/A","1785483079407005","1"
"global","avito","dns","sntr.avito.ru","hmac-sha256:5a704b5e6154c86f49e94b1eab4732fc","IPv4","dns[3]:route","","VPN","REMOTE","DNS/A","1785483079407005","1"
"global","avito","dns","sntr.avito.ru","","","dns[3]:route","","VPN","REMOTE","DNS/AAAA","1785483079407005","1"
"global","avito","route","sntr.avito.ru","hmac-sha256:8a2d9fe88739555d4b458b7e2dd9d085","IPv4","final","","VPN","REMOTE","TLS/TCP","1785483079407005","1"
"global","avito","dns","20.img.avito.st","","","dns[3]:route","","VPN","REMOTE","DNS/AAAA","1785483079407005","1"
"global","avito","dns","40.img.avito.st","hmac-sha256:b6443ff90c08bdb00128896c0abae397","IPv4","dns[3]:route","","VPN","REMOTE","DNS/A","1785483079407005","1"
"global","avito","route","30.img.avito.st","hmac-sha256:d1206fed54e7260713f0527909f2a1a0","IPv4","final","","VPN","REMOTE","QUIC/UDP","1785483079407005","1"
"global","avito","route","10.img.avito.st","hmac-sha256:b6443ff90c08bdb00128896c0abae397","IPv4","final","","VPN","REMOTE","TLS/TCP","1785483079407005","1"
"global","avito","dns","20.img.avito.st","hmac-sha256:a79c67a2b03f5ce6aec93babd231dc10","IPv4","dns[3]:route","","VPN","REMOTE","DNS/A","1785483079407005","1"
"global","avito","route","20.img.avito.st","hmac-sha256:a79c67a2b03f5ce6aec93babd231dc10","IPv4","final","","VPN","REMOTE","TLS/TCP","1785483079407005","1"
"global","avito","dns","mc.yandex.ru","","","dns[2]:predefined","ru-adlist-hardcoded,geosite-ads,geosite-malware,geosite-phishing,geosite-cryptominers","BLOCK","BLOCK","DNS/AAAA","1785483079407005","14"
"global","avito","dns","mc.yandex.ru","","","dns[2]:predefined","ru-adlist-hardcoded,geosite-ads,geosite-malware,geosite-phishing,geosite-cryptominers","BLOCK","BLOCK","DNS/A","1785483079407005","14"
"global","avito","dns","cs.avito.ru","","","dns[2]:predefined","ru-adlist-hardcoded,geosite-ads,geosite-malware,geosite-phishing,geosite-cryptominers","BLOCK","BLOCK","DNS/AAAA","1785483079407005","32"
"global","avito","dns","cs.avito.ru","","","dns[2]:predefined","ru-adlist-hardcoded,geosite-ads,geosite-malware,geosite-phishing,geosite-cryptominers","BLOCK","BLOCK","DNS/A","1785483079407005","32"
"global","avito","route","yandex.ru","hmac-sha256:bc907a410e60158ff593fb4e14e1ab62","IPv6","final","","VPN","REMOTE","TLS/TCP","1785483079407005","2"
"global","avito","dns","avatars.mds.yandex.net","hmac-sha256:c21142e28133b7497e1ce2ecec40bb39","IPv6","dns[3]:route","","VPN","REMOTE","DNS/AAAA","1785483079407005","1"
"global","avito","dns","avatars.mds.yandex.net","hmac-sha256:c5179ae253c8d6f97d894f7b2a037c5a","IPv4","dns[3]:route","","VPN","REMOTE","DNS/A","1785483079407005","1"
"global","avito","dns","avatars.mds.yandex.net","hmac-sha256:fa5a81b5bbe404c11366ad28cee3f52a","IPv4","dns[3]:route","","VPN","REMOTE","DNS/A","1785483079407005","1"
"global","avito","dns","avatars.mds.yandex.net","hmac-sha256:4c138f013d89674d22497f404ca45fbf","IPv4","dns[3]:route","","VPN","REMOTE","DNS/A","1785483079407005","1"
"global","avito","route","avatars.mds.yandex.net","hmac-sha256:c21142e28133b7497e1ce2ecec40bb39","IPv6","final","","VPN","REMOTE","TLS/TCP","1785483079407005","2"
"global","avito","dns","top-fwz1.mail.ru","","","dns[2]:predefined","ru-adlist-hardcoded,geosite-ads,geosite-malware,geosite-phishing,geosite-cryptominers","BLOCK","BLOCK","DNS/AAAA","1785483079407005","14"
"global","avito","dns","top-fwz1.mail.ru","","","dns[2]:predefined","ru-adlist-hardcoded,geosite-ads,geosite-malware,geosite-phishing,geosite-cryptominers","BLOCK","BLOCK","DNS/A","1785483079407005","14"
"global","megamarket","dns","ext.clickstream.sberbank.ru","","","dns[2]:predefined","ru-adlist-hardcoded,geosite-ads,geosite-malware,geosite-phishing,geosite-cryptominers","BLOCK","BLOCK","DNS/A","1785483079407005","10"
"global","megamarket","dns","ext.clickstream.sberbank.ru","","","dns[2]:predefined","ru-adlist-hardcoded,geosite-ads,geosite-malware,geosite-phishing,geosite-cryptominers","BLOCK","BLOCK","DNS/AAAA","1785483079407005","10"
"global","megamarket","dns","megamarket.ru","","","dns[3]:route","","VPN","REMOTE","DNS/AAAA","1785483079407005","1"
"global","megamarket","dns","megamarket.ru","hmac-sha256:ad942d4abd987efb3067d8148645d97b","IPv4","dns[3]:route","","VPN","REMOTE","DNS/A","1785483079407005","1"
"global","megamarket","route","megamarket.ru","hmac-sha256:ad942d4abd987efb3067d8148645d97b","IPv4","final","","VPN","REMOTE","TLS/TCP","1785483079407005","1"
"global","megamarket","route","id.sber.ru","hmac-sha256:e350c1ba442133ff8df458190ff2b7cb","IPv4","final","","VPN","REMOTE","TLS/TCP","1785483079407005","2"
"global","megamarket","dns","mc.yandex.ru","","","dns[2]:predefined","ru-adlist-hardcoded,geosite-ads,geosite-malware,geosite-phishing,geosite-cryptominers","BLOCK","BLOCK","DNS/AAAA","1785483079407005","20"
"global","megamarket","dns","mc.yandex.ru","","","dns[2]:predefined","ru-adlist-hardcoded,geosite-ads,geosite-malware,geosite-phishing,geosite-cryptominers","BLOCK","BLOCK","DNS/A","1785483079407005","20"
"global","megamarket","dns","extra-cdn.sbermegamarket.ru","hmac-sha256:65e5a8efe7664542c0d8923d2e46cd6d","IPv4","dns[3]:route","","VPN","REMOTE","DNS/A","1785483079407005","1"
"global","megamarket","dns","extra-cdn.sbermegamarket.ru","hmac-sha256:28e72df40393150ce9e00bc5dc48d631","IPv4","dns[3]:route","","VPN","REMOTE","DNS/A","1785483079407005","1"
"global","megamarket","dns","main-cdn.sbermegamarket.ru","hmac-sha256:28e72df40393150ce9e00bc5dc48d631","IPv4","dns[3]:route","","VPN","REMOTE","DNS/A","1785483079407005","1"
"global","megamarket","dns","main-cdn.sbermegamarket.ru","hmac-sha256:65e5a8efe7664542c0d8923d2e46cd6d","IPv4","dns[3]:route","","VPN","REMOTE","DNS/A","1785483079407005","1"
"global","megamarket","dns","extra-cdn.sbermegamarket.ru","","","dns[3]:route","","VPN","REMOTE","DNS/AAAA","1785483079407005","1"
"global","megamarket","dns","main-cdn.sbermegamarket.ru","","","dns[3]:route","","VPN","REMOTE","DNS/AAAA","1785483079407005","1"
"global","megamarket","route","extra-cdn.sbermegamarket.ru","hmac-sha256:65e5a8efe7664542c0d8923d2e46cd6d","IPv4","final","","VPN","REMOTE","TLS/TCP","1785483079407005","1"
"global","megamarket","route","main-cdn.sbermegamarket.ru","hmac-sha256:28e72df40393150ce9e00bc5dc48d631","IPv4","final","","VPN","REMOTE","TLS/TCP","1785483079407005","7"
"global","megamarket","route","avatars.mds.yandex.net","hmac-sha256:c21142e28133b7497e1ce2ecec40bb39","IPv6","final","","VPN","REMOTE","TLS/TCP","1785483079407005","2"
"global","megamarket","route","yastatic.net","hmac-sha256:d311f0b8b5da23f6d160bc4f75de0744","IPv6","final","","VPN","REMOTE","TLS/TCP","1785483079407005","2"
"global","megamarket","route","vk.com","hmac-sha256:cb80de3009db15e5e9ea02bc4e3ca287","IPv4","final","","VPN","REMOTE","TLS/TCP","1785483079407005","1"
"global","megamarket","dns","top-fwz1.mail.ru","","","dns[2]:predefined","ru-adlist-hardcoded,geosite-ads,geosite-malware,geosite-phishing,geosite-cryptominers","BLOCK","BLOCK","DNS/AAAA","1785483079407005","8"
"global","megamarket","dns","top-fwz1.mail.ru","","","dns[2]:predefined","ru-adlist-hardcoded,geosite-ads,geosite-malware,geosite-phishing,geosite-cryptominers","BLOCK","BLOCK","DNS/A","1785483079407005","12"
"global","yandex_market","dns","ext.clickstream.sberbank.ru","","","dns[2]:predefined","ru-adlist-hardcoded,geosite-ads,geosite-malware,geosite-phishing,geosite-cryptominers","BLOCK","BLOCK","DNS/AAAA","1785483079407005","6"
"global","yandex_market","dns","ext.clickstream.sberbank.ru","","","dns[2]:predefined","ru-adlist-hardcoded,geosite-ads,geosite-malware,geosite-phishing,geosite-cryptominers","BLOCK","BLOCK","DNS/A","1785483079407005","6"
"global","yandex_market","route","avatars.mds.yandex.net","hmac-sha256:c21142e28133b7497e1ce2ecec40bb39","IPv6","final","","VPN","REMOTE","TLS/TCP","1785483079407005","4"
"global","yandex_market","route","yandex.ru","hmac-sha256:bc907a410e60158ff593fb4e14e1ab62","IPv6","final","","VPN","REMOTE","TLS/TCP","1785483079407005","4"
"global","yandex_market","route","yastatic.net","hmac-sha256:d311f0b8b5da23f6d160bc4f75de0744","IPv6","final","","VPN","REMOTE","TLS/TCP","1785483079407005","4"
"global","yandex_market","dns","top-fwz1.mail.ru","","","dns[2]:predefined","ru-adlist-hardcoded,geosite-ads,geosite-malware,geosite-phishing,geosite-cryptominers","BLOCK","BLOCK","DNS/AAAA","1785483079407005","2"
"global","yandex_market","dns","favicon.yandex.net","hmac-sha256:5d549274c7b0c45046b5424dbae60b45","IPv6","dns[3]:route","","VPN","REMOTE","DNS/AAAA","1785483079407005","1"
"global","yandex_market","dns","market.yandex.ru","hmac-sha256:2b10ad662baf92d79e9840ebedf374bd","IPv6","dns[3]:route","","VPN","REMOTE","DNS/AAAA","1785483079407005","1"
"global","yandex_market","dns","favicon.yandex.net","hmac-sha256:ad498f16df4aee3cf839e6afde9eb5b6","IPv4","dns[3]:route","","VPN","REMOTE","DNS/A","1785483079407005","1"
"global","yandex_market","dns","favicon.yandex.net","hmac-sha256:b7e28960a390299b36eac15874f700f1","IPv4","dns[3]:route","","VPN","REMOTE","DNS/A","1785483079407005","1"
"global","yandex_market","dns","favicon.yandex.net","hmac-sha256:c4a07eb96537d5734faf9ea642074617","IPv4","dns[3]:route","","VPN","REMOTE","DNS/A","1785483079407005","1"
"global","yandex_market","dns","favicon.yandex.net","hmac-sha256:0a6947797d2e5cd7bf5adf94dbf6650c","IPv4","dns[3]:route","","VPN","REMOTE","DNS/A","1785483079407005","1"
"global","yandex_market","dns","market.yandex.ru","hmac-sha256:9e20f6db3db62737c224d7773a60206d","IPv4","dns[3]:route","","VPN","REMOTE","DNS/A","1785483079407005","1"
"global","yandex_market","route","market.yandex.ru","hmac-sha256:2b10ad662baf92d79e9840ebedf374bd","IPv6","final","","VPN","REMOTE","TLS/TCP","1785483079407005","8"
"global","vk","dns","ext.clickstream.sberbank.ru","","","dns[2]:predefined","ru-adlist-hardcoded,geosite-ads,geosite-malware,geosite-phishing,geosite-cryptominers","BLOCK","BLOCK","DNS/AAAA","1785483079407005","6"
"global","vk","dns","ext.clickstream.sberbank.ru","","","dns[2]:predefined","ru-adlist-hardcoded,geosite-ads,geosite-malware,geosite-phishing,geosite-cryptominers","BLOCK","BLOCK","DNS/A","1785483079407005","6"
"global","vk","route","vk.com","hmac-sha256:cb80de3009db15e5e9ea02bc4e3ca287","IPv4","final","","VPN","REMOTE","TLS/TCP","1785483079407005","1"
"global","vk","dns","vk.ru","hmac-sha256:cb80de3009db15e5e9ea02bc4e3ca287","IPv4","dns[3]:route","","VPN","REMOTE","DNS/A","1785483079407005","1"
"global","vk","dns","vk.ru","hmac-sha256:517d688a8b4129e5f9563199be420f1a","IPv4","dns[3]:route","","VPN","REMOTE","DNS/A","1785483079407005","1"
"global","vk","dns","vk.ru","hmac-sha256:d2d4339f5be3d9bca7134724463b3a5b","IPv4","dns[3]:route","","VPN","REMOTE","DNS/A","1785483079407005","1"
"global","vk","dns","vk.ru","hmac-sha256:ce5591aef86ca8963b851b08ba6f7ca9","IPv4","dns[3]:route","","VPN","REMOTE","DNS/A","1785483079407005","1"
"global","vk","dns","vk.ru","hmac-sha256:3936444b20e96f651dbe366a46881bbb","IPv4","dns[3]:route","","VPN","REMOTE","DNS/A","1785483079407005","1"
"global","vk","dns","vk.ru","hmac-sha256:16cab3b11487410c23ad45a6550c67b7","IPv4","dns[3]:route","","VPN","REMOTE","DNS/A","1785483079407005","1"
"global","vk","dns","vk.ru","","","dns[3]:route","","VPN","REMOTE","DNS/AAAA","1785483079407005","1"
"global","vk","route","vk.ru","hmac-sha256:cb80de3009db15e5e9ea02bc4e3ca287","IPv4","final","","VPN","REMOTE","TLS/TCP","1785483079407005","1"
"global","vk","dns","m.vk.ru","","","dns[3]:route","","VPN","REMOTE","DNS/AAAA","1785483079407005","1"
"global","vk","dns","m.vk.ru","hmac-sha256:d2d4339f5be3d9bca7134724463b3a5b","IPv4","dns[3]:route","","VPN","REMOTE","DNS/A","1785483079407005","1"
"global","vk","dns","m.vk.ru","hmac-sha256:3936444b20e96f651dbe366a46881bbb","IPv4","dns[3]:route","","VPN","REMOTE","DNS/A","1785483079407005","1"
"global","vk","dns","m.vk.ru","hmac-sha256:517d688a8b4129e5f9563199be420f1a","IPv4","dns[3]:route","","VPN","REMOTE","DNS/A","1785483079407005","1"
"global","vk","dns","m.vk.ru","hmac-sha256:16cab3b11487410c23ad45a6550c67b7","IPv4","dns[3]:route","","VPN","REMOTE","DNS/A","1785483079407005","1"
"global","vk","dns","m.vk.ru","hmac-sha256:ce5591aef86ca8963b851b08ba6f7ca9","IPv4","dns[3]:route","","VPN","REMOTE","DNS/A","1785483079407005","1"
"global","vk","dns","m.vk.ru","hmac-sha256:cb80de3009db15e5e9ea02bc4e3ca287","IPv4","dns[3]:route","","VPN","REMOTE","DNS/A","1785483079407005","1"
"global","vk","route","m.vk.ru","hmac-sha256:d2d4339f5be3d9bca7134724463b3a5b","IPv4","final","","VPN","REMOTE","TLS/TCP","1785483079407005","1"
"global","vk","dns","st1-47.vk.ru","hmac-sha256:7ae9cd2568153c9a10a29a51afc45256","IPv4","dns[3]:route","","VPN","REMOTE","DNS/A","1785483079407005","1"
"global","vk","dns","st1-47.vk.ru","","","dns[3]:route","","VPN","REMOTE","DNS/AAAA","1785483079407005","1"
"global","vk","route","st1-47.vk.ru","hmac-sha256:7ae9cd2568153c9a10a29a51afc45256","IPv4","final","","VPN","REMOTE","TLS/TCP","1785483079407005","8"
"global","vk","dns","top-fwz1.mail.ru","","","dns[2]:predefined","ru-adlist-hardcoded,geosite-ads,geosite-malware,geosite-phishing,geosite-cryptominers","BLOCK","BLOCK","DNS/AAAA","1785483079407005","20"
"global","vk","dns","top-fwz1.mail.ru","","","dns[2]:predefined","ru-adlist-hardcoded,geosite-ads,geosite-malware,geosite-phishing,geosite-cryptominers","BLOCK","BLOCK","DNS/A","1785483079407005","20"
"global","vk","dns","login.vk.ru","hmac-sha256:cb8494bf18e8588266694d8f4ab9cd08","IPv4","dns[3]:route","","VPN","REMOTE","DNS/A","1785483079407005","1"
"global","vk","dns","login.vk.ru","hmac-sha256:7e9f1c78cd849bcf4ec5fe294fb79571","IPv4","dns[3]:route","","VPN","REMOTE","DNS/A","1785483079407005","1"
"global","vk","dns","ads.vk.com","","","dns[3]:route","","VPN","REMOTE","DNS/AAAA","1785483079407005","1"
"global","vk","dns","login.vk.ru","","","dns[3]:route","","VPN","REMOTE","DNS/AAAA","1785483079407005","1"
"global","vk","dns","ads.vk.com","hmac-sha256:1bc58ed675c6c359f2358d4089ecfd65","IPv4","dns[3]:route","","VPN","REMOTE","DNS/A","1785483079407005","1"
"global","vk","route","login.vk.ru","hmac-sha256:cb8494bf18e8588266694d8f4ab9cd08","IPv4","final","","VPN","REMOTE","TLS/TCP","1785483079407005","2"
"global","vk","dns","st.vk.ru","","","dns[3]:route","","VPN","REMOTE","DNS/AAAA","1785483079407005","1"
"global","vk","dns","st7-14.vk.ru","hmac-sha256:67044e1587d655c8efe384059edc456c","IPv4","dns[3]:route","","VPN","REMOTE","DNS/A","1785483079407005","1"
"global","vk","dns","st.vk.ru","hmac-sha256:d2d4339f5be3d9bca7134724463b3a5b","IPv4","dns[3]:route","","VPN","REMOTE","DNS/A","1785483079407005","1"
"global","vk","dns","st.vk.ru","hmac-sha256:517d688a8b4129e5f9563199be420f1a","IPv4","dns[3]:route","","VPN","REMOTE","DNS/A","1785483079407005","1"
"global","vk","dns","st.vk.ru","hmac-sha256:ce5591aef86ca8963b851b08ba6f7ca9","IPv4","dns[3]:route","","VPN","REMOTE","DNS/A","1785483079407005","1"
"global","vk","dns","st.vk.ru","hmac-sha256:3936444b20e96f651dbe366a46881bbb","IPv4","dns[3]:route","","VPN","REMOTE","DNS/A","1785483079407005","1"
"global","vk","dns","st.vk.ru","hmac-sha256:16cab3b11487410c23ad45a6550c67b7","IPv4","dns[3]:route","","VPN","REMOTE","DNS/A","1785483079407005","1"
"global","vk","dns","st.vk.ru","hmac-sha256:cb80de3009db15e5e9ea02bc4e3ca287","IPv4","dns[3]:route","","VPN","REMOTE","DNS/A","1785483079407005","1"
"global","vk","dns","st7-14.vk.ru","","","dns[3]:route","","VPN","REMOTE","DNS/AAAA","1785483079407005","1"
"global","vk","dns","web.api.vk.ru","hmac-sha256:29f1e2516604f06bba5ec153cf62685c","IPv4","dns[3]:route","","VPN","REMOTE","DNS/A","1785483079407005","1"
"global","vk","dns","web.api.vk.ru","hmac-sha256:297bda1f19148b8253df55351538e75e","IPv4","dns[3]:route","","VPN","REMOTE","DNS/A","1785483079407005","1"
"global","vk","dns","web.api.vk.ru","hmac-sha256:2ce2dc60786e50b8a4cfe4a27e654262","IPv4","dns[3]:route","","VPN","REMOTE","DNS/A","1785483079407005","1"
"global","vk","dns","web.api.vk.ru","hmac-sha256:510018d401bc2588aee1fdd4b916519d","IPv4","dns[3]:route","","VPN","REMOTE","DNS/A","1785483079407005","1"
"global","vk","dns","web.api.vk.ru","hmac-sha256:04ffc2220d33e387f6e4084e9e66b92c","IPv4","dns[3]:route","","VPN","REMOTE","DNS/A","1785483079407005","1"
"global","vk","dns","web.api.vk.ru","hmac-sha256:149fc3f9825f104a6ec4337fb3ba7550","IPv4","dns[3]:route","","VPN","REMOTE","DNS/A","1785483079407005","1"
"global","vk","dns","web.api.vk.ru","hmac-sha256:81cf1c45eabf3bc760268cab908d203f","IPv4","dns[3]:route","","VPN","REMOTE","DNS/A","1785483079407005","1"
"global","vk","dns","web.api.vk.ru","hmac-sha256:f74d567e5d71af1260c0ab020c85e7ab","IPv4","dns[3]:route","","VPN","REMOTE","DNS/A","1785483079407005","1"
"global","vk","dns","web.api.vk.ru","hmac-sha256:47dbcbcf6e8844e166131fce75b7d60c","IPv4","dns[3]:route","","VPN","REMOTE","DNS/A","1785483079407005","1"
"global","vk","dns","web.api.vk.ru","","","dns[3]:route","","VPN","REMOTE","DNS/AAAA","1785483079407005","1"
"global","vk","route","web.api.vk.ru","hmac-sha256:29f1e2516604f06bba5ec153cf62685c","IPv4","final","","VPN","REMOTE","TLS/TCP","1785483079407005","2"
"global","vk","dns","nel.wb.ru","","","dns[2]:predefined","ru-adlist-hardcoded,geosite-ads,geosite-malware,geosite-phishing,geosite-cryptominers","BLOCK","BLOCK","DNS/A","1785483079407005","4"
"global","vk","dns","nel.wb.ru","","","dns[2]:predefined","ru-adlist-hardcoded,geosite-ads,geosite-malware,geosite-phishing,geosite-cryptominers","BLOCK","BLOCK","DNS/AAAA","1785483079407005","4"
"global","mail","dns","ext.clickstream.sberbank.ru","","","dns[2]:predefined","ru-adlist-hardcoded,geosite-ads,geosite-malware,geosite-phishing,geosite-cryptominers","BLOCK","BLOCK","DNS/AAAA","1785483079407005","6"
"global","mail","dns","ext.clickstream.sberbank.ru","","","dns[2]:predefined","ru-adlist-hardcoded,geosite-ads,geosite-malware,geosite-phishing,geosite-cryptominers","BLOCK","BLOCK","DNS/A","1785483079407005","6"
"global","mail","route","yastatic.net","hmac-sha256:d311f0b8b5da23f6d160bc4f75de0744","IPv6","final","","VPN","REMOTE","TLS/TCP","1785483079407005","4"
"global","mail","route","yandex.ru","hmac-sha256:bc907a410e60158ff593fb4e14e1ab62","IPv6","final","","VPN","REMOTE","TLS/TCP","1785483079407005","4"
"global","mail","dns","mail.ru","hmac-sha256:a41f9bf1da8ed872927dcb16dad3f031","IPv6","dns[3]:route","","VPN","REMOTE","DNS/AAAA","1785483079407005","1"
"global","mail","dns","mail.ru","hmac-sha256:1c6a00e8e380db5165d88eacc7adffd2","IPv6","dns[3]:route","","VPN","REMOTE","DNS/AAAA","1785483079407005","1"
"global","mail","dns","mail.ru","hmac-sha256:e62ff1d01a4350979961da4a5ec24694","IPv6","dns[3]:route","","VPN","REMOTE","DNS/AAAA","1785483079407005","1"
"global","mail","dns","img.imgsmail.ru","","","dns[3]:route","","VPN","REMOTE","DNS/AAAA","1785483079407005","1"
"global","mail","dns","mail.ru","hmac-sha256:780a54e9f6f78397acf9d191273ccb55","IPv4","dns[3]:route","","VPN","REMOTE","DNS/A","1785483079407005","1"
"global","mail","dns","mail.ru","hmac-sha256:0e88e449b9aaece2941fd8e029e946fa","IPv4","dns[3]:route","","VPN","REMOTE","DNS/A","1785483079407005","1"
"global","mail","dns","mail.ru","hmac-sha256:136916393aba716db9a6e3bb42983448","IPv4","dns[3]:route","","VPN","REMOTE","DNS/A","1785483079407005","1"
"global","mail","dns","img.imgsmail.ru","hmac-sha256:f9c0cbf48ade523c4c630121bec3afbd","IPv4","dns[3]:route","","VPN","REMOTE","DNS/A","1785483079407005","1"
"global","mail","route","mail.ru","hmac-sha256:a41f9bf1da8ed872927dcb16dad3f031","IPv6","final","","VPN","REMOTE","TLS/TCP","1785483079407005","4"
"global","mail","route","img.imgsmail.ru","hmac-sha256:f9c0cbf48ade523c4c630121bec3afbd","IPv4","final","","VPN","REMOTE","TLS/TCP","1785483079407005","1"
"global","mail","dns","home.imgsmail.ru","","","dns[3]:route","","VPN","REMOTE","DNS/AAAA","1785483079407005","1"
"global","mail","dns","home.imgsmail.ru","hmac-sha256:82a09651f7928aa740127247c90860ae","IPv4","dns[3]:route","","VPN","REMOTE","DNS/A","1785483079407005","1"
"global","mail","dns","home.imgsmail.ru","hmac-sha256:4b36a63dbac19bf5ab249bad69aaeb5f","IPv4","dns[3]:route","","VPN","REMOTE","DNS/A","1785483079407005","1"
"global","mail","dns","home.imgsmail.ru","hmac-sha256:f8cc4cb934f19f20cbcf7c1caa4ec2d6","IPv4","dns[3]:route","","VPN","REMOTE","DNS/A","1785483079407005","1"
"global","mail","dns","home.imgsmail.ru","hmac-sha256:a75726307bb8d4f512d28519eb5e506c","IPv4","dns[3]:route","","VPN","REMOTE","DNS/A","1785483079407005","1"
"global","mail","dns","home.imgsmail.ru","hmac-sha256:1f7b09094f3acb06092fc686fb152a1c","IPv4","dns[3]:route","","VPN","REMOTE","DNS/A","1785483079407005","1"
"global","mail","dns","home.imgsmail.ru","hmac-sha256:ad2f6cb0f59f5154c0267f52abaf5bef","IPv4","dns[3]:route","","VPN","REMOTE","DNS/A","1785483079407005","1"
"global","mail","dns","home.imgsmail.ru","hmac-sha256:ecc1ca1cbc691c26c0c7e5a9fec04ce6","IPv4","dns[3]:route","","VPN","REMOTE","DNS/A","1785483079407005","1"
"global","mail","dns","home.imgsmail.ru","hmac-sha256:e9a154ebac6e48d27a77982361b4ad69","IPv4","dns[3]:route","","VPN","REMOTE","DNS/A","1785483079407005","1"
"global","mail","dns","home.imgsmail.ru","hmac-sha256:b6df971cb4afcbbb12476db3fc36cfdb","IPv4","dns[3]:route","","VPN","REMOTE","DNS/A","1785483079407005","1"
"global","mail","dns","home.imgsmail.ru","hmac-sha256:e5b2526c1105dd8184c96f38f04e1f1e","IPv4","dns[3]:route","","VPN","REMOTE","DNS/A","1785483079407005","1"
"global","mail","route","home.imgsmail.ru","hmac-sha256:82a09651f7928aa740127247c90860ae","IPv4","final","","VPN","REMOTE","QUIC/UDP","1785483079407005","1"
"global","ok","dns","ext.clickstream.sberbank.ru","","","dns[2]:predefined","ru-adlist-hardcoded,geosite-ads,geosite-malware,geosite-phishing,geosite-cryptominers","BLOCK","BLOCK","DNS/AAAA","1785483079407005","6"
"global","ok","dns","ext.clickstream.sberbank.ru","","","dns[2]:predefined","ru-adlist-hardcoded,geosite-ads,geosite-malware,geosite-phishing,geosite-cryptominers","BLOCK","BLOCK","DNS/A","1785483079407005","6"
"global","ok","dns","ok.ru","","","dns[3]:route","","VPN","REMOTE","DNS/AAAA","1785483079407005","1"
"global","ok","dns","ok.ru","hmac-sha256:2bd6864b14ce4d41490ce7561ec90b92","IPv4","dns[3]:route","","VPN","REMOTE","DNS/A","1785483079407005","1"
"global","ok","dns","ok.ru","hmac-sha256:1956fccd234ccb2a998c8bb4a0e0e950","IPv4","dns[3]:route","","VPN","REMOTE","DNS/A","1785483079407005","1"
"global","ok","route","ok.ru","hmac-sha256:2bd6864b14ce4d41490ce7561ec90b92","IPv4","final","","VPN","REMOTE","TLS/TCP","1785483079407005","1"
"global","ok","route","home.imgsmail.ru","hmac-sha256:b6df971cb4afcbbb12476db3fc36cfdb","IPv4","final","","VPN","REMOTE","TLS/TCP","1785483079407005","2"
"global","ok","dns","mc.yandex.ru","","","dns[2]:predefined","ru-adlist-hardcoded,geosite-ads,geosite-malware,geosite-phishing,geosite-cryptominers","BLOCK","BLOCK","DNS/A","1785483079407005","12"
"global","ok","dns","mc.yandex.ru","","","dns[2]:predefined","ru-adlist-hardcoded,geosite-ads,geosite-malware,geosite-phishing,geosite-cryptominers","BLOCK","BLOCK","DNS/AAAA","1785483079407005","12"
"global","ok","dns","rs.mail.ru","","","dns[2]:predefined","ru-adlist-hardcoded,geosite-ads,geosite-malware,geosite-phishing,geosite-cryptominers","BLOCK","BLOCK","DNS/AAAA","1785483079407005","4"
"global","ok","dns","rs.mail.ru","","","dns[2]:predefined","ru-adlist-hardcoded,geosite-ads,geosite-malware,geosite-phishing,geosite-cryptominers","BLOCK","BLOCK","DNS/A","1785483079407005","4"
"global","ok","route","dzen.ru","hmac-sha256:eb47607ba9696d91150bd9bd73787dc9","IPv6","final","","VPN","REMOTE","TLS/TCP","1785483079407005","2"
"global","ok","dns","ad.mail.ru","","","dns[2]:predefined","ru-adlist-hardcoded,geosite-ads,geosite-malware,geosite-phishing,geosite-cryptominers","BLOCK","BLOCK","DNS/AAAA","1785483079407005","8"
"global","ok","dns","ad.mail.ru","","","dns[2]:predefined","ru-adlist-hardcoded,geosite-ads,geosite-malware,geosite-phishing,geosite-cryptominers","BLOCK","BLOCK","DNS/A","1785483079407005","8"
"global","ok","dns","top-fwz1.mail.ru","","","dns[2]:predefined","ru-adlist-hardcoded,geosite-ads,geosite-malware,geosite-phishing,geosite-cryptominers","BLOCK","BLOCK","DNS/AAAA","1785483079407005","8"
"global","ok","dns","top-fwz1.mail.ru","","","dns[2]:predefined","ru-adlist-hardcoded,geosite-ads,geosite-malware,geosite-phishing,geosite-cryptominers","BLOCK","BLOCK","DNS/A","1785483079407005","8"
"global","ok","dns","732231.ms.ok.ru","","","dns[3]:route","","VPN","REMOTE","DNS/AAAA","1785483079407005","1"
"global","ok","dns","732231.ms.ok.ru","hmac-sha256:e4d5e88da6ccc393f6ded1c056f5eb41","IPv4","dns[3]:route","","VPN","REMOTE","DNS/A","1785483079407005","1"
"global","ok","dns","732231.ms.ok.ru","hmac-sha256:20323e20c9e359341c21311dad9276ff","IPv4","dns[3]:route","","VPN","REMOTE","DNS/A","1785483079407005","1"
"global","ok","dns","732231.ms.ok.ru","hmac-sha256:6230a6c7202da08a334cf49bcd748e9f","IPv4","dns[3]:route","","VPN","REMOTE","DNS/A","1785483079407005","1"
"global","ok","route","732231.ms.ok.ru","hmac-sha256:e4d5e88da6ccc393f6ded1c056f5eb41","IPv4","final","","VPN","REMOTE","TLS/TCP","1785483079407005","1"
"global","ok","route","home.imgsmail.ru","hmac-sha256:ecc1ca1cbc691c26c0c7e5a9fec04ce6","IPv4","final","","VPN","REMOTE","TLS/TCP","1785483079407005","1"
"global","ok","dns","api.vk.ru","hmac-sha256:47dbcbcf6e8844e166131fce75b7d60c","IPv4","dns[3]:route","","VPN","REMOTE","DNS/A","1785483079407005","1"
"global","ok","dns","api.vk.ru","hmac-sha256:297bda1f19148b8253df55351538e75e","IPv4","dns[3]:route","","VPN","REMOTE","DNS/A","1785483079407005","1"
"global","ok","dns","api.vk.ru","hmac-sha256:81cf1c45eabf3bc760268cab908d203f","IPv4","dns[3]:route","","VPN","REMOTE","DNS/A","1785483079407005","1"
"global","ok","dns","api.vk.ru","hmac-sha256:510018d401bc2588aee1fdd4b916519d","IPv4","dns[3]:route","","VPN","REMOTE","DNS/A","1785483079407005","1"
"global","ok","dns","api.vk.ru","hmac-sha256:f74d567e5d71af1260c0ab020c85e7ab","IPv4","dns[3]:route","","VPN","REMOTE","DNS/A","1785483079407005","1"
"global","ok","dns","api.vk.ru","hmac-sha256:04ffc2220d33e387f6e4084e9e66b92c","IPv4","dns[3]:route","","VPN","REMOTE","DNS/A","1785483079407005","1"
"global","ok","dns","api.vk.ru","hmac-sha256:149fc3f9825f104a6ec4337fb3ba7550","IPv4","dns[3]:route","","VPN","REMOTE","DNS/A","1785483079407005","1"
"global","ok","dns","api.vk.ru","hmac-sha256:2ce2dc60786e50b8a4cfe4a27e654262","IPv4","dns[3]:route","","VPN","REMOTE","DNS/A","1785483079407005","1"
"global","ok","dns","api.vk.ru","hmac-sha256:29f1e2516604f06bba5ec153cf62685c","IPv4","dns[3]:route","","VPN","REMOTE","DNS/A","1785483079407005","1"
"global","ok","dns","api.vk.ru","","","dns[3]:route","","VPN","REMOTE","DNS/AAAA","1785483079407005","1"
"global","ok","route","api.vk.ru","hmac-sha256:47dbcbcf6e8844e166131fce75b7d60c","IPv4","final","","VPN","REMOTE","TLS/TCP","1785483079407005","2"
"global","dzen","dns","ext.clickstream.sberbank.ru","","","dns[2]:predefined","ru-adlist-hardcoded,geosite-ads,geosite-malware,geosite-phishing,geosite-cryptominers","BLOCK","BLOCK","DNS/AAAA","1785483079407005","6"
"global","dzen","dns","ext.clickstream.sberbank.ru","","","dns[2]:predefined","ru-adlist-hardcoded,geosite-ads,geosite-malware,geosite-phishing,geosite-cryptominers","BLOCK","BLOCK","DNS/A","1785483079407005","6"
"global","dzen","route","dzen.ru","hmac-sha256:eb47607ba9696d91150bd9bd73787dc9","IPv6","final","","VPN","REMOTE","TLS/TCP","1785483079407005","8"
"global","dzen","dns","an.yandex.ru","","","dns[2]:predefined","ru-adlist-hardcoded,geosite-ads,geosite-malware,geosite-phishing,geosite-cryptominers","BLOCK","BLOCK","DNS/AAAA","1785483079407005","4"
"global","dzen","dns","an.yandex.ru","","","dns[2]:predefined","ru-adlist-hardcoded,geosite-ads,geosite-malware,geosite-phishing,geosite-cryptominers","BLOCK","BLOCK","DNS/A","1785483079407005","4"
"global","dzen","route","yastatic.net","hmac-sha256:d311f0b8b5da23f6d160bc4f75de0744","IPv6","final","","VPN","REMOTE","TLS/TCP","1785483079407005","4"
"global","twogis","dns","ext.clickstream.sberbank.ru","","","dns[2]:predefined","ru-adlist-hardcoded,geosite-ads,geosite-malware,geosite-phishing,geosite-cryptominers","BLOCK","BLOCK","DNS/AAAA","1785483079407005","14"
"global","twogis","dns","ext.clickstream.sberbank.ru","","","dns[2]:predefined","ru-adlist-hardcoded,geosite-ads,geosite-malware,geosite-phishing,geosite-cryptominers","BLOCK","BLOCK","DNS/A","1785483079407005","14"
"global","twogis","dns","2gis.ru","hmac-sha256:098f4b578fe0d8d8959540610829322d","IPv4","dns[3]:route","","VPN","REMOTE","DNS/A","1785483079407005","1"
"global","twogis","dns","2gis.ru","","","dns[3]:route","","VPN","REMOTE","DNS/AAAA","1785483079407005","1"
"global","twogis","route","2gis.ru","hmac-sha256:098f4b578fe0d8d8959540610829322d","IPv4","final","","VPN","REMOTE","TLS/TCP","1785483079407005","1"
"global","twogis","dns","d-assets.2gis.ru","","","dns[3]:route","","VPN","REMOTE","DNS/AAAA","1785483079407005","1"
"global","twogis","dns","d-assets.2gis.ru","hmac-sha256:14a21e8efd7260f9d9036e831631c29e","IPv4","dns[3]:route","","VPN","REMOTE","DNS/A","1785483079407005","1"
"global","twogis","route","d-assets.2gis.ru","hmac-sha256:14a21e8efd7260f9d9036e831631c29e","IPv4","final","","VPN","REMOTE","TLS/TCP","1785483079407005","2"
"global","twogis","dns","top-fwz1.mail.ru","","","dns[2]:predefined","ru-adlist-hardcoded,geosite-ads,geosite-malware,geosite-phishing,geosite-cryptominers","BLOCK","BLOCK","DNS/AAAA","1785483079407005","16"
"global","twogis","dns","top-fwz1.mail.ru","","","dns[2]:predefined","ru-adlist-hardcoded,geosite-ads,geosite-malware,geosite-phishing,geosite-cryptominers","BLOCK","BLOCK","DNS/A","1785483079407005","16"
"global","twogis","dns","ams2-cdn.2gis.com","","","dns[3]:route","","VPN","REMOTE","DNS/AAAA","1785483079407005","1"
"global","twogis","dns","mapgl.2gis.com","","","dns[3]:route","","VPN","REMOTE","DNS/AAAA","1785483079407005","1"
"global","twogis","dns","tile0.maps.2gis.com","hmac-sha256:83d0e17671258d5f3a6522c2ec590734","IPv4","dns[3]:route","","VPN","REMOTE","DNS/A","1785483079407005","1"
"global","twogis","dns","keys.api.2gis.com","hmac-sha256:83d0e17671258d5f3a6522c2ec590734","IPv4","dns[3]:route","","VPN","REMOTE","DNS/A","1785483079407005","1"
"global","twogis","dns","mapgl.2gis.com","hmac-sha256:83d0e17671258d5f3a6522c2ec590734","IPv4","dns[3]:route","","VPN","REMOTE","DNS/A","1785483079407005","1"
"global","twogis","dns","mc.yandex.ru","","","dns[2]:predefined","ru-adlist-hardcoded,geosite-ads,geosite-malware,geosite-phishing,geosite-cryptominers","BLOCK","BLOCK","DNS/AAAA","1785483079407005","12"
"global","twogis","dns","mc.yandex.ru","","","dns[2]:predefined","ru-adlist-hardcoded,geosite-ads,geosite-malware,geosite-phishing,geosite-cryptominers","BLOCK","BLOCK","DNS/A","1785483079407005","12"
"global","twogis","route","mapgl.2gis.com","hmac-sha256:83d0e17671258d5f3a6522c2ec590734","IPv4","final","","VPN","REMOTE","TLS/TCP","1785483079407005","1"
"global","twogis","dns","ams2-cdn.2gis.com","hmac-sha256:fefb602c7a0fdc79746cef4ccba7def5","IPv4","dns[3]:route","","VPN","REMOTE","DNS/A","1785483079407005","1"
"global","twogis","route","ams2-cdn.2gis.com","hmac-sha256:fefb602c7a0fdc79746cef4ccba7def5","IPv4","final","","VPN","REMOTE","TLS/TCP","1785483079407005","2"
"global","twogis","dns","tile0.maps.2gis.com","","","dns[3]:route","","VPN","REMOTE","DNS/AAAA","1785483079407005","1"
"global","twogis","route","tile0.maps.2gis.com","hmac-sha256:83d0e17671258d5f3a6522c2ec590734","IPv4","final","","VPN","REMOTE","TLS/TCP","1785483079407005","1"
"global","twogis","dns","keys.api.2gis.com","","","dns[3]:route","","VPN","REMOTE","DNS/AAAA","1785483079407005","1"
"global","twogis","route","keys.api.2gis.com","hmac-sha256:83d0e17671258d5f3a6522c2ec590734","IPv4","final","","VPN","REMOTE","TLS/TCP","1785483079407005","1"
"global","twogis","dns","tile3.maps.2gis.com","hmac-sha256:83d0e17671258d5f3a6522c2ec590734","IPv4","dns[3]:route","","VPN","REMOTE","DNS/A","1785483079407005","1"
"global","twogis","dns","tile3.maps.2gis.com","","","dns[3]:route","","VPN","REMOTE","DNS/AAAA","1785483079407005","1"
"global","twogis","dns","s1.bss.2gis.com","","","dns[2]:predefined","ru-adlist-hardcoded,geosite-ads,geosite-malware,geosite-phishing,geosite-cryptominers","BLOCK","BLOCK","DNS/AAAA","1785483079407005","28"
"global","twogis","dns","s1.bss.2gis.com","","","dns[2]:predefined","ru-adlist-hardcoded,geosite-ads,geosite-malware,geosite-phishing,geosite-cryptominers","BLOCK","BLOCK","DNS/A","1785483079407005","28"
"global","twogis","dns","tile2.maps.2gis.com","","","dns[3]:route","","VPN","REMOTE","DNS/AAAA","1785483079407005","1"
"global","twogis","dns","tile1.maps.2gis.com","hmac-sha256:83d0e17671258d5f3a6522c2ec590734","IPv4","dns[3]:route","","VPN","REMOTE","DNS/A","1785483079407005","1"
"global","twogis","dns","tile1.maps.2gis.com","","","dns[3]:route","","VPN","REMOTE","DNS/AAAA","1785483079407005","1"
"global","twogis","dns","tile2.maps.2gis.com","hmac-sha256:83d0e17671258d5f3a6522c2ec590734","IPv4","dns[3]:route","","VPN","REMOTE","DNS/A","1785483079407005","1"
"global","twogis","dns","mobile-weather.api.2gis.ru","","","dns[3]:route","","VPN","REMOTE","DNS/AAAA","1785483079407005","1"
"global","twogis","dns","styles.api.2gis.com","","","dns[3]:route","","VPN","REMOTE","DNS/AAAA","1785483079407005","1"
"global","twogis","dns","jam.api.2gis.com","","","dns[3]:route","","VPN","REMOTE","DNS/AAAA","1785483079407005","1"
"global","twogis","dns","jam.api.2gis.com","hmac-sha256:aa02cc9568864f7a9b7c918fbf4da465","IPv4","dns[3]:route","","VPN","REMOTE","DNS/A","1785483079407005","1"
"global","twogis","route","jam.api.2gis.com","hmac-sha256:aa02cc9568864f7a9b7c918fbf4da465","IPv4","final","","VPN","REMOTE","TLS/TCP","1785483079407005","1"
"global","twogis","dns","catalog.api.2gis.ru","","","dns[3]:route","","VPN","REMOTE","DNS/AAAA","1785483079407005","1"
"global","twogis","dns","styles.api.2gis.com","hmac-sha256:83d0e17671258d5f3a6522c2ec590734","IPv4","dns[3]:route","","VPN","REMOTE","DNS/A","1785483079407005","1"
"global","twogis","dns","mobile-weather.api.2gis.ru","hmac-sha256:aa02cc9568864f7a9b7c918fbf4da465","IPv4","dns[3]:route","","VPN","REMOTE","DNS/A","1785483079407005","1"
"global","twogis","route","mobile-weather.api.2gis.ru","hmac-sha256:aa02cc9568864f7a9b7c918fbf4da465","IPv4","final","","VPN","REMOTE","TLS/TCP","1785483079407005","1"
"global","twogis","dns","catalog.api.2gis.ru","hmac-sha256:098f4b578fe0d8d8959540610829322d","IPv4","dns[3]:route","","VPN","REMOTE","DNS/A","1785483079407005","1"
"global","twogis","route","catalog.api.2gis.ru","hmac-sha256:098f4b578fe0d8d8959540610829322d","IPv4","final","","VPN","REMOTE","TLS/TCP","1785483079407005","1"
"global","twogis","route","tile1.maps.2gis.com","hmac-sha256:83d0e17671258d5f3a6522c2ec590734","IPv4","final","","VPN","REMOTE","TLS/TCP","1785483079407005","3"
"global","twogis","route","tile2.maps.2gis.com","hmac-sha256:83d0e17671258d5f3a6522c2ec590734","IPv4","final","","VPN","REMOTE","TLS/TCP","1785483079407005","5"
"global","twogis","route","tile3.maps.2gis.com","hmac-sha256:83d0e17671258d5f3a6522c2ec590734","IPv4","final","","VPN","REMOTE","TLS/TCP","1785483079407005","2"
"global","twogis","route","ams2-cdn.2gis.com","hmac-sha256:fefb602c7a0fdc79746cef4ccba7def5","IPv4","final","","VPN","REMOTE","QUIC/UDP","1785483079407005","1"
"global","twogis","dns","disk.2gis.com","","","dns[3]:route","","VPN","REMOTE","DNS/AAAA","1785483079407005","1"
"global","twogis","dns","disk.2gis.com","hmac-sha256:649af4c5aac3460463d032d9cc3d2c9a","IPv4","dns[3]:route","","VPN","REMOTE","DNS/A","1785483079407005","1"
"global","twogis","route","disk.2gis.com","hmac-sha256:649af4c5aac3460463d032d9cc3d2c9a","IPv4","final","","VPN","REMOTE","TLS/TCP","1785483079407005","3"
"global","rutube","dns","ext.clickstream.sberbank.ru","","","dns[2]:predefined","ru-adlist-hardcoded,geosite-ads,geosite-malware,geosite-phishing,geosite-cryptominers","BLOCK","BLOCK","DNS/AAAA","1785483079407005","6"
"global","rutube","dns","ext.clickstream.sberbank.ru","","","dns[2]:predefined","ru-adlist-hardcoded,geosite-ads,geosite-malware,geosite-phishing,geosite-cryptominers","BLOCK","BLOCK","DNS/A","1785483079407005","6"
"global","rutube","dns","rutube.ru","hmac-sha256:fa1359211e401facec2244c55e3dd4e7","IPv4","dns[3]:route","","VPN","REMOTE","DNS/A","1785483079407005","1"
"global","rutube","dns","rutube.ru","hmac-sha256:9dba63e13fb86e8431d48e6dd7e78ee1","IPv4","dns[3]:route","","VPN","REMOTE","DNS/A","1785483079407005","1"
"global","rutube","dns","rutube.ru","","","dns[3]:route","","VPN","REMOTE","DNS/AAAA","1785483079407005","1"
"global","rutube","dns","static.rutube.ru","","","dns[3]:route","","VPN","REMOTE","DNS/AAAA","1785483079407005","1"
"global","rutube","route","rutube.ru","hmac-sha256:fa1359211e401facec2244c55e3dd4e7","IPv4","final","","VPN","REMOTE","TLS/TCP","1785483079407005","2"
"global","rutube","route","yastatic.net","hmac-sha256:d311f0b8b5da23f6d160bc4f75de0744","IPv6","final","","VPN","REMOTE","TLS/TCP","1785483079407005","4"
"global","rutube","dns","static.rutube.ru","hmac-sha256:a0c737cf4905ead941aa7977a626045c","IPv4","dns[3]:route","","VPN","REMOTE","DNS/A","1785483079407005","1"
"global","rutube","route","static.rutube.ru","hmac-sha256:a0c737cf4905ead941aa7977a626045c","IPv4","final","","VPN","REMOTE","TLS/TCP","1785483079407005","2"
"global","rutube","dns","mc.yandex.ru","","","dns[2]:predefined","ru-adlist-hardcoded,geosite-ads,geosite-malware,geosite-phishing,geosite-cryptominers","BLOCK","BLOCK","DNS/AAAA","1785483079407005","20"
"global","rutube","dns","mc.yandex.ru","","","dns[2]:predefined","ru-adlist-hardcoded,geosite-ads,geosite-malware,geosite-phishing,geosite-cryptominers","BLOCK","BLOCK","DNS/A","1785483079407005","20"
"global","rutube","route","avatars.mds.yandex.net","hmac-sha256:c21142e28133b7497e1ce2ecec40bb39","IPv6","final","","VPN","REMOTE","TLS/TCP","1785483079407005","2"
"global","rutube","dns","test.rutube.ru","hmac-sha256:9b1ba478ee5b347cdb8ade3654b21ff0","IPv4","dns[3]:route","","VPN","REMOTE","DNS/A","1785483079407005","1"
"global","rutube","dns","test.rutube.ru","","","dns[3]:route","","VPN","REMOTE","DNS/AAAA","1785483079407005","1"
"global","rutube","route","test.rutube.ru","hmac-sha256:9b1ba478ee5b347cdb8ade3654b21ff0","IPv4","final","","VPN","REMOTE","TLS/TCP","1785483079407005","1"
"global","rutube","dns","goya.rutube.ru","","","dns[2]:predefined","ru-adlist-hardcoded,geosite-ads,geosite-malware,geosite-phishing,geosite-cryptominers","BLOCK","BLOCK","DNS/AAAA","1785483079407005","16"
"global","rutube","dns","goya.rutube.ru","","","dns[2]:predefined","ru-adlist-hardcoded,geosite-ads,geosite-malware,geosite-phishing,geosite-cryptominers","BLOCK","BLOCK","DNS/A","1785483079407005","16"
"global","rutube","dns","ac.rutube.ru","","","dns[3]:route","","VPN","REMOTE","DNS/AAAA","1785483079407005","1"
"global","rutube","route","yandex.ru","hmac-sha256:bc907a410e60158ff593fb4e14e1ab62","IPv6","final","","VPN","REMOTE","TLS/TCP","1785483079407005","8"
"global","rutube","dns","ac.rutube.ru","hmac-sha256:aa251292e1749ed4685cfbd4c71c25e9","IPv4","dns[3]:route","","VPN","REMOTE","DNS/A","1785483079407005","1"
"global","rutube","route","ac.rutube.ru","hmac-sha256:aa251292e1749ed4685cfbd4c71c25e9","IPv4","final","","VPN","REMOTE","TLS/TCP","1785483079407005","1"
"global","rutube","dns","a.rutube.ru","","","dns[2]:predefined","ru-adlist-hardcoded,geosite-ads,geosite-malware,geosite-phishing,geosite-cryptominers","BLOCK","BLOCK","DNS/AAAA","1785483079407005","4"
"global","rutube","dns","a.rutube.ru","","","dns[2]:predefined","ru-adlist-hardcoded,geosite-ads,geosite-malware,geosite-phishing,geosite-cryptominers","BLOCK","BLOCK","DNS/A","1785483079407005","4"
"global","rutube","dns","log.rutube.ru","","","dns[2]:predefined","ru-adlist-hardcoded,geosite-ads,geosite-malware,geosite-phishing,geosite-cryptominers","BLOCK","BLOCK","DNS/AAAA","1785483079407005","4"
"global","rutube","dns","log.rutube.ru","","","dns[2]:predefined","ru-adlist-hardcoded,geosite-ads,geosite-malware,geosite-phishing,geosite-cryptominers","BLOCK","BLOCK","DNS/A","1785483079407005","4"
"global","rustore","dns","ext.clickstream.sberbank.ru","","","dns[2]:predefined","ru-adlist-hardcoded,geosite-ads,geosite-malware,geosite-phishing,geosite-cryptominers","BLOCK","BLOCK","DNS/AAAA","1785483079407005","6"
"global","rustore","dns","ext.clickstream.sberbank.ru","","","dns[2]:predefined","ru-adlist-hardcoded,geosite-ads,geosite-malware,geosite-phishing,geosite-cryptominers","BLOCK","BLOCK","DNS/A","1785483079407005","6"
"global","rustore","dns","top-fwz1.mail.ru","","","dns[2]:predefined","ru-adlist-hardcoded,geosite-ads,geosite-malware,geosite-phishing,geosite-cryptominers","BLOCK","BLOCK","DNS/AAAA","1785483079407005","24"
"global","rustore","dns","ad.mail.ru","","","dns[2]:predefined","ru-adlist-hardcoded,geosite-ads,geosite-malware,geosite-phishing,geosite-cryptominers","BLOCK","BLOCK","DNS/AAAA","1785483079407005","8"
"global","rustore","dns","ad.mail.ru","","","dns[2]:predefined","ru-adlist-hardcoded,geosite-ads,geosite-malware,geosite-phishing,geosite-cryptominers","BLOCK","BLOCK","DNS/A","1785483079407005","8"
"global","rustore","dns","top-fwz1.mail.ru","","","dns[2]:predefined","ru-adlist-hardcoded,geosite-ads,geosite-malware,geosite-phishing,geosite-cryptominers","BLOCK","BLOCK","DNS/A","1785483079407005","24"
"global","rustore","dns","www.rustore.ru","","","dns[3]:route","","VPN","REMOTE","DNS/AAAA","1785483079407005","1"
"global","rustore","dns","www.rustore.ru","hmac-sha256:fca429aaf3715adcece76d2df8ac075e","IPv4","dns[3]:route","","VPN","REMOTE","DNS/A","1785483079407005","1"
"global","rustore","route","www.rustore.ru","hmac-sha256:fca429aaf3715adcece76d2df8ac075e","IPv4","final","","VPN","REMOTE","TLS/TCP","1785483079407005","1"
"global","rustore","dns","mc.yandex.ru","","","dns[2]:predefined","ru-adlist-hardcoded,geosite-ads,geosite-malware,geosite-phishing,geosite-cryptominers","BLOCK","BLOCK","DNS/AAAA","1785483079407005","12"
"global","rustore","dns","mc.yandex.ru","","","dns[2]:predefined","ru-adlist-hardcoded,geosite-ads,geosite-malware,geosite-phishing,geosite-cryptominers","BLOCK","BLOCK","DNS/A","1785483079407005","12"
"global","rustore","dns","trk.mail.ru","hmac-sha256:8a2e12d41694ad412ba095a1018fafbb","IPv4","dns[3]:route","","VPN","REMOTE","DNS/A","1785483079407005","1"
"global","rustore","dns","imgs2.imgsmail.ru","","","dns[3]:route","","VPN","REMOTE","DNS/AAAA","1785483079407005","1"
"global","rustore","dns","omicron.rustore.ru","","","dns[3]:route","","VPN","REMOTE","DNS/AAAA","1785483079407005","1"
"global","rustore","dns","omicron.rustore.ru","hmac-sha256:659728bc82c30ff07d4f9317fa2f163e","IPv4","dns[3]:route","","VPN","REMOTE","DNS/A","1785483079407005","1"
"global","rustore","route","omicron.rustore.ru","hmac-sha256:659728bc82c30ff07d4f9317fa2f163e","IPv4","final","","VPN","REMOTE","TLS/TCP","1785483079407005","1"
"global","rustore","dns","trk.mail.ru","hmac-sha256:43b268ef291fee301208c56233258ee2","IPv6","dns[3]:route","","VPN","REMOTE","DNS/AAAA","1785483079407005","1"
"global","rustore","dns","imgs2.imgsmail.ru","hmac-sha256:a75726307bb8d4f512d28519eb5e506c","IPv4","dns[3]:route","","VPN","REMOTE","DNS/A","1785483079407005","1"
"global","rustore","dns","imgs2.imgsmail.ru","hmac-sha256:ecc1ca1cbc691c26c0c7e5a9fec04ce6","IPv4","dns[3]:route","","VPN","REMOTE","DNS/A","1785483079407005","1"
"global","rustore","dns","imgs2.imgsmail.ru","hmac-sha256:e660c57d93a678eb130c87ffd6739111","IPv4","dns[3]:route","","VPN","REMOTE","DNS/A","1785483079407005","1"
"global","rustore","dns","imgs2.imgsmail.ru","hmac-sha256:b56c74b065868d4a9501fb58e616632f","IPv4","dns[3]:route","","VPN","REMOTE","DNS/A","1785483079407005","1"
"global","rustore","dns","imgs2.imgsmail.ru","hmac-sha256:01761745471a65688dfe09a291e0a4b6","IPv4","dns[3]:route","","VPN","REMOTE","DNS/A","1785483079407005","1"
"global","rustore","dns","imgs2.imgsmail.ru","hmac-sha256:6b8134fcff3ac020786cff2aab7e4326","IPv4","dns[3]:route","","VPN","REMOTE","DNS/A","1785483079407005","1"
"global","rustore","dns","imgs2.imgsmail.ru","hmac-sha256:e9a154ebac6e48d27a77982361b4ad69","IPv4","dns[3]:route","","VPN","REMOTE","DNS/A","1785483079407005","1"
"global","rustore","dns","imgs2.imgsmail.ru","hmac-sha256:8b49cd6eadc0fdc65a7faca3a7ed3bc3","IPv4","dns[3]:route","","VPN","REMOTE","DNS/A","1785483079407005","1"
"global","rustore","dns","imgs2.imgsmail.ru","hmac-sha256:ad2f6cb0f59f5154c0267f52abaf5bef","IPv4","dns[3]:route","","VPN","REMOTE","DNS/A","1785483079407005","1"
"global","rustore","dns","imgs2.imgsmail.ru","hmac-sha256:1f7b09094f3acb06092fc686fb152a1c","IPv4","dns[3]:route","","VPN","REMOTE","DNS/A","1785483079407005","1"
"global","rustore","route","trk.mail.ru","hmac-sha256:43b268ef291fee301208c56233258ee2","IPv6","final","","VPN","REMOTE","TLS/TCP","1785483079407005","2"
"global","rustore","route","imgs2.imgsmail.ru","hmac-sha256:a75726307bb8d4f512d28519eb5e506c","IPv4","final","","VPN","REMOTE","TLS/TCP","1785483079407005","1"
"global","rustore","dns","xray.mail.ru","","","dns[2]:predefined","ru-adlist-hardcoded,geosite-ads,geosite-malware,geosite-phishing,geosite-cryptominers","BLOCK","BLOCK","DNS/AAAA","1785483079407005","8"
"global","rustore","dns","xray.mail.ru","","","dns[2]:predefined","ru-adlist-hardcoded,geosite-ads,geosite-malware,geosite-phishing,geosite-cryptominers","BLOCK","BLOCK","DNS/A","1785483079407005","8"
"global","rustore","route","www.sberbank.ru","hmac-sha256:8908d5a743c7c9e2755d8c7649940c98","IPv4","final","","VPN","REMOTE","TLS/TCP","1785483079407005","1"
"global","rzd","dns","ext.clickstream.sberbank.ru","","","dns[2]:predefined","ru-adlist-hardcoded,geosite-ads,geosite-malware,geosite-phishing,geosite-cryptominers","BLOCK","BLOCK","DNS/A","1785483079407005","12"
"global","rzd","dns","ext.clickstream.sberbank.ru","","","dns[2]:predefined","ru-adlist-hardcoded,geosite-ads,geosite-malware,geosite-phishing,geosite-cryptominers","BLOCK","BLOCK","DNS/AAAA","1785483079407005","12"
"global","rzd","dns","ext.clickstream.sberbank.ru","","","dns[2]:predefined","ru-adlist-hardcoded,geosite-ads,geosite-malware,geosite-phishing,geosite-cryptominers","BLOCK","BLOCK","DNS/HTTPS","1785483079407005","6"
"global","rzd","dns","www.rzd.ru","","","dns[3]:route","","VPN","REMOTE","DNS/AAAA","1785483079407005","3"
"global","rzd","dns","www.rzd.ru","","","dns[3]:route","","VPN","REMOTE","DNS/HTTPS","1785483079407005","1"
"global","rzd","dns","www.rzd.ru","hmac-sha256:8e127411ee65de08bdae771e559b2710","IPv4","dns[3]:route","","VPN","REMOTE","DNS/A","1785483079407005","3"
"global","rzd","dns","www.rzd.ru","hmac-sha256:490ad30f63aa5123f75555232cbba788","IPv4","dns[3]:route","","VPN","REMOTE","DNS/A","1785483079407005","3"
"global","rzd","dns","www.rzd.ru","hmac-sha256:981965bfb418a8928c8d25cf95cabfa7","IPv4","dns[3]:route","","VPN","REMOTE","DNS/A","1785483079407005","3"
"global","rzd","dns","www.rzd.ru","hmac-sha256:acacb98f3cf4f51f16d76cfbc8fd782a","IPv4","dns[3]:route","","VPN","REMOTE","DNS/A","1785483079407005","3"
"global","rzd","dns","www.rzd.ru","hmac-sha256:26e1922a67f49c5510330940195e25f0","IPv4","dns[3]:route","","VPN","REMOTE","DNS/A","1785483079407005","3"
"global","rzd","dns","www.rzd.ru","hmac-sha256:5abe3c95a05cf4ac14afe65f9e72c189","IPv4","dns[3]:route","","VPN","REMOTE","DNS/A","1785483079407005","3"
"global","rzd","dns","www.rzd.ru","hmac-sha256:7a2fdc4e6326dd940841a1fd1085fabf","IPv4","dns[3]:route","","VPN","REMOTE","DNS/A","1785483079407005","3"
"global","rzd","dns","www.rzd.ru","hmac-sha256:82a5180c40659651450d62e0b10fdbb0","IPv4","dns[3]:route","","VPN","REMOTE","DNS/A","1785483079407005","3"
"global","rzd","dns","www.rzd.ru","hmac-sha256:996643d4a00662e8c10c035bc81fe786","IPv4","dns[3]:route","","VPN","REMOTE","DNS/A","1785483079407005","3"
"global","rzd","dns","www.rzd.ru","hmac-sha256:eec1a81e0b87d24ec0122deef7d7fe15","IPv4","dns[3]:route","","VPN","REMOTE","DNS/A","1785483079407005","3"
"global","rzd","dns","www.rzd.ru","hmac-sha256:5c43b8d109677a052c23c2cb99c1b6ac","IPv4","dns[3]:route","","VPN","REMOTE","DNS/A","1785483079407005","3"
"global","rzd","dns","www.rzd.ru","hmac-sha256:4f583b2dfa09f45649b564d2dedbba8c","IPv4","dns[3]:route","","VPN","REMOTE","DNS/A","1785483079407005","3"
"global","rzd","route","www.rzd.ru","hmac-sha256:8e127411ee65de08bdae771e559b2710","IPv4","final","","VPN","REMOTE","TLS/TCP","1785483079407005","4"
"global","rzd","dns","ticket.rzd.ru","","","dns[3]:route","","VPN","REMOTE","DNS/HTTPS","1785483079407005","1"
"global","rzd","dns","ticket.rzd.ru","","","dns[3]:route","","VPN","REMOTE","DNS/AAAA","1785483079407005","1"
"global","rzd","dns","ticket.rzd.ru","hmac-sha256:996643d4a00662e8c10c035bc81fe786","IPv4","dns[3]:route","","VPN","REMOTE","DNS/A","1785483079407005","1"
"global","rzd","dns","ticket.rzd.ru","hmac-sha256:981965bfb418a8928c8d25cf95cabfa7","IPv4","dns[3]:route","","VPN","REMOTE","DNS/A","1785483079407005","1"
"global","rzd","dns","ticket.rzd.ru","hmac-sha256:7a2fdc4e6326dd940841a1fd1085fabf","IPv4","dns[3]:route","","VPN","REMOTE","DNS/A","1785483079407005","1"
"global","rzd","dns","ticket.rzd.ru","hmac-sha256:82a5180c40659651450d62e0b10fdbb0","IPv4","dns[3]:route","","VPN","REMOTE","DNS/A","1785483079407005","1"
"global","rzd","dns","ticket.rzd.ru","hmac-sha256:5c43b8d109677a052c23c2cb99c1b6ac","IPv4","dns[3]:route","","VPN","REMOTE","DNS/A","1785483079407005","1"
"global","rzd","dns","ticket.rzd.ru","hmac-sha256:eec1a81e0b87d24ec0122deef7d7fe15","IPv4","dns[3]:route","","VPN","REMOTE","DNS/A","1785483079407005","1"
"global","rzd","dns","ticket.rzd.ru","hmac-sha256:acacb98f3cf4f51f16d76cfbc8fd782a","IPv4","dns[3]:route","","VPN","REMOTE","DNS/A","1785483079407005","1"
"global","rzd","dns","ticket.rzd.ru","hmac-sha256:490ad30f63aa5123f75555232cbba788","IPv4","dns[3]:route","","VPN","REMOTE","DNS/A","1785483079407005","1"
"global","rzd","dns","ticket.rzd.ru","hmac-sha256:26e1922a67f49c5510330940195e25f0","IPv4","dns[3]:route","","VPN","REMOTE","DNS/A","1785483079407005","1"
"global","rzd","dns","ticket.rzd.ru","hmac-sha256:5abe3c95a05cf4ac14afe65f9e72c189","IPv4","dns[3]:route","","VPN","REMOTE","DNS/A","1785483079407005","1"
"global","rzd","dns","ticket.rzd.ru","hmac-sha256:8e127411ee65de08bdae771e559b2710","IPv4","dns[3]:route","","VPN","REMOTE","DNS/A","1785483079407005","1"
"global","rzd","dns","ticket.rzd.ru","hmac-sha256:4f583b2dfa09f45649b564d2dedbba8c","IPv4","dns[3]:route","","VPN","REMOTE","DNS/A","1785483079407005","1"
"global","rzd","route","ticket.rzd.ru","hmac-sha256:996643d4a00662e8c10c035bc81fe786","IPv4","final","","VPN","REMOTE","TLS/TCP","1785483079407005","2"
"global","aeroflot","dns","ext.clickstream.sberbank.ru","","","dns[2]:predefined","ru-adlist-hardcoded,geosite-ads,geosite-malware,geosite-phishing,geosite-cryptominers","BLOCK","BLOCK","DNS/AAAA","1785483079407005","20"
"global","aeroflot","dns","ext.clickstream.sberbank.ru","","","dns[2]:predefined","ru-adlist-hardcoded,geosite-ads,geosite-malware,geosite-phishing,geosite-cryptominers","BLOCK","BLOCK","DNS/HTTPS","1785483079407005","10"
"global","aeroflot","dns","ext.clickstream.sberbank.ru","","","dns[2]:predefined","ru-adlist-hardcoded,geosite-ads,geosite-malware,geosite-phishing,geosite-cryptominers","BLOCK","BLOCK","DNS/A","1785483079407005","20"
"global","aeroflot","dns","www.aeroflot.ru","hmac-sha256:38436cb98bae7eeabe25ecd576e3349b","IPv4","dns[3]:route","","VPN","REMOTE","DNS/A","1785483079407005","5"
"global","aeroflot","dns","www.aeroflot.ru","","","dns[3]:route","","VPN","REMOTE","DNS/AAAA","1785483079407005","5"
"global","aeroflot","route","www.aeroflot.ru","hmac-sha256:38436cb98bae7eeabe25ecd576e3349b","IPv4","final","","VPN","REMOTE","TLS/TCP","1785483079407005","1"
"global","aeroflot","dns","www.aeroflot.ru","","","dns[3]:route","","VPN","REMOTE","DNS/HTTPS","1785483079407005","2"
"global","aeroflot","dns","netstorage.aeroflot.ru","","","dns[3]:route","","VPN","REMOTE","DNS/AAAA","1785483079407005","3"
"global","aeroflot","dns","netstorage.aeroflot.ru","","","dns[3]:route","","VPN","REMOTE","DNS/HTTPS","1785483079407005","2"
"global","aeroflot","dns","netstorage.aeroflot.ru","hmac-sha256:65f8b5f3bba44a57a0c2922c66d274c6","IPv4","dns[3]:route","","VPN","REMOTE","DNS/A","1785483079407005","3"
"global","aeroflot","route","netstorage.aeroflot.ru","hmac-sha256:65f8b5f3bba44a57a0c2922c66d274c6","IPv4","final","","VPN","REMOTE","TLS/TCP","1785483079407005","1"
"global","hh","dns","ext.clickstream.sberbank.ru","","","dns[2]:predefined","ru-adlist-hardcoded,geosite-ads,geosite-malware,geosite-phishing,geosite-cryptominers","BLOCK","BLOCK","DNS/AAAA","1785483079407005","12"
"global","hh","dns","ext.clickstream.sberbank.ru","","","dns[2]:predefined","ru-adlist-hardcoded,geosite-ads,geosite-malware,geosite-phishing,geosite-cryptominers","BLOCK","BLOCK","DNS/A","1785483079407005","12"
"global","hh","dns","ext.clickstream.sberbank.ru","","","dns[2]:predefined","ru-adlist-hardcoded,geosite-ads,geosite-malware,geosite-phishing,geosite-cryptominers","BLOCK","BLOCK","DNS/HTTPS","1785483079407005","6"
"global","hh","dns","hh.ru","hmac-sha256:2583cce2ecbe548bf977d6f6d57b9b68","IPv4","dns[3]:route","","VPN","REMOTE","DNS/A","1785483079407005","7"
"global","hh","dns","hh.ru","","","dns[3]:route","","VPN","REMOTE","DNS/HTTPS","1785483079407005","2"
"global","hh","dns","hh.ru","","","dns[3]:route","","VPN","REMOTE","DNS/AAAA","1785483079407005","7"
"global","hh","dns","penza.hh.ru","hmac-sha256:2583cce2ecbe548bf977d6f6d57b9b68","IPv4","dns[3]:route","","VPN","REMOTE","DNS/A","1785483079407005","3"
"global","hh","dns","yastatic.net","hmac-sha256:d311f0b8b5da23f6d160bc4f75de0744","IPv6","dns[3]:route","","VPN","REMOTE","DNS/AAAA","1785483079407005","1"
"global","hh","dns","yastatic.net","","","dns[3]:route","","VPN","REMOTE","DNS/HTTPS","1785483079407005","1"
"global","hh","dns","yastatic.net","hmac-sha256:c63b0e8c2ba1f0c49a5006635aa1c942","IPv4","dns[3]:route","","VPN","REMOTE","DNS/A","1785483079407005","1"
"global","hh","route","hh.ru","hmac-sha256:2583cce2ecbe548bf977d6f6d57b9b68","IPv4","final","","VPN","REMOTE","TLS/TCP","1785483079407005","1"
"global","hh","route","yastatic.net","hmac-sha256:d311f0b8b5da23f6d160bc4f75de0744","IPv6","final","","VPN","REMOTE","TLS/TCP","1785483079407005","4"
"global","hh","dns","penza.hh.ru","","","dns[3]:route","","VPN","REMOTE","DNS/HTTPS","1785483079407005","2"
"global","hh","dns","i.hh.ru","","","dns[3]:route","","VPN","REMOTE","DNS/HTTPS","1785483079407005","2"
"global","hh","dns","i.hh.ru","hmac-sha256:2583cce2ecbe548bf977d6f6d57b9b68","IPv4","dns[3]:route","","VPN","REMOTE","DNS/A","1785483079407005","3"
"global","hh","dns","penza.hh.ru","","","dns[3]:route","","VPN","REMOTE","DNS/AAAA","1785483079407005","3"
"global","hh","dns","i.hh.ru","","","dns[3]:route","","VPN","REMOTE","DNS/AAAA","1785483079407005","3"
"global","hh","route","penza.hh.ru","hmac-sha256:2583cce2ecbe548bf977d6f6d57b9b68","IPv4","final","","VPN","REMOTE","TLS/TCP","1785483079407005","1"
"global","hh","route","i.hh.ru","hmac-sha256:2583cce2ecbe548bf977d6f6d57b9b68","IPv4","final","","VPN","REMOTE","TLS/TCP","1785483079407005","1"
"global","hh","dns","vk.com","","","dns[3]:route","","VPN","REMOTE","DNS/HTTPS","1785483079407005","1"
"global","hh","dns","vk.com","","","dns[3]:route","","VPN","REMOTE","DNS/AAAA","1785483079407005","1"
"global","hh","dns","vk.com","hmac-sha256:cb80de3009db15e5e9ea02bc4e3ca287","IPv4","dns[3]:route","","VPN","REMOTE","DNS/A","1785483079407005","1"
"global","hh","dns","vk.com","hmac-sha256:ce5591aef86ca8963b851b08ba6f7ca9","IPv4","dns[3]:route","","VPN","REMOTE","DNS/A","1785483079407005","1"
"global","hh","dns","vk.com","hmac-sha256:d2d4339f5be3d9bca7134724463b3a5b","IPv4","dns[3]:route","","VPN","REMOTE","DNS/A","1785483079407005","1"
"global","hh","dns","vk.com","hmac-sha256:517d688a8b4129e5f9563199be420f1a","IPv4","dns[3]:route","","VPN","REMOTE","DNS/A","1785483079407005","1"
"global","hh","dns","vk.com","hmac-sha256:3936444b20e96f651dbe366a46881bbb","IPv4","dns[3]:route","","VPN","REMOTE","DNS/A","1785483079407005","1"
"global","hh","dns","vk.com","hmac-sha256:16cab3b11487410c23ad45a6550c67b7","IPv4","dns[3]:route","","VPN","REMOTE","DNS/A","1785483079407005","1"
"global","hh","route","vk.com","hmac-sha256:cb80de3009db15e5e9ea02bc4e3ca287","IPv4","final","","VPN","REMOTE","TLS/TCP","1785483079407005","1"
"global","hh","dns","cpa.hh.ru","","","dns[2]:predefined","ru-adlist-hardcoded,geosite-ads,geosite-malware,geosite-phishing,geosite-cryptominers","BLOCK","BLOCK","DNS/HTTPS","1785483079407005","4"
"global","hh","dns","cpa.hh.ru","","","dns[2]:predefined","ru-adlist-hardcoded,geosite-ads,geosite-malware,geosite-phishing,geosite-cryptominers","BLOCK","BLOCK","DNS/AAAA","1785483079407005","8"
"global","hh","dns","cpa.hh.ru","","","dns[2]:predefined","ru-adlist-hardcoded,geosite-ads,geosite-malware,geosite-phishing,geosite-cryptominers","BLOCK","BLOCK","DNS/A","1785483079407005","7"
"global","hh","dns","top-fwz1.mail.ru","","","dns[2]:predefined","ru-adlist-hardcoded,geosite-ads,geosite-malware,geosite-phishing,geosite-cryptominers","BLOCK","BLOCK","DNS/HTTPS","1785483079407005","24"
"global","hh","dns","top-fwz1.mail.ru","","","dns[2]:predefined","ru-adlist-hardcoded,geosite-ads,geosite-malware,geosite-phishing,geosite-cryptominers","BLOCK","BLOCK","DNS/AAAA","1785483079407005","48"
"global","hh","dns","top-fwz1.mail.ru","","","dns[2]:predefined","ru-adlist-hardcoded,geosite-ads,geosite-malware,geosite-phishing,geosite-cryptominers","BLOCK","BLOCK","DNS/A","1785483079407005","48"
"global","hh","dns","sentry.hh.ru","","","dns[3]:route","","VPN","REMOTE","DNS/AAAA","1785483079407005","3"
"global","hh","dns","sentry.hh.ru","","","dns[3]:route","","VPN","REMOTE","DNS/HTTPS","1785483079407005","2"
"global","hh","dns","sentry.hh.ru","hmac-sha256:0650ddee968f4704f360be2b56b09583","IPv4","dns[3]:route","","VPN","REMOTE","DNS/A","1785483079407005","3"
"global","hh","route","sentry.hh.ru","hmac-sha256:0650ddee968f4704f360be2b56b09583","IPv4","final","","VPN","REMOTE","TLS/TCP","1785483079407005","1"
"global","hh","dns","privacy-cs.mail.ru","","","dns[3]:route","","VPN","REMOTE","DNS/HTTPS","1785483079407005","2"
"global","hh","dns","privacy-cs.mail.ru","hmac-sha256:ea46dadf808dacc775de81512abf83a6","IPv6","dns[3]:route","","VPN","REMOTE","DNS/AAAA","1785483079407005","3"
"global","hh","dns","privacy-cs.mail.ru","hmac-sha256:cbbba737c1756389a1cbdad79720bb2a","IPv4","dns[3]:route","","VPN","REMOTE","DNS/A","1785483079407005","3"
"global","hh","route","privacy-cs.mail.ru","hmac-sha256:ea46dadf808dacc775de81512abf83a6","IPv6","final","","VPN","REMOTE","TLS/TCP","1785483079407005","2"
"global","hh","dns","hhcdn.ru","","","dns[3]:route","","VPN","REMOTE","DNS/HTTPS","1785483079407005","4"
"global","hh","dns","hhcdn.ru","","","dns[3]:route","","VPN","REMOTE","DNS/AAAA","1785483079407005","7"
"global","hh","dns","hhcdn.ru","hmac-sha256:2583cce2ecbe548bf977d6f6d57b9b68","IPv4","dns[3]:route","","VPN","REMOTE","DNS/A","1785483079407005","7"
"global","hh","route","hhcdn.ru","hmac-sha256:2583cce2ecbe548bf977d6f6d57b9b68","IPv4","final","","VPN","REMOTE","TLS/TCP","1785483079407005","2"
"global","hh","dns","adsrv.hh.ru","","","dns[2]:predefined","ru-adlist-hardcoded,geosite-ads,geosite-malware,geosite-phishing,geosite-cryptominers","BLOCK","BLOCK","DNS/AAAA","1785483079407005","16"
"global","hh","dns","adsrv.hh.ru","","","dns[2]:predefined","ru-adlist-hardcoded,geosite-ads,geosite-malware,geosite-phishing,geosite-cryptominers","BLOCK","BLOCK","DNS/HTTPS","1785483079407005","8"
"global","hh","dns","adsrv.hh.ru","","","dns[2]:predefined","ru-adlist-hardcoded,geosite-ads,geosite-malware,geosite-phishing,geosite-cryptominers","BLOCK","BLOCK","DNS/A","1785483079407005","15"
"global","hh","dns","mc.yandex.ru","","","dns[2]:predefined","ru-adlist-hardcoded,geosite-ads,geosite-malware,geosite-phishing,geosite-cryptominers","BLOCK","BLOCK","DNS/AAAA","1785483079407005","47"
"global","hh","dns","mc.yandex.ru","","","dns[2]:predefined","ru-adlist-hardcoded,geosite-ads,geosite-malware,geosite-phishing,geosite-cryptominers","BLOCK","BLOCK","DNS/HTTPS","1785483079407005","24"
"global","hh","dns","mc.yandex.ru","","","dns[2]:predefined","ru-adlist-hardcoded,geosite-ads,geosite-malware,geosite-phishing,geosite-cryptominers","BLOCK","BLOCK","DNS/A","1785483079407005","47"
"global","hh","dns","avatars.mds.yandex.net","hmac-sha256:c5179ae253c8d6f97d894f7b2a037c5a","IPv4","dns[3]:route","","VPN","REMOTE","DNS/A","1785483079407005","1"
"global","hh","dns","avatars.mds.yandex.net","hmac-sha256:fa5a81b5bbe404c11366ad28cee3f52a","IPv4","dns[3]:route","","VPN","REMOTE","DNS/A","1785483079407005","1"
"global","hh","dns","avatars.mds.yandex.net","hmac-sha256:4c138f013d89674d22497f404ca45fbf","IPv4","dns[3]:route","","VPN","REMOTE","DNS/A","1785483079407005","1"
"global","hh","dns","avatars.mds.yandex.net","hmac-sha256:c21142e28133b7497e1ce2ecec40bb39","IPv6","dns[3]:route","","VPN","REMOTE","DNS/AAAA","1785483079407005","1"
"global","hh","route","avatars.mds.yandex.net","hmac-sha256:c21142e28133b7497e1ce2ecec40bb39","IPv6","final","","VPN","REMOTE","TLS/TCP","1785483079407005","2"
"global","hh","dns","yandex.ru","","","dns[3]:route","","VPN","REMOTE","DNS/HTTPS","1785483079407005","1"
"global","hh","dns","yandex.ru","hmac-sha256:bc907a410e60158ff593fb4e14e1ab62","IPv6","dns[3]:route","","VPN","REMOTE","DNS/AAAA","1785483079407005","1"
"global","hh","dns","yandex.ru","hmac-sha256:0c0e00545e06dd44fe125a866c9b5c40","IPv4","dns[3]:route","","VPN","REMOTE","DNS/A","1785483079407005","1"
"global","hh","dns","yandex.ru","hmac-sha256:a37eb1db85f1e7eb890f2895a24f3587","IPv4","dns[3]:route","","VPN","REMOTE","DNS/A","1785483079407005","1"
"global","hh","dns","yandex.ru","hmac-sha256:4a1e5e0eaaf6eb2bd25d2a213405ced0","IPv4","dns[3]:route","","VPN","REMOTE","DNS/A","1785483079407005","1"
"global","hh","route","yandex.ru","hmac-sha256:bc907a410e60158ff593fb4e14e1ab62","IPv6","final","","VPN","REMOTE","TLS/TCP","1785483079407005","14"
"global","hh","dns","avatars.mds.yandex.net","","","dns[3]:route","","VPN","REMOTE","DNS/HTTPS","1785483079407005","1"
"global","ria","dns","ext.clickstream.sberbank.ru","","","dns[2]:predefined","ru-adlist-hardcoded,geosite-ads,geosite-malware,geosite-phishing,geosite-cryptominers","BLOCK","BLOCK","DNS/A","1785483079407005","12"
"global","ria","dns","ext.clickstream.sberbank.ru","","","dns[2]:predefined","ru-adlist-hardcoded,geosite-ads,geosite-malware,geosite-phishing,geosite-cryptominers","BLOCK","BLOCK","DNS/HTTPS","1785483079407005","6"
"global","ria","dns","ext.clickstream.sberbank.ru","","","dns[2]:predefined","ru-adlist-hardcoded,geosite-ads,geosite-malware,geosite-phishing,geosite-cryptominers","BLOCK","BLOCK","DNS/AAAA","1785483079407005","12"
"global","ria","dns","yastatic.net","hmac-sha256:c63b0e8c2ba1f0c49a5006635aa1c942","IPv4","dns[3]:route","","VPN","REMOTE","DNS/A","1785483079407005","1"
"global","ria","dns","yastatic.net","hmac-sha256:d311f0b8b5da23f6d160bc4f75de0744","IPv6","dns[3]:route","","VPN","REMOTE","DNS/AAAA","1785483079407005","1"
"global","ria","dns","yastatic.net","","","dns[3]:route","","VPN","REMOTE","DNS/HTTPS","1785483079407005","1"
"global","ria","route","yastatic.net","hmac-sha256:d311f0b8b5da23f6d160bc4f75de0744","IPv6","final","","VPN","REMOTE","TLS/TCP","1785483079407005","4"
"global","ria","dns","ria.ru","","","dns[3]:route","","VPN","REMOTE","DNS/AAAA","1785483079407005","5"
"global","ria","dns","ria.ru","hmac-sha256:ed75a45e55385c95582be35809d41be0","IPv4","dns[3]:route","","VPN","REMOTE","DNS/A","1785483079407005","5"
"global","ria","route","ria.ru","hmac-sha256:ed75a45e55385c95582be35809d41be0","IPv4","final","","VPN","REMOTE","TLS/TCP","1785483079407005","1"
"global","ria","dns","cdnn21.img.ria.ru","","","dns[3]:route","","VPN","REMOTE","DNS/HTTPS","1785483079407005","2"
"global","ria","dns","ria.ru","","","dns[3]:route","","VPN","REMOTE","DNS/HTTPS","1785483079407005","2"
"global","ria","dns","cdnn21.img.ria.ru","hmac-sha256:3e75709770af1c0be8af3c695b41b65b","IPv6","dns[3]:route","","VPN","REMOTE","DNS/AAAA","1785483079407005","3"
"global","ria","dns","cdnn21.img.ria.ru","hmac-sha256:7c44339b3f397b924ef2b36637143250","IPv4","dns[3]:route","","VPN","REMOTE","DNS/A","1785483079407005","3"
"global","ria","route","cdnn21.img.ria.ru","hmac-sha256:3e75709770af1c0be8af3c695b41b65b","IPv6","final","","VPN","REMOTE","TLS/TCP","1785483079407005","10"
"global","ria","dns","top-fwz1.mail.ru","","","dns[2]:predefined","ru-adlist-hardcoded,geosite-ads,geosite-malware,geosite-phishing,geosite-cryptominers","BLOCK","BLOCK","DNS/AAAA","1785483079407005","32"
"global","ria","dns","top-fwz1.mail.ru","","","dns[2]:predefined","ru-adlist-hardcoded,geosite-ads,geosite-malware,geosite-phishing,geosite-cryptominers","BLOCK","BLOCK","DNS/HTTPS","1785483079407005","16"
"global","ria","dns","top-fwz1.mail.ru","","","dns[2]:predefined","ru-adlist-hardcoded,geosite-ads,geosite-malware,geosite-phishing,geosite-cryptominers","BLOCK","BLOCK","DNS/A","1785483079407005","31"
"global","ria","dns","a.ria.ru","","","dns[2]:predefined","ru-adlist-hardcoded,geosite-ads,geosite-malware,geosite-phishing,geosite-cryptominers","BLOCK","BLOCK","DNS/HTTPS","1785483079407005","4"
"global","ria","dns","a.ria.ru","","","dns[2]:predefined","ru-adlist-hardcoded,geosite-ads,geosite-malware,geosite-phishing,geosite-cryptominers","BLOCK","BLOCK","DNS/AAAA","1785483079407005","8"
"global","ria","dns","a.ria.ru","","","dns[2]:predefined","ru-adlist-hardcoded,geosite-ads,geosite-malware,geosite-phishing,geosite-cryptominers","BLOCK","BLOCK","DNS/A","1785483079407005","8"
"global","ria","dns","avatars.mds.yandex.net","","","dns[3]:route","","VPN","REMOTE","DNS/HTTPS","1785483079407005","1"
"global","ria","dns","avatars.mds.yandex.net","hmac-sha256:c5179ae253c8d6f97d894f7b2a037c5a","IPv4","dns[3]:route","","VPN","REMOTE","DNS/A","1785483079407005","1"
"global","ria","dns","avatars.mds.yandex.net","hmac-sha256:fa5a81b5bbe404c11366ad28cee3f52a","IPv4","dns[3]:route","","VPN","REMOTE","DNS/A","1785483079407005","1"
"global","ria","dns","avatars.mds.yandex.net","hmac-sha256:4c138f013d89674d22497f404ca45fbf","IPv4","dns[3]:route","","VPN","REMOTE","DNS/A","1785483079407005","1"
"global","ria","dns","avatars.mds.yandex.net","hmac-sha256:c21142e28133b7497e1ce2ecec40bb39","IPv6","dns[3]:route","","VPN","REMOTE","DNS/AAAA","1785483079407005","1"
"global","ria","dns","mc.yandex.ru","","","dns[2]:predefined","ru-adlist-hardcoded,geosite-ads,geosite-malware,geosite-phishing,geosite-cryptominers","BLOCK","BLOCK","DNS/HTTPS","1785483079407005","18"
"global","ria","dns","mc.yandex.ru","","","dns[2]:predefined","ru-adlist-hardcoded,geosite-ads,geosite-malware,geosite-phishing,geosite-cryptominers","BLOCK","BLOCK","DNS/AAAA","1785483079407005","36"
"global","ria","dns","mc.yandex.ru","","","dns[2]:predefined","ru-adlist-hardcoded,geosite-ads,geosite-malware,geosite-phishing,geosite-cryptominers","BLOCK","BLOCK","DNS/A","1785483079407005","35"
"global","ria","route","avatars.mds.yandex.net","hmac-sha256:c21142e28133b7497e1ce2ecec40bb39","IPv6","final","","VPN","REMOTE","TLS/TCP","1785483079407005","2"
"global","ria","dns","ad.mail.ru","","","dns[2]:predefined","ru-adlist-hardcoded,geosite-ads,geosite-malware,geosite-phishing,geosite-cryptominers","BLOCK","BLOCK","DNS/AAAA","1785483079407005","8"
"global","ria","dns","ad.mail.ru","","","dns[2]:predefined","ru-adlist-hardcoded,geosite-ads,geosite-malware,geosite-phishing,geosite-cryptominers","BLOCK","BLOCK","DNS/HTTPS","1785483079407005","4"
"global","ria","dns","ad.mail.ru","","","dns[2]:predefined","ru-adlist-hardcoded,geosite-ads,geosite-malware,geosite-phishing,geosite-cryptominers","BLOCK","BLOCK","DNS/A","1785483079407005","7"
"global","ria","dns","cm.ria.ru","hmac-sha256:d9c525c572c40c1fc453d6a96fe0a7c7","IPv4","dns[3]:route","","VPN","REMOTE","DNS/A","1785483079407005","3"
"global","ria","dns","cm.ria.ru","","","dns[3]:route","","VPN","REMOTE","DNS/HTTPS","1785483079407005","2"
"global","ria","dns","cm.ria.ru","","","dns[3]:route","","VPN","REMOTE","DNS/AAAA","1785483079407005","3"
"global","ria","route","cm.ria.ru","hmac-sha256:d9c525c572c40c1fc453d6a96fe0a7c7","IPv4","final","","VPN","REMOTE","TLS/TCP","1785483079407005","2"
"global","ria","dns","yandex.ru","","","dns[3]:route","","VPN","REMOTE","DNS/HTTPS","1785483079407005","1"
"global","ria","dns","yandex.ru","hmac-sha256:bc907a410e60158ff593fb4e14e1ab62","IPv6","dns[3]:route","","VPN","REMOTE","DNS/AAAA","1785483079407005","1"
"global","ria","dns","yandex.ru","hmac-sha256:0c0e00545e06dd44fe125a866c9b5c40","IPv4","dns[3]:route","","VPN","REMOTE","DNS/A","1785483079407005","1"
"global","ria","dns","yandex.ru","hmac-sha256:a37eb1db85f1e7eb890f2895a24f3587","IPv4","dns[3]:route","","VPN","REMOTE","DNS/A","1785483079407005","1"
"global","ria","dns","yandex.ru","hmac-sha256:4a1e5e0eaaf6eb2bd25d2a213405ced0","IPv4","dns[3]:route","","VPN","REMOTE","DNS/A","1785483079407005","1"
"global","ria","route","yandex.ru","hmac-sha256:bc907a410e60158ff593fb4e14e1ab62","IPv6","final","","VPN","REMOTE","TLS/TCP","1785483079407005","13"
"global","ria","dns","uaas.yandex.ru","","","dns[2]:predefined","ru-adlist-hardcoded,geosite-ads,geosite-malware,geosite-phishing,geosite-cryptominers","BLOCK","BLOCK","DNS/A","1785483079407005","80"
"global","ria","dns","uaas.yandex.ru","","","dns[2]:predefined","ru-adlist-hardcoded,geosite-ads,geosite-malware,geosite-phishing,geosite-cryptominers","BLOCK","BLOCK","DNS/HTTPS","1785483079407005","40"
"global","ria","dns","uaas.yandex.ru","","","dns[2]:predefined","ru-adlist-hardcoded,geosite-ads,geosite-malware,geosite-phishing,geosite-cryptominers","BLOCK","BLOCK","DNS/AAAA","1785483079407005","79"
"global","ria","dns","nfw.ria.ru","","","dns[3]:route","","VPN","REMOTE","DNS/HTTPS","1785483079407005","2"
"global","ria","dns","nfw.ria.ru","hmac-sha256:fb12af39dced18c9f332f50a876fed3d","IPv4","dns[3]:route","","VPN","REMOTE","DNS/A","1785483079407005","3"
"global","ria","dns","nfw.ria.ru","","","dns[3]:route","","VPN","REMOTE","DNS/AAAA","1785483079407005","3"
"global","ria","route","nfw.ria.ru","hmac-sha256:fb12af39dced18c9f332f50a876fed3d","IPv4","final","","VPN","REMOTE","TLS/TCP","1785483079407005","1"
"global","lenta","dns","ext.clickstream.sberbank.ru","","","dns[2]:predefined","ru-adlist-hardcoded,geosite-ads,geosite-malware,geosite-phishing,geosite-cryptominers","BLOCK","BLOCK","DNS/HTTPS","1785483079407005","6"
"global","lenta","dns","ext.clickstream.sberbank.ru","","","dns[2]:predefined","ru-adlist-hardcoded,geosite-ads,geosite-malware,geosite-phishing,geosite-cryptominers","BLOCK","BLOCK","DNS/A","1785483079407005","12"
"global","lenta","dns","ext.clickstream.sberbank.ru","","","dns[2]:predefined","ru-adlist-hardcoded,geosite-ads,geosite-malware,geosite-phishing,geosite-cryptominers","BLOCK","BLOCK","DNS/AAAA","1785483079407005","12"
"global","lenta","route","yandex.ru","hmac-sha256:bc907a410e60158ff593fb4e14e1ab62","IPv6","final","","VPN","REMOTE","TLS/TCP","1785483079407005","3"
"global","lenta","dns","yandex.ru","","","dns[3]:route","","VPN","REMOTE","DNS/HTTPS","1785483079407005","1"
"global","lenta","dns","yandex.ru","hmac-sha256:bc907a410e60158ff593fb4e14e1ab62","IPv6","dns[3]:route","","VPN","REMOTE","DNS/AAAA","1785483079407005","1"
"global","lenta","dns","yandex.ru","hmac-sha256:0c0e00545e06dd44fe125a866c9b5c40","IPv4","dns[3]:route","","VPN","REMOTE","DNS/A","1785483079407005","1"
"global","lenta","dns","yandex.ru","hmac-sha256:a37eb1db85f1e7eb890f2895a24f3587","IPv4","dns[3]:route","","VPN","REMOTE","DNS/A","1785483079407005","1"
"global","lenta","dns","yandex.ru","hmac-sha256:4a1e5e0eaaf6eb2bd25d2a213405ced0","IPv4","dns[3]:route","","VPN","REMOTE","DNS/A","1785483079407005","1"
"global","lenta","dns","lenta.ru","","","dns[3]:route","","VPN","REMOTE","DNS/AAAA","1785483079407005","5"
"global","lenta","dns","lenta.ru","","","dns[3]:route","","VPN","REMOTE","DNS/HTTPS","1785483079407005","2"
"global","lenta","dns","icdn.lenta.ru","","","dns[3]:route","","VPN","REMOTE","DNS/HTTPS","1785483079407005","2"
"global","lenta","dns","icdn.lenta.ru","","","dns[3]:route","","VPN","REMOTE","DNS/AAAA","1785483079407005","3"
"global","lenta","dns","lenta.ru","hmac-sha256:066cf097e1b6c7759639e185b0eb4f0b","IPv4","dns[3]:route","","VPN","REMOTE","DNS/A","1785483079407005","5"
"global","lenta","dns","lenta.ru","hmac-sha256:9c301c03f6ccce176d4c0fa9650ba5ff","IPv4","dns[3]:route","","VPN","REMOTE","DNS/A","1785483079407005","5"
"global","lenta","dns","lenta.ru","hmac-sha256:6ae37e434639ad6422f562aa84703189","IPv4","dns[3]:route","","VPN","REMOTE","DNS/A","1785483079407005","5"
"global","lenta","route","lenta.ru","hmac-sha256:066cf097e1b6c7759639e185b0eb4f0b","IPv4","final","","VPN","REMOTE","TLS/TCP","1785483079407005","1"
"global","lenta","dns","yastatic.net","hmac-sha256:d311f0b8b5da23f6d160bc4f75de0744","IPv6","dns[3]:route","","VPN","REMOTE","DNS/AAAA","1785483079407005","1"
"global","lenta","dns","yastatic.net","","","dns[3]:route","","VPN","REMOTE","DNS/HTTPS","1785483079407005","1"
"global","lenta","dns","yastatic.net","hmac-sha256:c63b0e8c2ba1f0c49a5006635aa1c942","IPv4","dns[3]:route","","VPN","REMOTE","DNS/A","1785483079407005","1"
"global","lenta","route","yastatic.net","hmac-sha256:d311f0b8b5da23f6d160bc4f75de0744","IPv6","final","","VPN","REMOTE","TLS/TCP","1785483079407005","2"
"global","lenta","dns","icdn.lenta.ru","hmac-sha256:9c301c03f6ccce176d4c0fa9650ba5ff","IPv4","dns[3]:route","","VPN","REMOTE","DNS/A","1785483079407005","3"
"global","lenta","dns","icdn.lenta.ru","hmac-sha256:6ae37e434639ad6422f562aa84703189","IPv4","dns[3]:route","","VPN","REMOTE","DNS/A","1785483079407005","3"
"global","lenta","dns","icdn.lenta.ru","hmac-sha256:066cf097e1b6c7759639e185b0eb4f0b","IPv4","dns[3]:route","","VPN","REMOTE","DNS/A","1785483079407005","3"
"global","lenta","route","icdn.lenta.ru","hmac-sha256:9c301c03f6ccce176d4c0fa9650ba5ff","IPv4","final","","VPN","REMOTE","TLS/TCP","1785483079407005","1"
"global","lenta","dns","avatars.mds.yandex.net","","","dns[3]:route","","VPN","REMOTE","DNS/HTTPS","1785483079407005","1"
"global","lenta","dns","mc.yandex.ru","","","dns[2]:predefined","ru-adlist-hardcoded,geosite-ads,geosite-malware,geosite-phishing,geosite-cryptominers","BLOCK","BLOCK","DNS/AAAA","1785483079407005","28"
"global","lenta","dns","avatars.mds.yandex.net","hmac-sha256:c21142e28133b7497e1ce2ecec40bb39","IPv6","dns[3]:route","","VPN","REMOTE","DNS/AAAA","1785483079407005","1"
"global","lenta","dns","avatars.mds.yandex.net","hmac-sha256:c5179ae253c8d6f97d894f7b2a037c5a","IPv4","dns[3]:route","","VPN","REMOTE","DNS/A","1785483079407005","1"
"global","lenta","dns","avatars.mds.yandex.net","hmac-sha256:fa5a81b5bbe404c11366ad28cee3f52a","IPv4","dns[3]:route","","VPN","REMOTE","DNS/A","1785483079407005","1"
"global","lenta","dns","avatars.mds.yandex.net","hmac-sha256:4c138f013d89674d22497f404ca45fbf","IPv4","dns[3]:route","","VPN","REMOTE","DNS/A","1785483079407005","1"
"global","lenta","dns","mc.yandex.ru","","","dns[2]:predefined","ru-adlist-hardcoded,geosite-ads,geosite-malware,geosite-phishing,geosite-cryptominers","BLOCK","BLOCK","DNS/HTTPS","1785483079407005","14"
"global","lenta","dns","mc.yandex.ru","","","dns[2]:predefined","ru-adlist-hardcoded,geosite-ads,geosite-malware,geosite-phishing,geosite-cryptominers","BLOCK","BLOCK","DNS/A","1785483079407005","27"
"global","lenta","route","avatars.mds.yandex.net","hmac-sha256:c21142e28133b7497e1ce2ecec40bb39","IPv6","final","","VPN","REMOTE","TLS/TCP","1785483079407005","2"
"global","lenta","dns","top-fwz1.mail.ru","","","dns[2]:predefined","ru-adlist-hardcoded,geosite-ads,geosite-malware,geosite-phishing,geosite-cryptominers","BLOCK","BLOCK","DNS/HTTPS","1785483079407005","14"
"global","lenta","dns","top-fwz1.mail.ru","","","dns[2]:predefined","ru-adlist-hardcoded,geosite-ads,geosite-malware,geosite-phishing,geosite-cryptominers","BLOCK","BLOCK","DNS/AAAA","1785483079407005","28"
"global","lenta","dns","top-fwz1.mail.ru","","","dns[2]:predefined","ru-adlist-hardcoded,geosite-ads,geosite-malware,geosite-phishing,geosite-cryptominers","BLOCK","BLOCK","DNS/A","1785483079407005","28"
"global","lenta","dns","err.lenta.ru","","","dns[3]:route","","VPN","REMOTE","DNS/HTTPS","1785483079407005","2"
"global","lenta","dns","err.lenta.ru","","","dns[3]:route","","VPN","REMOTE","DNS/AAAA","1785483079407005","3"
"global","lenta","dns","err.lenta.ru","hmac-sha256:6da0c24fbca751e6632829f6326df9a0","IPv4","dns[3]:route","","VPN","REMOTE","DNS/A","1785483079407005","3"
"global","lenta","dns","err.lenta.ru","hmac-sha256:957e2ce2fcb3729531ed941e0cb9a63a","IPv4","dns[3]:route","","VPN","REMOTE","DNS/A","1785483079407005","3"
"global","lenta","dns","err.lenta.ru","hmac-sha256:439b7333ee04d36ca5751c4452f44696","IPv4","dns[3]:route","","VPN","REMOTE","DNS/A","1785483079407005","3"
"global","lenta","route","err.lenta.ru","hmac-sha256:6da0c24fbca751e6632829f6326df9a0","IPv4","final","","VPN","REMOTE","TLS/TCP","1785483079407005","5"
"global","lenta","dns","api.lenta.ru","","","dns[3]:route","","VPN","REMOTE","DNS/HTTPS","1785483079407005","2"
"global","lenta","dns","api.lenta.ru","","","dns[3]:route","","VPN","REMOTE","DNS/AAAA","1785483079407005","3"
"global","lenta","route","err.lenta.ru","hmac-sha256:6da0c24fbca751e6632829f6326df9a0","IPv4","final","","VPN","REMOTE","TCP","1785483079407005","1"
"global","lenta","dns","api.lenta.ru","hmac-sha256:066cf097e1b6c7759639e185b0eb4f0b","IPv4","dns[3]:route","","VPN","REMOTE","DNS/A","1785483079407005","3"
"global","lenta","dns","api.lenta.ru","hmac-sha256:9c301c03f6ccce176d4c0fa9650ba5ff","IPv4","dns[3]:route","","VPN","REMOTE","DNS/A","1785483079407005","3"
"global","lenta","dns","api.lenta.ru","hmac-sha256:6ae37e434639ad6422f562aa84703189","IPv4","dns[3]:route","","VPN","REMOTE","DNS/A","1785483079407005","3"
"global","lenta","route","api.lenta.ru","hmac-sha256:066cf097e1b6c7759639e185b0eb4f0b","IPv4","final","","VPN","REMOTE","TLS/TCP","1785483079407005","9"
"global","ru_public_exit","dns","2ip.ru","","","dns[3]:route","","VPN","REMOTE","DNS/AAAA","1785493225999748","4"
"global","ru_public_exit","dns","2ip.ru","","","dns[3]:route","","VPN","REMOTE","DNS/HTTPS","1785493225999748","1"
"global","ru_public_exit","dns","2ip.ru","hmac-sha256:5cfdb7e5f077a2fc2f4bd558adadd13c","IPv4","dns[3]:route","","VPN","REMOTE","DNS/A","1785493225999748","4"
"global","ru_public_exit","route","2ip.ru","hmac-sha256:5cfdb7e5f077a2fc2f4bd558adadd13c","IPv4","final","","VPN","REMOTE","TLS/TCP","1785493225999748","1"
"global","global_public_exit","dns","ipinfo.io","","","dns[3]:route","","VPN","REMOTE","DNS/AAAA","1785493225999748","2"
"global","global_public_exit","dns","ipinfo.io","hmac-sha256:3b782eb8cd7d423c4024ff575390fb63","IPv4","dns[3]:route","","VPN","REMOTE","DNS/A","1785493225999748","2"
"global","global_public_exit","dns","ipinfo.io","","","dns[3]:route","","VPN","REMOTE","DNS/HTTPS","1785493225999748","1"
"global","global_public_exit","route","ipinfo.io","hmac-sha256:3b782eb8cd7d423c4024ff575390fb63","IPv4","final","","VPN","REMOTE","QUIC/UDP","1785493225999748","1"
"global","global_public_exit","dns","website-cdn.assets.ipinfo.io","hmac-sha256:8c4a45b6b7e41aa33c18ddca5a72db22","IPv6","dns[3]:route","","VPN","REMOTE","DNS/AAAA","1785493225999748","1"
"global","global_public_exit","dns","website-cdn.assets.ipinfo.io","hmac-sha256:bd0c8930800f820a887016bd522208ff","IPv6","dns[3]:route","","VPN","REMOTE","DNS/AAAA","1785493225999748","1"
"global","global_public_exit","dns","website-cdn.assets.ipinfo.io","hmac-sha256:3040a4b0c8a65c7419b3f24597fad71b","IPv4","dns[3]:route","","VPN","REMOTE","DNS/A","1785493225999748","1"
"global","global_public_exit","dns","website-cdn.assets.ipinfo.io","hmac-sha256:efad8fd318b9e5b4bdaf3e9a25d11b2d","IPv4","dns[3]:route","","VPN","REMOTE","DNS/A","1785493225999748","1"
"global","global_public_exit","dns","website-cdn.assets.ipinfo.io","hmac-sha256:efad8fd318b9e5b4bdaf3e9a25d11b2d","IPv4","dns[3]:route","","VPN","REMOTE","DNS/HTTPS","1785493225999748","1"
"global","global_public_exit","dns","website-cdn.assets.ipinfo.io","hmac-sha256:3040a4b0c8a65c7419b3f24597fad71b","IPv4","dns[3]:route","","VPN","REMOTE","DNS/HTTPS","1785493225999748","1"
"global","global_public_exit","dns","website-cdn.assets.ipinfo.io","hmac-sha256:bd0c8930800f820a887016bd522208ff","IPv6","dns[3]:route","","VPN","REMOTE","DNS/HTTPS","1785493225999748","1"
"global","global_public_exit","dns","website-cdn.assets.ipinfo.io","hmac-sha256:8c4a45b6b7e41aa33c18ddca5a72db22","IPv6","dns[3]:route","","VPN","REMOTE","DNS/HTTPS","1785493225999748","1"
"global","global_public_exit","route","website-cdn.assets.ipinfo.io","hmac-sha256:8c4a45b6b7e41aa33c18ddca5a72db22","IPv6","final","","VPN","REMOTE","TLS/TCP","1785493225999748","9"
"global","global_public_exit","dns","cdn.assets.ipinfo.io","hmac-sha256:efad8fd318b9e5b4bdaf3e9a25d11b2d","IPv4","dns[3]:route","","VPN","REMOTE","DNS/A","1785493225999748","1"
"global","global_public_exit","dns","cdn.assets.ipinfo.io","hmac-sha256:3040a4b0c8a65c7419b3f24597fad71b","IPv4","dns[3]:route","","VPN","REMOTE","DNS/A","1785493225999748","1"
"global","global_public_exit","dns","cdn.assets.ipinfo.io","hmac-sha256:8c4a45b6b7e41aa33c18ddca5a72db22","IPv6","dns[3]:route","","VPN","REMOTE","DNS/AAAA","1785493225999748","1"
"global","global_public_exit","dns","cdn.assets.ipinfo.io","hmac-sha256:bd0c8930800f820a887016bd522208ff","IPv6","dns[3]:route","","VPN","REMOTE","DNS/AAAA","1785493225999748","1"
"global","global_public_exit","dns","cdn.assets.ipinfo.io","hmac-sha256:efad8fd318b9e5b4bdaf3e9a25d11b2d","IPv4","dns[3]:route","","VPN","REMOTE","DNS/HTTPS","1785493225999748","1"
"global","global_public_exit","dns","cdn.assets.ipinfo.io","hmac-sha256:3040a4b0c8a65c7419b3f24597fad71b","IPv4","dns[3]:route","","VPN","REMOTE","DNS/HTTPS","1785493225999748","1"
"global","global_public_exit","dns","cdn.assets.ipinfo.io","hmac-sha256:bd0c8930800f820a887016bd522208ff","IPv6","dns[3]:route","","VPN","REMOTE","DNS/HTTPS","1785493225999748","1"
"global","global_public_exit","dns","cdn.assets.ipinfo.io","hmac-sha256:8c4a45b6b7e41aa33c18ddca5a72db22","IPv6","dns[3]:route","","VPN","REMOTE","DNS/HTTPS","1785493225999748","1"
"global","global_public_exit","route","cdn.assets.ipinfo.io","hmac-sha256:8c4a45b6b7e41aa33c18ddca5a72db22","IPv6","final","","VPN","REMOTE","TLS/TCP","1785493225999748","2"
"global","ipv6","dns","test-ipv6.com","","","dns[3]:route","","VPN","REMOTE","DNS/AAAA","1785493225999748","2"
"global","ipv6","dns","test-ipv6.com","","","dns[3]:route","","VPN","REMOTE","DNS/HTTPS","1785493225999748","1"
"global","ipv6","dns","test-ipv6.com","hmac-sha256:e8e310e718ee47ecac9c754839db6272","IPv4","dns[3]:route","","VPN","REMOTE","DNS/A","1785493225999748","2"
"global","ipv6","route","test-ipv6.com","hmac-sha256:e8e310e718ee47ecac9c754839db6272","IPv4","final","","VPN","REMOTE","TLS/TCP","1785493225999748","2"
"global","ipv6","dns","ipv6.lookup.test-ipv6.com","hmac-sha256:00f133ddaf46021098730f24cf794854","IPv6","dns[3]:route","","VPN","REMOTE","DNS/AAAA","1785493225999748","1"
"global","ipv6","dns","ipv6.lookup.test-ipv6.com","","","dns[3]:route","","VPN","REMOTE","DNS/A","1785493225999748","1"
"global","ipv6","dns","ipv4.singapore.test-ipv6.com","","","dns[3]:route","","VPN","REMOTE","DNS/HTTPS","1785493225999748","1"
"global","ipv6","dns","ipv4.singapore.test-ipv6.com","","","dns[3]:route","","VPN","REMOTE","DNS/AAAA","1785493225999748","1"
"global","ipv6","dns","ipv4.singapore.test-ipv6.com","hmac-sha256:86aa651de8682bf32a5d0c60a5901a7d","IPv4","dns[3]:route","","VPN","REMOTE","DNS/A","1785493225999748","1"
"global","ipv6","route","ipv4.singapore.test-ipv6.com","hmac-sha256:86aa651de8682bf32a5d0c60a5901a7d","IPv4","final","","VPN","REMOTE","TLS/TCP","1785493225999748","1"
"global","ipv6","dns","ipv4.lookup.test-ipv6.com","hmac-sha256:97b93d986255755077820489da206813","IPv4","dns[3]:route","","VPN","REMOTE","DNS/A","1785493225999748","1"
"global","ipv6","dns","ipv6.singapore.test-ipv6.com","","","dns[3]:route","","VPN","REMOTE","DNS/HTTPS","1785493225999748","1"
"global","ipv6","dns","ipv4.lookup.test-ipv6.com","","","dns[3]:route","","VPN","REMOTE","DNS/AAAA","1785493225999748","1"
"global","ipv6","route","ipv6.lookup.test-ipv6.com","hmac-sha256:00f133ddaf46021098730f24cf794854","IPv6","final","","VPN","REMOTE","TLS/TCP","1785493225999748","2"
"global","ipv6","dns","ipv4.lookup.test-ipv6.com","","","dns[3]:route","","VPN","REMOTE","DNS/HTTPS","1785493225999748","1"
"global","ipv6","dns","ipv6.singapore.test-ipv6.com","hmac-sha256:e5d2619bf31bf04fe52da1f723782d67","IPv6","dns[3]:route","","VPN","REMOTE","DNS/AAAA","1785493225999748","1"
"global","ipv6","dns","ipv6.lookup.test-ipv6.com","","","dns[3]:route","","VPN","REMOTE","DNS/HTTPS","1785493225999748","1"
"global","ipv6","dns","mtu1280.singapore.test-ipv6.com","hmac-sha256:4094a81ff21a5f17059d289b8084dfc1","IPv6","dns[3]:route","","VPN","REMOTE","DNS/AAAA","1785493225999748","1"
"global","ipv6","route","ipv4.lookup.test-ipv6.com","hmac-sha256:97b93d986255755077820489da206813","IPv4","final","","VPN","REMOTE","TLS/TCP","1785493225999748","1"
"global","ipv6","dns","mtu1280.singapore.test-ipv6.com","","","dns[3]:route","","VPN","REMOTE","DNS/A","1785493225999748","1"
"global","ipv6","dns","ds.v6ns.singapore.test-ipv6.com","hmac-sha256:86aa651de8682bf32a5d0c60a5901a7d","IPv4","dns[3]:route","","VPN","REMOTE","DNS/A","1785493225999748","1"
"global","ipv6","dns","ipv6.singapore.test-ipv6.com","","","dns[3]:route","","VPN","REMOTE","DNS/A","1785493225999748","1"
"global","ipv6","dns","ds.v6ns.singapore.test-ipv6.com","","","dns[3]:route","","VPN","REMOTE","DNS/HTTPS","1785493225999748","1"
"global","ipv6","route","ipv6.singapore.test-ipv6.com","hmac-sha256:e5d2619bf31bf04fe52da1f723782d67","IPv6","final","","VPN","REMOTE","TLS/TCP","1785493225999748","4"
"global","ipv6","dns","ds.v6ns.singapore.test-ipv6.com","hmac-sha256:e5d2619bf31bf04fe52da1f723782d67","IPv6","dns[3]:route","","VPN","REMOTE","DNS/AAAA","1785493225999748","1"
"global","ipv6","dns","mtu1280.singapore.test-ipv6.com","","","dns[3]:route","","VPN","REMOTE","DNS/HTTPS","1785493225999748","1"
"global","ipv6","dns","ds.singapore.test-ipv6.com","","","dns[3]:route","","VPN","REMOTE","DNS/HTTPS","1785493225999748","1"
"global","ipv6","dns","ds.singapore.test-ipv6.com","hmac-sha256:86aa651de8682bf32a5d0c60a5901a7d","IPv4","dns[3]:route","","VPN","REMOTE","DNS/A","1785493225999748","1"
"global","ipv6","route","mtu1280.singapore.test-ipv6.com","hmac-sha256:4094a81ff21a5f17059d289b8084dfc1","IPv6","final","","VPN","REMOTE","TLS/TCP","1785493225999748","4"
"global","ipv6","route","ds.v6ns.singapore.test-ipv6.com","hmac-sha256:e5d2619bf31bf04fe52da1f723782d67","IPv6","final","","VPN","REMOTE","TLS/TCP","1785493225999748","4"
"global","ipv6","dns","ds.singapore.test-ipv6.com","hmac-sha256:e5d2619bf31bf04fe52da1f723782d67","IPv6","dns[3]:route","","VPN","REMOTE","DNS/AAAA","1785493225999748","1"
"global","ipv6","route","ds.singapore.test-ipv6.com","hmac-sha256:e5d2619bf31bf04fe52da1f723782d67","IPv6","final","","VPN","REMOTE","TLS/TCP","1785493225999748","8"
"global","dns_region","dns","browserleaks.com","","","dns[3]:route","","VPN","REMOTE","DNS/HTTPS","1785493225999748","1"
"global","dns_region","dns","browserleaks.com","","","dns[3]:route","","VPN","REMOTE","DNS/AAAA","1785493225999748","2"
"global","dns_region","dns","browserleaks.com","hmac-sha256:d6c042b6121b7ed38ce54991c262f74b","IPv4","dns[3]:route","","VPN","REMOTE","DNS/A","1785493225999748","2"
"global","dns_region","route","browserleaks.com","hmac-sha256:d6c042b6121b7ed38ce54991c262f74b","IPv4","final","","VPN","REMOTE","TLS/TCP","1785493225999748","51"
"global","webrtc","dns","browserleaks.com","","","dns[3]:route","","VPN","REMOTE","DNS/AAAA","1785493225999748","2"
"global","webrtc","dns","browserleaks.com","","","dns[3]:route","","VPN","REMOTE","DNS/HTTPS","1785493225999748","1"
"global","webrtc","dns","browserleaks.com","hmac-sha256:d6c042b6121b7ed38ce54991c262f74b","IPv4","dns[3]:route","","VPN","REMOTE","DNS/A","1785493225999748","2"
"global","webrtc","route","browserleaks.com","hmac-sha256:d6c042b6121b7ed38ce54991c262f74b","IPv4","final","","VPN","REMOTE","TLS/TCP","1785493225999748","1"
"global","browser_consistency","dns","browserleaks.com","","","dns[3]:route","","VPN","REMOTE","DNS/HTTPS","1785493225999748","1"
"global","browser_consistency","dns","browserleaks.com","hmac-sha256:d6c042b6121b7ed38ce54991c262f74b","IPv4","dns[3]:route","","VPN","REMOTE","DNS/A","1785493225999748","2"
"global","browser_consistency","dns","browserleaks.com","","","dns[3]:route","","VPN","REMOTE","DNS/AAAA","1785493225999748","2"
"global","browser_consistency","route","browserleaks.com","hmac-sha256:d6c042b6121b7ed38ce54991c262f74b","IPv4","final","","VPN","REMOTE","TLS/TCP","1785493225999748","1"
"global","su_suffix","dns","ext.clickstream.sberbank.ru","","","dns[2]:predefined","ru-adlist-hardcoded,geosite-ads,geosite-malware,geosite-phishing,geosite-cryptominers","BLOCK","BLOCK","DNS/AAAA","1785483079407005","6"
"global","su_suffix","dns","ext.clickstream.sberbank.ru","","","dns[2]:predefined","ru-adlist-hardcoded,geosite-ads,geosite-malware,geosite-phishing,geosite-cryptominers","BLOCK","BLOCK","DNS/A","1785483079407005","6"
"global","su_suffix","dns","ripn.su","hmac-sha256:4aa081dea5b58789cb4700efb28f88fe","IPv4","dns[3]:route","","VPN","REMOTE","DNS/A","1785483079407005","1"
"global","su_suffix","dns","ripn.su","","","dns[3]:route","","VPN","REMOTE","DNS/AAAA","1785483079407005","1"
"global","su_suffix","route","ripn.su","hmac-sha256:4aa081dea5b58789cb4700efb28f88fe","IPv4","final","","VPN","REMOTE","TLS/TCP","1785483079407005","1"
"global","su_suffix","dns","mc.yandex.ru","","","dns[2]:predefined","ru-adlist-hardcoded,geosite-ads,geosite-malware,geosite-phishing,geosite-cryptominers","BLOCK","BLOCK","DNS/AAAA","1785483079407005","12"
"global","su_suffix","dns","mc.yandex.ru","","","dns[2]:predefined","ru-adlist-hardcoded,geosite-ads,geosite-malware,geosite-phishing,geosite-cryptominers","BLOCK","BLOCK","DNS/A","1785483079407005","12"
"global","su_suffix","dns","captcha-api.yandex.ru","hmac-sha256:a961e8989d8fe920359efa851545b589","IPv6","dns[3]:route","","VPN","REMOTE","DNS/AAAA","1785483079407005","1"
"global","su_suffix","dns","captcha-api.yandex.ru","hmac-sha256:9e157f043b52e9827bcbb57042abc881","IPv4","dns[3]:route","","VPN","REMOTE","DNS/A","1785483079407005","1"
"global","su_suffix","route","captcha-api.yandex.ru","hmac-sha256:a961e8989d8fe920359efa851545b589","IPv6","final","","VPN","REMOTE","TLS/TCP","1785483079407005","2"
"global","rf_suffix","dns","ext.clickstream.sberbank.ru","","","dns[2]:predefined","ru-adlist-hardcoded,geosite-ads,geosite-malware,geosite-phishing,geosite-cryptominers","BLOCK","BLOCK","DNS/AAAA","1785483079407005","6"
"global","rf_suffix","dns","ext.clickstream.sberbank.ru","","","dns[2]:predefined","ru-adlist-hardcoded,geosite-ads,geosite-malware,geosite-phishing,geosite-cryptominers","BLOCK","BLOCK","DNS/A","1785483079407005","6"
"global","rf_suffix","dns","xn--80aa3ak5a.xn--p1ai","","","dns[3]:route","","VPN","REMOTE","DNS/AAAA","1785483079407005","1"
"global","rf_suffix","dns","xn--80aa3ak5a.xn--p1ai","hmac-sha256:b835aa181841c119191bbf2da53e580c","IPv4","dns[3]:route","","VPN","REMOTE","DNS/A","1785483079407005","1"
"global","rf_suffix","route","xn--80aa3ak5a.xn--p1ai","hmac-sha256:b835aa181841c119191bbf2da53e580c","IPv4","final","","VPN","REMOTE","TLS/TCP","1785483079407005","1"
"global","rf_suffix","dns","top-fwz1.mail.ru","","","dns[2]:predefined","ru-adlist-hardcoded,geosite-ads,geosite-malware,geosite-phishing,geosite-cryptominers","BLOCK","BLOCK","DNS/A","1785483079407005","14"
"global","rf_suffix","dns","top-fwz1.mail.ru","","","dns[2]:predefined","ru-adlist-hardcoded,geosite-ads,geosite-malware,geosite-phishing,geosite-cryptominers","BLOCK","BLOCK","DNS/AAAA","1785483079407005","14"
"global","rf_suffix","dns","mc.yandex.ru","","","dns[2]:predefined","ru-adlist-hardcoded,geosite-ads,geosite-malware,geosite-phishing,geosite-cryptominers","BLOCK","BLOCK","DNS/AAAA","1785483079407005","16"
"global","rf_suffix","dns","mc.yandex.ru","","","dns[2]:predefined","ru-adlist-hardcoded,geosite-ads,geosite-malware,geosite-phishing,geosite-cryptominers","BLOCK","BLOCK","DNS/A","1785483079407005","16"
